,max,min,avg,median,count
0,0.45502635403600433,0.007080484605079768,0.18856066838612978,0.18111068745785808,49
1,0.6640867839101229,0.0037561461692754514,0.22015236013438985,0.19773542653345622,90
2,0.64774481005855,0.007587315517044991,0.21066495250477765,0.20511138409042526,133
3,0.0,0.0,0.0,0.0,0
4,0.0,0.0,0.0,0.0,0
