,max,min,avg,median,count
0,0.8666534878921942,0.015705107403233706,0.4492622750885736,0.5512651286997554,28
1,0.9108655736112683,0.006581266905262815,0.4689495803959108,0.48935985303438645,92
2,0.896765950540245,0.00862810093758742,0.43009899828517284,0.48456186172730265,137
3,0.0,0.0,0.0,0.0,0
4,0.0,0.0,0.0,0.0,0
