,max,min,avg,median,count
0,0.869729907454338,0.018449986929954164,0.40471939520751476,0.3981099643606164,44
1,0.8758654121892946,0.006475672421226651,0.3349603668449562,0.3104088629962519,129
2,0.8767420051768205,0.002906446661730671,0.33943582470697004,0.3338118941963273,86
3,0.0,0.0,0.0,0.0,0
4,0.0,0.0,0.0,0.0,0
