,max,min,avg,median,count
0,0.7491504205131816,9.723518973311117e-05,0.3501409144332977,0.37772711078258897,43
1,0.8737222456742754,0.0022935767923693466,0.42205465841196366,0.40755692657111037,117
2,0.8782685736700239,0.005520833193269165,0.40334585389962335,0.4179912829400455,99
3,0.0,0.0,0.0,0.0,0
4,0.0,0.0,0.0,0.0,0
