,max,min,avg,median,count
0,0.824872030993918,0.01609680507893422,0.40487168793738365,0.3497229861202683,40
1,0.8322763888485649,0.01067575952458062,0.4267682225033721,0.4494260088586913,95
2,0.8303517202399171,0.0023558655962066465,0.4196387602971869,0.4292265093744282,123
3,0.4061962028745401,0.4061962028745401,0.4061962028745401,0.4061962028745401,1
4,0.0,0.0,0.0,0.0,0
