,max,min,avg,median,count
0,0.86734315126651,0.02293223789022308,0.43316405076607306,0.4234093364701016,42
1,0.8285429188122914,0.003583926525000805,0.4868326826238878,0.5642856072790996,64
2,0.8218142753934432,0.014968520865096119,0.4536124613745718,0.48630411978820287,151
3,0.0,0.0,0.0,0.0,0
4,0.0,0.0,0.0,0.0,0
