,max,min,avg,median,count
0,0.8615684002738927,0.03074428715804466,0.4759554761071984,0.5383125301373684,26
1,0.9249052853780066,0.0014998801579270652,0.5463457397294859,0.611368276546623,101
2,0.9417374088459721,0.001067467365271328,0.5632179061866469,0.5914939039584545,130
3,0.0,0.0,0.0,0.0,0
4,0.0,0.0,0.0,0.0,0
