,max,min,avg,median,count
0,0.7404277041970647,0.007317414601934464,0.3258148117322709,0.3149769649923461,39
1,0.8287346253928366,0.0063276970508326915,0.31646360090300196,0.2915685339947057,101
2,0.8224742375731973,0.0013244063602638801,0.30936230886501664,0.27578514685723354,124
3,0.7234901665389918,0.07704388656089431,0.40026702654994306,0.40026702654994306,2
4,0.0,0.0,0.0,0.0,0
