,max,min,avg,median,count
0,0.6518845411634268,0.005250458764692751,0.23177796119056965,0.18631759255224878,38
1,0.6222966405962053,0.0007287641567758103,0.21370344053893042,0.20623180322910684,84
2,0.6392132841254187,0.0020272806755259054,0.2028238240517833,0.19064019381031377,136
3,0.0,0.0,0.0,0.0,0
4,0.0,0.0,0.0,0.0,0
