,max,min,avg,median,count
0,0.9423553393920941,0.042802390955824915,0.5662440897703613,0.5908959136600281,21
1,0.9338896903613539,0.10948875638452885,0.5688941567431836,0.6395152901125295,43
2,0.9393784633599245,0.00792790406240962,0.5570314608690817,0.6255028969685071,199
3,0.0,0.0,0.0,0.0,0
4,0.0,0.0,0.0,0.0,0
