,max,min,avg,median,count
0,0.6437582131981333,0.005250069272690367,0.2853032512138988,0.2791407680723147,22
1,0.6919689006374803,0.0038984418592483807,0.3030604403779545,0.28802028385098305,99
2,0.6680700346861627,0.003897151194991941,0.29608225969994106,0.29480785743709115,138
3,0.0,0.0,0.0,0.0,0
4,0.0,0.0,0.0,0.0,0
