,max,min,avg,median,count
0,0.7529894065486591,0.0010671593118034954,0.4315036150982684,0.41981572506997694,35
1,0.7378856217969392,0.011546850173262796,0.4234014133803336,0.47925594812864736,66
2,0.8166865800649438,0.002286987200232682,0.3972401242049111,0.40065633607318074,159
3,0.0,0.0,0.0,0.0,0
4,0.0,0.0,0.0,0.0,0
