,max,min,avg,median,count
0,0.929750861739434,0.037288834252908507,0.5384095639407958,0.5878226385818716,41
1,0.9344500772927198,0.03639396626044519,0.5764249266754206,0.6331040639732429,135
2,0.9197523944621456,0.04779219855383989,0.5451842562627343,0.5414501159558194,98
3,0.0,0.0,0.0,0.0,0
4,0.0,0.0,0.0,0.0,0
