,max,min,avg,median,count
0,0.8707580149471085,0.027337822646712695,0.5519792498039525,0.6677187386345358,44
1,0.9516885361743604,0.02881181488511156,0.5840683826970625,0.6431878721410766,66
2,0.9395685177614331,0.014412190598696514,0.5823916553799136,0.6292682032140359,150
3,0.0,0.0,0.0,0.0,0
4,0.0,0.0,0.0,0.0,0
