,max,min,avg,median,count
0,0.5839855151589485,0.020109065567331507,0.3212896731037162,0.34810083506443273,25
1,0.6216115037963474,0.0034650213115885193,0.34161352521808946,0.386014920488287,150
2,0.633059804382663,0.011533635596078872,0.31810030102278697,0.3156703850686926,90
3,0.0,0.0,0.0,0.0,0
4,0.0,0.0,0.0,0.0,0
