,max,min,avg,median,count
0,0.6710947229649942,0.015252084433208718,0.28360938461304236,0.250427484681045,39
1,0.6031222927506718,0.0026541886271655313,0.2818781795439229,0.31808324977031316,72
2,0.6412190635696614,0.005349956863820661,0.3349590635163464,0.3458584527355727,148
3,0.6356049339369514,0.05052647781345065,0.343065705875201,0.343065705875201,2
4,0.0,0.0,0.0,0.0,0
