,max,min,avg,median,count
0,0.8691058708182654,0.12352552709859618,0.49353351340778595,0.5678262097889053,29
1,0.8167004118258545,0.006347625653386233,0.326944426457247,0.3082753108518237,138
2,0.7793499841012198,1.3907774026172044e-06,0.31926026709312144,0.29048672334492187,95
3,0.0,0.0,0.0,0.0,0
4,0.0,0.0,0.0,0.0,0
