,max,min,avg,median,count
0,0.4252849987988486,0.007008747439761452,0.1940454016490139,0.1793680257648583,35
1,0.6932530554931173,0.0025233246529315577,0.14631973394396236,0.11527955642769075,98
2,0.542548568048029,0.0010133599288343043,0.16786432540451549,0.1363395781067788,143
3,0.0,0.0,0.0,0.0,0
4,0.0,0.0,0.0,0.0,0
