,max,min,avg,median,count
0,0.4261944660183231,0.002357359922568696,0.17518575496856753,0.1631213806138111,32
1,0.5638158617706994,0.002936528767176757,0.15854057410201833,0.14001162280330576,87
2,0.45553409393801675,0.009909756699743798,0.16084747555256224,0.1603040274992942,171
3,0.0,0.0,0.0,0.0,0
4,0.0,0.0,0.0,0.0,0
