,max,min,avg,median,count
0,0.7805291432366499,0.027261026064510432,0.49385440688986476,0.5592703329156096,45
1,0.8462311702702596,0.033109185881336434,0.5012887689755975,0.5358116779619201,96
2,0.8477747147832848,0.008915390552618977,0.4749098019253491,0.5264915047434653,130
3,0.0,0.0,0.0,0.0,0
4,0.0,0.0,0.0,0.0,0
