,max,min,avg,median,count
0,0.47427306493954763,0.0022261855152145593,0.20588533924303457,0.19685817209450465,45
1,0.4864734982750079,0.0001758934104845334,0.21873776923287033,0.21769670702857327,74
2,0.510821407147441,0.010623577465654021,0.2224486641345693,0.20817731205778006,148
3,0.0,0.0,0.0,0.0,0
4,0.0,0.0,0.0,0.0,0
