,max,min,avg,median,count
0,0.6751513075917572,0.03956943152242285,0.4034178857647785,0.3969546864983326,44
1,0.6748955220628216,0.011313662873045194,0.3969834803780798,0.4196636194315522,68
2,0.7344060748923187,0.0005721666790787105,0.3506639435970111,0.37659308893313026,151
3,0.0,0.0,0.0,0.0,0
4,0.0,0.0,0.0,0.0,0
