,max,min,avg,median,count
0,0.8966784041754082,0.0035991477518193277,0.5708997017629518,0.661938900594714,23
1,0.9215925112735422,0.00698631716912059,0.546914154856134,0.6089627227722656,106
2,0.9450069253574939,0.0038754048293609864,0.5409129904548384,0.5943199657066693,126
3,0.0,0.0,0.0,0.0,0
4,0.0,0.0,0.0,0.0,0
