,max,min,avg,median,count
0,0.9346881412486375,0.05459882746073115,0.47128340863965806,0.45092478639123457,34
1,0.9191172453740102,0.013778160243513653,0.48571523171321257,0.49380096774503013,78
2,0.927158090569099,0.011324555880749716,0.5069241833685528,0.5212118674919191,292
3,0.0,0.0,0.0,0.0,0
4,0.0,0.0,0.0,0.0,0
