,max,min,avg,median,count
0,0.9545622442809317,0.05842110464283493,0.7133633315211552,0.7769052129350206,22
1,0.9071508477605505,0.0135821635346559,0.5166789812429206,0.5614063387969501,75
2,0.9465564072277546,0.00363215755211324,0.5603692290073491,0.6090531786001098,163
3,0.0,0.0,0.0,0.0,0
4,0.0,0.0,0.0,0.0,0
