,max,min,avg,median,count
0,0.83618535915455,0.007263259797483676,0.3779546060778523,0.3634450010879908,52
1,0.824209516120267,0.004679938518392858,0.3915485960683695,0.4128663228068509,101
2,0.9102189105589822,0.001003652076179788,0.39099565079548865,0.39395249551003225,409
3,0.0,0.0,0.0,0.0,0
4,0.0,0.0,0.0,0.0,0
