,max,min,avg,median,count
0,0.8702236941993924,0.04896955306831232,0.40796238092151904,0.4014941155958746,44
1,0.8872106274349738,0.008757914207742329,0.4244852302094569,0.4329910651890524,117
2,0.8945454676941171,0.01830491205345287,0.39824774875302255,0.3874817847049517,111
3,0.0,0.0,0.0,0.0,0
4,0.0,0.0,0.0,0.0,0
