,max,min,avg,median,count
0,0.9245892737175248,0.0332795214279475,0.5181459426789365,0.6067557912490591,39
1,0.9416737516694882,0.028037393475628468,0.5038039028557438,0.5588229612413463,71
2,0.9565837751687667,0.0025097924559898286,0.5165481135855127,0.5482598841688755,150
3,0.7336464907786246,0.5902486846462014,0.661947587712413,0.661947587712413,2
4,0.0,0.0,0.0,0.0,0
