,max,min,avg,median,count
0,0.6997213983142411,0.03882772607884403,0.39038014446252656,0.4499126430231002,22
1,0.7778901310245078,0.007480955714600593,0.4146716772934435,0.4239556990454715,80
2,0.8104261182609794,0.009399150689524403,0.37988171231937057,0.39048103792549693,157
3,0.0,0.0,0.0,0.0,0
4,0.0,0.0,0.0,0.0,0
