,max,min,avg,median,count
0,0.5939487340666492,0.019515098240434854,0.32958944898343967,0.35829700143575743,25
1,0.7689559445175577,0.0031746299317113465,0.3607983650363999,0.3666545171738995,53
2,0.7325824888568739,0.005855507410942863,0.3855381910036572,0.41281423029411835,196
3,0.0,0.0,0.0,0.0,0
4,0.0,0.0,0.0,0.0,0
