,max,min,avg,median,count
0,0.6708528185235031,0.0221166032050189,0.33398130422450806,0.3852012628800834,31
1,0.7287282731196209,0.02520889595673401,0.3764333987130077,0.36946544866615805,104
2,0.7786494680822723,0.008400993427268343,0.350408984844399,0.342655422257385,132
3,0.0,0.0,0.0,0.0,0
4,0.0,0.0,0.0,0.0,0
