,max,min,avg,median,count
0,0.4585208367107133,0.004414667663501961,0.22643803074927416,0.24208504081787174,42
1,0.35563902655241514,0.000848446892428234,0.14537469636730438,0.138227411392836,76
2,0.6187025946713324,0.0013417632172174393,0.16461118213850157,0.1502063483422648,141
3,0.0,0.0,0.0,0.0,0
4,0.0,0.0,0.0,0.0,0
