,max,min,avg,median,count
0,0.906780509624674,0.0013694107800319313,0.5213415806561098,0.5398268956731784,42
1,0.9290309788686474,0.015512429696509749,0.5537949119719957,0.6135200509912018,66
2,0.9444386070483578,0.0010683558603866434,0.5393426481315737,0.5872438878771078,152
3,0.0,0.0,0.0,0.0,0
4,0.0,0.0,0.0,0.0,0
