,max,min,avg,median,count
0,0.7524039024380774,0.015728054000883944,0.24148841542568797,0.16409219188508,44
1,0.7200243304960721,0.0015026728444358217,0.22195107745007098,0.14218578478341387,69
2,0.7085229604328122,0.0009064844752419431,0.22343135812159848,0.17235181206881878,160
3,0.0,0.0,0.0,0.0,0
4,0.0,0.0,0.0,0.0,0
