,max,min,avg,median,count
0,0.9259257639993637,0.017968323252890824,0.47284704232043717,0.4757423279799803,51
1,0.8658990736920479,0.0018057477925414911,0.3990167476509343,0.40121782201788836,106
2,0.8493204444817761,0.0016786410194204314,0.4146313980758194,0.42104258783902976,101
3,0.0,0.0,0.0,0.0,0
4,0.0,0.0,0.0,0.0,0
