,max,min,avg,median,count
0,0.7089449402824772,0.014384669662707994,0.33304895921564553,0.2669259465173707,33
1,0.8176858845968015,0.0052697841690732845,0.21018032326468808,0.17385110652478372,139
2,0.7966359030061263,0.002153212072632326,0.20080553776983048,0.18019650168572515,111
3,0.0,0.0,0.0,0.0,0
4,0.0,0.0,0.0,0.0,0
