,max,min,avg,median,count
0,0.8495637719951051,0.013656296614564842,0.60202950652145,0.6407435613275753,35
1,0.8796303634010948,0.012424764050448204,0.5223330360137436,0.5896000524717276,125
2,0.9028451167255194,0.0007753165233749327,0.5893862711779245,0.6355074090816437,267
3,0.0,0.0,0.0,0.0,0
4,0.0,0.0,0.0,0.0,0
