,max,min,avg,median,count
0,0.6070347084448422,0.010647720228332583,0.3295638141504235,0.352930395349029,50
1,0.5819053186379455,0.005291969083394524,0.34054054070162837,0.364830448962971,114
2,0.6251751345882371,0.0036945455362454743,0.3260524498178118,0.3623766488718584,134
3,0.0,0.0,0.0,0.0,0
4,0.0,0.0,0.0,0.0,0
