,max,min,avg,median,count
0,0.9360783422227676,0.14011131489891182,0.6137552367582747,0.7212688082173102,22
1,0.9361594644045186,0.07150451325780986,0.5091960776272735,0.489242382834717,53
2,0.938677366417687,0.0034643946572027397,0.5205579298918517,0.5516902811863966,187
3,0.0,0.0,0.0,0.0,0
4,0.0,0.0,0.0,0.0,0
