,max,min,avg,median,count
0,0.7993626458446815,0.0960483685078816,0.4750097368477696,0.5508043045266726,42
1,0.8607716895641147,0.009484301990066115,0.4326745968318974,0.4419994310030775,64
2,0.871246906528685,0.0020225667109785347,0.42955680170276517,0.43806186451401063,150
3,0.0,0.0,0.0,0.0,0
4,0.0,0.0,0.0,0.0,0
