,max,min,avg,median,count
0,0.7743929097050456,0.0025803498794398486,0.28999285044759754,0.23690586559833204,45
1,0.7596356181190429,0.00897939779953024,0.2707026695040598,0.2650696344216052,90
2,0.8383560675483642,0.0006296960966781803,0.3321541600759331,0.3173671409701976,206
3,0.0,0.0,0.0,0.0,0
4,0.0,0.0,0.0,0.0,0
