,max,min,avg,median,count
0,0.17317019644385587,0.006486370351329611,0.07569399479134772,0.07731253547315786,46
1,0.14406513389793063,0.00108199890130492,0.05327207216927372,0.05199814447532031,67
2,0.16563946489009718,0.00011115972082831744,0.05524478907788889,0.04738249024837017,158
3,0.0,0.0,0.0,0.0,0
4,0.0,0.0,0.0,0.0,0
