,max,min,avg,median,count
0,0.9070402821780462,0.03175841879387819,0.5633624947383995,0.6898504061473352,34
1,0.9355435650941225,0.012466744358864145,0.6463339606338788,0.7312814210682974,161
2,0.9349095768132102,0.006750052146414637,0.5489822389557024,0.6383483443067913,91
3,0.0,0.0,0.0,0.0,0
4,0.0,0.0,0.0,0.0,0
