,max,min,avg,median,count
0,0.8949072979940413,0.11112121485262844,0.6416108100755281,0.7219644836065346,28
1,0.8662272004211716,0.001062723905839409,0.46955290128328264,0.5004128776224226,162
2,0.8329818647477734,0.01357208259638287,0.5039526187746427,0.5253505886083634,68
3,0.0,0.0,0.0,0.0,0
4,0.0,0.0,0.0,0.0,0
