,max,min,avg,median,count
0,0.9012293479327133,0.03123199259892846,0.5300127086934447,0.5564199884592227,22
1,0.934190273778257,0.01432524492134441,0.5323194109410576,0.5554961444192285,100
2,0.921185183397608,0.004608234846532337,0.5427036856916386,0.600365878386879,140
3,0.0,0.0,0.0,0.0,0
4,0.0,0.0,0.0,0.0,0
