,max,min,avg,median,count
0,0.6021458916030026,0.004826012514298387,0.173657364313221,0.1216554274206432,42
1,0.6123662376893368,0.00034211020508057504,0.17614802178802078,0.13952618503036823,101
2,0.5793980300608831,0.000742050179787514,0.19762204621011917,0.1646293604260995,116
3,0.0,0.0,0.0,0.0,0
4,0.0,0.0,0.0,0.0,0
