,max,min,avg,median,count
0,0.8532882066699354,0.0027137708245698914,0.4494758625533137,0.46981173931758663,29
1,0.9128637456889075,0.003908411753821332,0.514825425095984,0.5758402572522188,148
2,0.9295770145623277,0.0020924210092870895,0.49259028818914213,0.5507197877277454,93
3,0.0,0.0,0.0,0.0,0
4,0.0,0.0,0.0,0.0,0
