,max,min,avg,median,count
0,0.8950326184737266,0.006591992135640151,0.32228255436271175,0.2330263063270551,7
1,0.8918044973652689,0.04685232769301935,0.5697379468342324,0.6463114432904444,72
2,0.9242496345149517,0.026832056695163236,0.5104374675912196,0.5656615956326011,175
3,0.7038917382632368,0.29581442262266855,0.4998530804429527,0.4998530804429527,2
4,0.0,0.0,0.0,0.0,0
