,max,min,avg,median,count
0,0.9118189791075655,0.0033574558849634936,0.514257793021755,0.5429400615897739,35
1,0.924499395615924,0.0022729867610390996,0.6185303008042274,0.6970966659828951,66
2,0.9195280411794863,0.004898033470931827,0.5445785833280999,0.6146036597280267,158
3,0.0,0.0,0.0,0.0,0
4,0.0,0.0,0.0,0.0,0
