,max,min,avg,median,count
0,0.8511176602181887,0.08298236071980371,0.5815958186222838,0.6510242740601371,23
1,0.8236296916798507,0.010735894454438991,0.45513094622133,0.5117267497266007,54
2,0.8695123233422716,0.001987164034879154,0.4820962233755834,0.5252752197969588,192
3,0.0,0.0,0.0,0.0,0
4,0.0,0.0,0.0,0.0,0
