,max,min,avg,median,count
0,0.19884066402630562,0.005606158881307725,0.10226004360983112,0.09238062337877562,16
1,0.4517173845390512,0.0031964682128577016,0.10909869573779174,0.09561951454556085,129
2,0.3163937490260292,0.0003903102273229691,0.1088459567181311,0.10941245204685406,207
3,0.0849968554543446,0.028921144975024366,0.06458396566617489,0.07220893111766528,4
4,0.0,0.0,0.0,0.0,0
