,max,min,avg,median,count
0,0.7735344244020612,0.015620904716790432,0.47040044526799385,0.5287714029331596,45
1,0.8079157825845635,0.021503684934898425,0.4685230864181304,0.5200150339437272,104
2,0.7805693634817131,0.030292624543957754,0.47533370354826354,0.4910086414714909,122
3,0.0,0.0,0.0,0.0,0
4,0.0,0.0,0.0,0.0,0
