,max,min,avg,median,count
0,0.9259257639993637,0.0185032071412416,0.3917265712755738,0.38550434772204556,52
1,0.806540015965439,0.008566916677703956,0.3340640949041809,0.3084536013366768,104
2,0.7540567752607311,0.0025761106940374954,0.3208748638810372,0.29973642740653605,100
3,0.0,0.0,0.0,0.0,0
4,0.0,0.0,0.0,0.0,0
