,max,min,avg,median,count
0,0.8451552309936339,0.010414918317152824,0.41360907010752807,0.40997101975542016,42
1,0.860900196771419,0.0033340053167582695,0.42794761271056214,0.452689378444612,67
2,0.850837278721935,0.011965543853434275,0.45196121163065683,0.4675616089957609,156
3,0.0,0.0,0.0,0.0,0
4,0.0,0.0,0.0,0.0,0
