,max,min,avg,median,count
0,0.6063252582806065,0.04271709304892216,0.3459489420623356,0.3143215300132212,25
1,0.6090978637521565,0.0038016628679849525,0.3229938209851118,0.3515057240787962,109
2,0.5958600942361965,0.005001499217155634,0.3062522994703273,0.31338026783319983,139
3,0.0,0.0,0.0,0.0,0
4,0.0,0.0,0.0,0.0,0
