,max,min,avg,median,count
0,0.8428550784449964,0.018449986929954164,0.5160897456935549,0.5553938131236944,42
1,0.8612364159700531,0.02140007840084481,0.5200854257242101,0.5882803424288494,65
2,0.8406182099831772,0.0018743467713486957,0.46446394124104645,0.4850939543067365,150
3,0.0,0.0,0.0,0.0,0
4,0.0,0.0,0.0,0.0,0
