,max,min,avg,median,count
0,0.803652489704798,0.034314480246525496,0.42283036867153495,0.47467862218171125,44
1,0.8862617023638573,0.0056296736006417785,0.44189378054279715,0.48481863813447235,139
2,0.8382513159724856,0.015897600373564698,0.42472290682026453,0.4295239453499684,78
3,0.0,0.0,0.0,0.0,0
4,0.0,0.0,0.0,0.0,0
