,max,min,avg,median,count
0,0.9789057106300165,0.16364861814182186,0.7669644452126076,0.8453721401840977,56
1,0.9689487899659195,0.009122196967415452,0.6615404130053146,0.7851481547178119,152
2,0.983072972064117,0.002797838942748475,0.6385996224538715,0.7407872760095429,160
3,0.0,0.0,0.0,0.0,0
4,0.0,0.0,0.0,0.0,0
