,max,min,avg,median,count
0,0.8675821630552283,0.012139033601244898,0.5596653955996769,0.5968848474141628,50
1,0.8874266900216138,0.006896825754205016,0.5209757756551752,0.5758139101495878,185
2,0.9044193941043478,0.027549430250773315,0.5375050535257673,0.5975175488885733,62
3,0.0,0.0,0.0,0.0,0
4,0.0,0.0,0.0,0.0,0
