,max,min,avg,median,count
0,0.9342291415124577,0.07192924223986598,0.587478929381981,0.6177119730952039,49
1,0.9522162692365583,0.022018005462038963,0.5925551182858586,0.6594531592399568,81
2,0.9428502517383243,0.004014046320872581,0.5528323581450059,0.6052188222268471,175
3,0.0,0.0,0.0,0.0,0
4,0.0,0.0,0.0,0.0,0
