,max,min,avg,median,count
0,0.6024821713030629,0.0010166866582690171,0.2644098054585202,0.2854084003717742,31
1,0.6250902368200172,0.001635897339361385,0.24982056779787243,0.25234269162704154,112
2,0.5810312733186409,0.0028707560478868225,0.2514447581587272,0.250899576133186,127
3,0.0,0.0,0.0,0.0,0
4,0.0,0.0,0.0,0.0,0
