,max,min,avg,median,count
0,0.8841529307357283,0.0013355389113106062,0.20734655759882642,0.10793302782758929,49
1,0.8654997868480645,0.0005330826929947171,0.20679919231616908,0.14834032000079808,115
2,0.8689437915897481,0.00010266028318328789,0.19794614050817974,0.1497782730178965,143
3,0.0,0.0,0.0,0.0,0
4,0.0,0.0,0.0,0.0,0
