,max,min,avg,median,count
0,0.865007469346117,9.723518973311115e-05,0.4064069894982584,0.42253782641952126,43
1,0.8363941383762811,0.003181015445130741,0.3991270461187264,0.43518976656312325,186
2,0.759405771014627,0.010344291122759306,0.38857050306461566,0.4058602177246432,35
3,0.0,0.0,0.0,0.0,0
4,0.0,0.0,0.0,0.0,0
