,max,min,avg,median,count
0,0.5879811484713053,0.023164636370033093,0.2859135628347456,0.320463416886645,43
1,0.6036049684796873,0.0071638985684624274,0.3314310820807875,0.368510195329139,134
2,0.5914608825994025,0.018992447175523283,0.3395442487300785,0.3727443195667021,85
3,0.0,0.0,0.0,0.0,0
4,0.0,0.0,0.0,0.0,0
