,max,min,avg,median,count
0,0.9344370482393222,0.056543164792962834,0.6573898132038671,0.8094587531766981,25
1,0.9246719854403974,0.0008330495159164958,0.5428607609769566,0.6069527305101023,160
2,0.9617087100260868,0.010198513822839159,0.5610671613281379,0.5726930549472314,71
3,0.0,0.0,0.0,0.0,0
4,0.0,0.0,0.0,0.0,0
