,max,min,avg,median,count
0,0.8981842038299649,0.07093883832957268,0.5033960477453208,0.547147166276357,46
1,0.9439612151909603,0.0012317903463960923,0.5189131078703713,0.5668533282869038,125
2,0.9236843458770261,0.03769496530540429,0.5473089679203601,0.6147802002841459,91
3,0.0,0.0,0.0,0.0,0
4,0.0,0.0,0.0,0.0,0
