,max,min,avg,median,count
0,0.838481221964003,0.12263528830493181,0.568955217763086,0.6042578781139034,31
1,0.7888853050977587,0.0020043151353616485,0.3899210997707995,0.3997370258991958,78
2,0.7727999923371679,0.01240122588518126,0.3984627758304751,0.4323380007639906,167
3,0.0,0.0,0.0,0.0,0
4,0.0,0.0,0.0,0.0,0
