,max,min,avg,median,count
0,0.7569887883910319,0.001444084147836172,0.38338104374421295,0.3961765176965394,56
1,0.7596439065641116,0.018910493883823223,0.3946373137051892,0.39556855333364943,83
2,0.801421840773613,0.0015686640922164975,0.39107840630332186,0.3911969682129912,193
3,0.0,0.0,0.0,0.0,0
4,0.0,0.0,0.0,0.0,0
