,max,min,avg,median,count
0,0.8827987923527975,0.015252084433208718,0.40688586311395386,0.4015827406542444,39
1,0.8630816989998805,0.02250017554243341,0.368245032152237,0.3292418021973432,70
2,0.8793249146579114,0.0020115093300240128,0.34495889149555575,0.3503896101948511,147
3,0.621628767777531,0.3147599937019429,0.46819438073973696,0.46819438073973696,2
4,0.0,0.0,0.0,0.0,0
