,max,min,avg,median,count
0,0.9271579412429103,0.007542496548218734,0.43965989741052197,0.465814399052715,47
1,0.8495430779214774,0.0024251286889889127,0.4376684823717204,0.44783797843373474,72
2,0.9488313902423332,0.0033282373780530103,0.449626642589947,0.461861102521995,185
3,0.0,0.0,0.0,0.0,0
4,0.0,0.0,0.0,0.0,0
