,max,min,avg,median,count
0,0.6209943163309309,0.01267771756843518,0.2556560106157816,0.2680358638783773,36
1,0.698947464442945,0.0014109320227266248,0.32609011501847585,0.33279313639968994,68
2,0.8027821594388818,0.004583954052251918,0.31053570427521293,0.2985446368081191,157
3,0.0,0.0,0.0,0.0,0
4,0.0,0.0,0.0,0.0,0
