,max,min,avg,median,count
0,0.8166684721660683,0.033736448985852346,0.4065028646736808,0.3726446047702636,24
1,0.911645995504516,0.028743750645939918,0.4182488969764786,0.3760088154366646,69
2,0.8918556279204206,0.0039056524530815206,0.3460861060584035,0.31859889046057766,178
3,0.5247891916010543,0.5247891916010543,0.5247891916010543,0.5247891916010543,1
4,0.0,0.0,0.0,0.0,0
