,max,min,avg,median,count
0,0.8427944165481077,0.07122660984041088,0.5499091052968009,0.6174842107357671,27
1,0.9637814941732672,0.012252353045091173,0.5345843218036124,0.5510507141357028,188
2,0.938677366417687,0.059318312290953835,0.5844657965239876,0.6772157306284388,45
3,0.0,0.0,0.0,0.0,0
4,0.0,0.0,0.0,0.0,0
