,max,min,avg,median,count
0,0.7731794441808988,0.0668003196713254,0.3966157072151909,0.3719075134132256,26
1,0.8055669869395502,0.013662557521816967,0.44176328039501517,0.4776707482609471,62
2,0.90019445371081,0.006656278030278001,0.4489121317287578,0.49665571022436905,173
3,0.0,0.0,0.0,0.0,0
4,0.0,0.0,0.0,0.0,0
