,max,min,avg,median,count
0,0.7415319501415361,0.11595921799752124,0.5231434248645003,0.5895677780539917,17
1,0.6675142170050603,0.00467225933310316,0.39209824933994814,0.45185139006638964,22
2,0.8366752694729662,0.00010191928042124417,0.39835587818613066,0.40062964184727545,383
3,0.0,0.0,0.0,0.0,0
4,0.0,0.0,0.0,0.0,0
