,max,min,avg,median,count
0,0.8963759557042638,0.004414667663501962,0.4917201712546261,0.5497141905186095,44
1,0.9078563691151113,0.0015642369862933416,0.522262517262192,0.547553299277405,66
2,0.930549261118953,0.01245387160042574,0.5043413377826407,0.5550169944547853,153
3,0.0,0.0,0.0,0.0,0
4,0.0,0.0,0.0,0.0,0
