,max,min,avg,median,count
0,0.5648956879196947,0.0013903397576409625,0.33472658571715985,0.35498323647965857,15
1,0.8586715591443267,0.0005270533625711376,0.28827920490279263,0.2574264843000803,174
2,0.8116560398719808,0.003577338757806357,0.2963450796154694,0.28983812831230804,242
3,0.23795197825565148,0.0016257067814797203,0.06688989427607393,0.013990946033582273,4
4,0.0,0.0,0.0,0.0,0
