,max,min,avg,median,count
0,0.46718483684474715,0.009242884361720093,0.22185824563725118,0.21249020545979588,22
1,0.6122081187544451,0.009129855543286082,0.2507029561518917,0.2439189799606667,80
2,0.7821232382773892,0.0013785247507703885,0.24561061267508572,0.23358029638864927,160
3,0.27554564807844173,0.15916538673857752,0.2173555174085096,0.2173555174085096,2
4,0.0,0.0,0.0,0.0,0
