,max,min,avg,median,count
0,0.8570984370584978,0.056025993778270465,0.5329400084319885,0.5769361573992132,43
1,0.8492006821813439,0.03269026652305662,0.5267789834366552,0.5474400399176214,85
2,0.8771121425624556,0.011456074546592655,0.4717926787873739,0.49003589354951727,137
3,0.0,0.0,0.0,0.0,0
4,0.0,0.0,0.0,0.0,0
