,max,min,avg,median,count
0,0.9234511708708523,0.024171062188642126,0.5230635309947287,0.6221421326949599,38
1,0.9151249160550277,3.243734944295191e-05,0.5362383430712545,0.5708410584634533,132
2,0.8977261291094626,0.021094045250248893,0.4855900008815773,0.4814039531957711,106
3,0.0,0.0,0.0,0.0,0
4,0.0,0.0,0.0,0.0,0
