,max,min,avg,median,count
0,0.6129976834609024,0.014347817949420716,0.29933309103289574,0.28773210922231807,32
1,0.7827433962564215,0.013217858980509844,0.2782128082451758,0.2269315829356663,65
2,0.706999040518408,0.007757031074030218,0.3036352410320659,0.29347398916961587,201
3,0.0,0.0,0.0,0.0,0
4,0.0,0.0,0.0,0.0,0
