,max,min,avg,median,count
0,0.35912018395811923,0.014702835969619753,0.164641326688745,0.14755771867519504,46
1,0.5397995764812467,0.0022830274797539414,0.2121011100978149,0.21724540957996663,93
2,0.46808974176864254,0.002068340030456485,0.2118651460073343,0.22286377462943138,213
3,0.0,0.0,0.0,0.0,0
4,0.0,0.0,0.0,0.0,0
