,max,min,avg,median,count
0,0.9452117498531482,0.0203373504332472,0.5476294598220525,0.5901101282444601,27
1,0.9357411612261484,0.03800268590957229,0.6141603546133906,0.670749851873723,53
2,0.95953292586794,0.004618977662560622,0.5453206566627236,0.6047888906551877,198
3,0.0,0.0,0.0,0.0,0
4,0.0,0.0,0.0,0.0,0
