,max,min,avg,median,count
0,0.525128249858217,0.01303019098877443,0.17454791318626464,0.1543829126013363,42
1,0.5211158892069307,0.00479539770047125,0.168659208140236,0.1690810094503045,199
2,0.4320535635057874,0.0008523166842088387,0.15272200162167815,0.14932765083538685,39
3,0.0,0.0,0.0,0.0,0
4,0.0,0.0,0.0,0.0,0
