,max,min,avg,median,count
0,0.6589105732189603,0.012273733860964713,0.28171347418022674,0.2732208125588935,52
1,0.7227898623437664,0.0035488933415254984,0.30410328007290627,0.2808716978526242,94
2,0.783223229024576,0.0011793000614878577,0.34984014286225634,0.35091846035271834,250
3,0.0,0.0,0.0,0.0,0
4,0.0,0.0,0.0,0.0,0
