,max,min,avg,median,count
0,0.8872316219127007,0.05850213103392705,0.5026098017300742,0.5167349427899618,46
1,0.8738583127944555,0.028280098487178773,0.5348448149586632,0.5654233138451764,79
2,0.9184278699013487,0.03280134890541953,0.6221524806195361,0.6888227789214572,179
3,0.8126767871545811,0.6226060185460993,0.7176414028503402,0.7176414028503402,2
4,0.0,0.0,0.0,0.0,0
