,max,min,avg,median,count
0,0.8365655618193097,0.04274858866332603,0.438476772212749,0.4142155225299516,35
1,0.9625283987891884,0.010882208259914431,0.48848118341575336,0.5281495089540651,126
2,0.9119413347888936,0.001900102686073438,0.48333408132546457,0.4925373581766554,250
3,0.0,0.0,0.0,0.0,0
4,0.0,0.0,0.0,0.0,0
