,max,min,avg,median,count
0,0.847741459994369,0.04104019370700466,0.6459672866794484,0.7671644854586711,23
1,0.8779742906237178,0.011718980743740953,0.46187500767022927,0.5165119396671514,130
2,0.9208902080345786,0.013957400027792676,0.5000716574952847,0.5503941282445487,106
3,0.0,0.0,0.0,0.0,0
4,0.0,0.0,0.0,0.0,0
