,max,min,avg,median,count
0,0.5984961157209133,0.0008092103703296024,0.21645339281021195,0.14764739758477055,55
1,0.734927586233391,0.003624964757664622,0.24135762422521662,0.21716266944426138,94
2,0.7974799414934463,0.0002490062731670351,0.26278427082570993,0.24938019870326633,255
3,0.0,0.0,0.0,0.0,0
4,0.0,0.0,0.0,0.0,0
