,max,min,avg,median,count
0,0.6602076346153127,0.04354997478247991,0.4137848823380594,0.4640533900114418,44
1,0.7009499423032649,0.013343517268625048,0.41432635574253335,0.4829220887468639,67
2,0.7280253471667094,0.0022938796444335044,0.4254385501895736,0.4614230007026713,148
3,0.0,0.0,0.0,0.0,0
4,0.0,0.0,0.0,0.0,0
