,max,min,avg,median,count
0,0.921238182350984,0.09431750522768587,0.5884725760805786,0.6209013092227398,28
1,0.931117975619638,0.0018025547250128825,0.5303187648390368,0.5868164354741321,169
2,0.8651362212656368,0.03489032572262279,0.5546876945904721,0.5394181205787832,62
3,0.0,0.0,0.0,0.0,0
4,0.0,0.0,0.0,0.0,0
