,max,min,avg,median,count
0,0.8924975743576561,0.04617998293646978,0.4976675515137064,0.4854604155963337,41
1,0.8770815709437058,0.012449678767509777,0.5384330505626392,0.611643333645842,104
2,0.920702732199234,0.02112864932076478,0.5665881855206854,0.615469262666831,126
3,0.8042099419520355,0.44944112534579533,0.6268255336489155,0.6268255336489155,2
4,0.0,0.0,0.0,0.0,0
