,max,min,avg,median,count
0,0.638653433224177,0.01124985280020389,0.4033959284003463,0.42065277240582816,30
1,0.6853269192789229,0.0013949967510287749,0.312776960668472,0.3231640889615528,233
2,0.705490462342982,0.00556052897058638,0.3620875932767318,0.4128387110650414,69
3,0.0,0.0,0.0,0.0,0
4,0.0,0.0,0.0,0.0,0
