,max,min,avg,median,count
0,0.8085870283136688,0.03957582857007066,0.4151602490966317,0.418073937800867,10
1,0.7214018266515363,0.2228684026561981,0.5408882341278776,0.5759124565601381,11
2,0.8434820626246967,0.0030008647198267614,0.44582577234016846,0.4773627504394604,244
3,0.0,0.0,0.0,0.0,0
4,0.0,0.0,0.0,0.0,0
