,max,min,avg,median,count
0,0.6622807620324591,0.0035991477518193277,0.2379401565519617,0.1910658710842249,21
1,0.787472189375667,0.010237078709877272,0.34151758193108683,0.29662601191885657,63
2,0.871071988873129,3.81466769179144e-05,0.2911774334462272,0.2655568693823263,179
3,0.0,0.0,0.0,0.0,0
4,0.0,0.0,0.0,0.0,0
