,max,min,avg,median,count
0,0.8758715393296532,0.11385749320466512,0.7093146668808953,0.7923692497998687,48
1,0.9049406869199627,0.04613724036676025,0.5985576606580559,0.7227339556018734,113
2,0.9252887813632829,0.0014845451216755573,0.5857702510882589,0.6597624738703842,204
3,0.0,0.0,0.0,0.0,0
4,0.0,0.0,0.0,0.0,0
