,max,min,avg,median,count
0,0.717368596410614,0.003594425723498505,0.33110872338311015,0.3343274835746882,32
1,0.823761355141677,0.01230353236826288,0.29911178846283315,0.25524252568926425,181
2,0.7552880954164772,0.010033729921288707,0.25049731806013137,0.18453301701412878,47
3,0.0,0.0,0.0,0.0,0
4,0.0,0.0,0.0,0.0,0
