,max,min,avg,median,count
0,0.9267830608358879,0.045398149283477914,0.4508198504261277,0.45943356087642706,39
1,0.8438880545669698,0.00020449055052524737,0.4766701252854033,0.4947966261968471,98
2,0.8941106951953782,0.0021165971429276524,0.532657131607076,0.5892843238202432,127
3,0.0,0.0,0.0,0.0,0
4,0.0,0.0,0.0,0.0,0
