,max,min,avg,median,count
0,0.8427944165481077,0.014720815853539406,0.3709462776936284,0.38063667912113947,25
1,0.8969862381033678,0.008283896892595044,0.41384811629490525,0.430144998181378,84
2,0.8748348134995709,0.0005755195413721813,0.4410120038694599,0.4787990549231805,152
3,0.0,0.0,0.0,0.0,0
4,0.0,0.0,0.0,0.0,0
