,max,min,avg,median,count
0,0.8140418650331658,0.14284996400888453,0.6732114991375566,0.7439935631474107,8
1,0.915069716762238,0.2386231149482885,0.7261737692583642,0.7480687828539361,18
2,0.8997803026319076,0.005899213353130841,0.6179757533705947,0.710314482841275,275
3,0.9088278186124785,0.029895968129901973,0.5765609058471008,0.6213583882494479,65
4,0.0,0.0,0.0,0.0,0
