,max,min,avg,median,count
0,0.7222977004884084,0.018014476360451906,0.340533627664116,0.3332537719642222,42
1,0.7849605731529491,0.01169875754022567,0.3437493313972162,0.33604666848967424,110
2,0.7353576377132671,0.0014785080964746125,0.3654269403517371,0.382619370780384,130
3,0.0,0.0,0.0,0.0,0
4,0.0,0.0,0.0,0.0,0
