,max,min,avg,median,count
0,0.8352868269231214,0.029957032303031216,0.40296701359643233,0.3929397890560249,26
1,0.9266577211237771,0.002875706975657244,0.3736860353983268,0.37437411142347604,107
2,0.7265011735900452,0.007864374747244557,0.32783213307384684,0.343883840745684,123
3,0.0,0.0,0.0,0.0,0
4,0.0,0.0,0.0,0.0,0
