,max,min,avg,median,count
0,0.5465497962356304,0.007818147292805043,0.2843052209434248,0.32816615293661844,32
1,0.5865967006932653,0.02095688556060786,0.2861835481376292,0.2653656741098107,78
2,0.5824676509934233,0.005237431872915858,0.2737446579390489,0.28378460427640895,154
3,0.0,0.0,0.0,0.0,0
4,0.0,0.0,0.0,0.0,0
