,max,min,avg,median,count
0,0.8689988176280198,0.006997859412483062,0.366299164534508,0.3405422214864876,56
1,0.8422084738570723,0.016914371562559847,0.40998372454026605,0.4143607298857636,93
2,0.8429965603298922,0.005225920756437455,0.4293751571210479,0.4633802979862074,227
3,0.739493425825908,0.1832508351319551,0.5137097386581568,0.511407513450345,10
4,0.0,0.0,0.0,0.0,0
