,max,min,avg,median,count
0,0.8041157752558779,0.01609680507893422,0.32052396119278476,0.2508705507439633,42
1,0.8417080698901427,0.005141804304444909,0.3658901321197786,0.33817437397056427,147
2,0.8346452177641767,0.002999576512907422,0.3279319659551841,0.2941326633924816,77
3,0.5216056260128402,0.5216056260128402,0.5216056260128402,0.5216056260128402,1
4,0.0,0.0,0.0,0.0,0
