,max,min,avg,median,count
0,0.7030511348811656,0.015576060474026454,0.47576177506820627,0.5431078865123992,26
1,0.6893075917358868,0.004305874286058501,0.34856334548500695,0.3655053791623322,92
2,0.723396955454075,0.003273729887037653,0.40930881931249385,0.4686278472158959,147
3,0.0,0.0,0.0,0.0,0
4,0.0,0.0,0.0,0.0,0
