,max,min,avg,median,count
0,0.8512478923008401,0.03657977766502086,0.5862181531520109,0.647938935392346,36
1,0.8752635701024348,0.04534803480090294,0.5824972331519128,0.6453774157533942,95
2,0.899619324389924,0.00338982870895917,0.5485152978782142,0.6164181297324978,190
3,0.0,0.0,0.0,0.0,0
4,0.0,0.0,0.0,0.0,0
