,max,min,avg,median,count
0,0.6580457635087088,0.001307904280877933,0.2507034764829091,0.23093997557355858,31
1,0.7148894184209131,0.0011887773589402215,0.27968613963913197,0.2524847375025866,118
2,0.7622651887439242,0.0032464914965203676,0.24571488433717148,0.21150235802651846,132
3,0.0,0.0,0.0,0.0,0
4,0.0,0.0,0.0,0.0,0
