,max,min,avg,median,count
0,0.7866589798491668,0.0015106041073996328,0.4032981557937303,0.4264454573300183,41
1,0.8180556857545953,0.004281242938906422,0.4206857845713557,0.4623596921133405,120
2,0.7767975384617405,0.012181044230981795,0.4478784038745984,0.4806517478572116,99
3,0.0,0.0,0.0,0.0,0
4,0.0,0.0,0.0,0.0,0
