,max,min,avg,median,count
0,0.6346981287155359,0.002947565100873778,0.24903316861858907,0.2390129726842381,23
1,0.6952613836827655,0.0012094411800866061,0.27743450734001773,0.2667572092079472,68
2,0.7997812185658681,0.000742050179787514,0.28862481434442017,0.26416044978601605,168
3,0.7371351598696544,0.7371351598696544,0.7371351598696544,0.7371351598696544,1
4,0.0,0.0,0.0,0.0,0
