,max,min,avg,median,count
0,0.7611135749425035,0.008121690276986811,0.4246309097732364,0.4621334548780106,52
1,0.7725656761069022,0.011346526567159908,0.44977582276525735,0.46590784569636906,115
2,0.7701926120213122,0.0056127426617487335,0.42396203001134564,0.46200997753632894,197
3,0.0,0.0,0.0,0.0,0
4,0.0,0.0,0.0,0.0,0
