,max,min,avg,median,count
0,0.596241701935548,0.01663248051495446,0.3037856072853985,0.2817660663310955,39
1,0.7028918485776054,0.007653094167080924,0.31941441908393975,0.3119465292449513,71
2,0.7137428543911912,0.005084786537408128,0.3056266978521747,0.30199097032753863,150
3,0.4546125784464508,0.21554552255270926,0.33507905049958003,0.33507905049958003,2
4,0.0,0.0,0.0,0.0,0
