,max,min,avg,median,count
0,0.5068991700875146,0.0052994704635613964,0.26375983003250036,0.30450777990821215,33
1,0.5655715950573422,0.000809860299460961,0.2832875368511999,0.27603413846896735,143
2,0.5340968550081732,0.0007570201007102183,0.30261831952719653,0.33938378696972427,132
3,0.0,0.0,0.0,0.0,0
4,0.0,0.0,0.0,0.0,0
