,max,min,avg,median,count
0,0.9274087530242976,0.016330795415738605,0.5595602575985742,0.5987502576445088,55
1,0.9050395347990026,0.008520056684135732,0.6025696652453003,0.6715738147423143,90
2,0.9192460020301915,0.0029986103033727346,0.6057328660056546,0.6924272537673251,221
3,0.9161759197566683,0.25099973567942324,0.6773920645650134,0.7063610304352533,9
4,0.0,0.0,0.0,0.0,0
