,max,min,avg,median,count
0,0.7006405556046379,0.061203196088606866,0.32845302289211087,0.24737302795641702,19
1,0.7743157617104163,0.00018151464907432765,0.2157265388667006,0.1624850742395234,166
2,0.8050692827219589,0.005528614677338861,0.2701283107131746,0.2072998910550975,74
3,0.5484018970626914,0.5484018970626914,0.5484018970626914,0.5484018970626914,1
4,0.0,0.0,0.0,0.0,0
