,max,min,avg,median,count
0,0.8884269035536431,0.0007211085301910506,0.5520991899590945,0.5389781339814608,26
1,0.902696725529456,0.018097606240245055,0.5095887440895143,0.5509764692971152,95
2,0.8986824254226389,0.007724800012020797,0.5077448522751852,0.5888939027710235,137
3,0.0,0.0,0.0,0.0,0
4,0.0,0.0,0.0,0.0,0
