,max,min,avg,median,count
0,0.49050661901143333,0.02245233055608298,0.2325503561277096,0.22489028505694267,24
1,0.48977787714348453,0.015304865906119337,0.2078172226845052,0.19103047627282507,119
2,0.5092686471471162,0.000611681694144236,0.2184528671560868,0.2165843461409349,138
3,0.0,0.0,0.0,0.0,0
4,0.0,0.0,0.0,0.0,0
