,max,min,avg,median,count
0,0.4609568775957898,0.016680333969175634,0.2702152414825307,0.27113994999151236,11
1,0.6051516726652789,0.043773964444661466,0.29031217816013255,0.27072169166301674,54
2,0.6619991485230132,0.0007140885012096408,0.2893921114315923,0.2905998484682209,242
3,0.0,0.0,0.0,0.0,0
4,0.0,0.0,0.0,0.0,0
