,max,min,avg,median,count
0,0.8618373847976849,0.010173212609529279,0.4981773243675637,0.5509625327044616,40
1,0.8535332599592528,0.006783369909968958,0.4422236991624186,0.450113548998781,111
2,0.8562816485350979,0.02470485167324786,0.464846221984347,0.5091980121161258,107
3,0.0,0.0,0.0,0.0,0
4,0.0,0.0,0.0,0.0,0
