,max,min,avg,median,count
0,0.9118189791075654,0.0087706024236022,0.5161227182045248,0.5541264217680641,35
1,0.9408062327732569,0.0032493099381976894,0.6187777428786294,0.6767229512981101,66
2,0.902978187632831,0.006986534115801516,0.5353785861840797,0.613706061831406,155
3,0.0,0.0,0.0,0.0,0
4,0.0,0.0,0.0,0.0,0
