,max,min,avg,median,count
0,0.827966700031235,0.04509164228010356,0.3981178055876861,0.39657246776201815,42
1,0.781080926443903,0.0012643446162108832,0.3792213976608324,0.38630228194835764,141
2,0.8143278044501615,0.01297816012265692,0.41570842114570405,0.4546837064603809,92
3,0.0,0.0,0.0,0.0,0
4,0.0,0.0,0.0,0.0,0
