,max,min,avg,median,count
0,0.8434311370915661,0.0014493755538025396,0.47289095749639926,0.5236525975834943,34
1,0.8395486362705435,0.002274662864487187,0.50141653102752,0.5502298826915784,84
2,0.8680500368746507,0.0024906789683623353,0.47349152812091316,0.5166457140665683,164
3,0.0,0.0,0.0,0.0,0
4,0.0,0.0,0.0,0.0,0
