,max,min,avg,median,count
0,0.8553879264175471,0.03243888623710403,0.5072081028585419,0.5281423447957203,25
1,0.816751559175016,0.013839017722442604,0.36488700037553845,0.3594954215798949,87
2,0.7602193817636886,0.013324431984756592,0.40158034522401065,0.44925754460689404,144
3,0.0,0.0,0.0,0.0,0
4,0.0,0.0,0.0,0.0,0
