,max,min,avg,median,count
0,0.18695379245131155,0.011950680530176715,0.10297679450421815,0.11549190686343104,11
1,0.20683005885840344,0.008059022045100648,0.09984761372233283,0.09698194027268675,76
2,0.3363844013635489,0.006981717138235613,0.11857001215294705,0.12141560735422252,194
3,0.0,0.0,0.0,0.0,0
4,0.0,0.0,0.0,0.0,0
