,max,min,avg,median,count
0,0.8169675271314575,0.016022953244767914,0.41052609798517264,0.3946599919878825,24
1,0.8157143840354368,0.01581565328949449,0.43141009462725066,0.4524136805722907,182
2,0.7777156213434158,0.00179148179359986,0.40612709429897526,0.4069071109116896,74
3,0.43855335528437045,0.27059763107225415,0.3545754931783123,0.3545754931783123,2
4,0.0,0.0,0.0,0.0,0
