,max,min,avg,median,count
0,0.9244697956672663,0.012433015228355696,0.5481922155345832,0.4744450054467059,24
1,0.9369514206535966,0.0025831866285988335,0.5334946159977177,0.5775037931444943,49
2,0.9463927829572335,0.003195700271660165,0.5654358024670557,0.6147759920985202,184
3,0.8652092984076976,0.512850616136306,0.6890299572720018,0.6890299572720018,2
4,0.0,0.0,0.0,0.0,0
