,max,min,avg,median,count
0,0.8486689243963381,0.017519539239768872,0.42007391382497056,0.4166906063728617,58
1,0.8483036296668887,0.0076587592024934675,0.5141905333737752,0.5727613548917849,151
2,0.8408390436858444,0.003955033563122974,0.45852025596209117,0.46357671243869025,176
3,0.6319132703341005,0.07592264736863562,0.4031842930302505,0.45245062720913287,4
4,0.0,0.0,0.0,0.0,0
