,max,min,avg,median,count
0,0.8679985681510022,0.0126427189320703,0.4276314196892948,0.4284228152928495,57
1,0.852718195621019,0.014626785457265005,0.49735379797731283,0.5601688123992314,130
2,0.8696504951177593,0.01124385839236005,0.49635081098530787,0.5612098540985733,197
3,0.8378616331461065,0.021752295152479055,0.5676575769386396,0.5662523474783138,8
4,0.0,0.0,0.0,0.0,0
