,max,min,avg,median,count
0,0.7662873283727173,0.025291160383784376,0.29000252337662297,0.2178111689207267,40
1,0.797900897958169,0.0010631040504464583,0.31275521312942267,0.27602881905876453,119
2,0.7932397574360095,0.0051303823355804325,0.2774660330330021,0.2166051599962076,103
3,0.0,0.0,0.0,0.0,0
4,0.0,0.0,0.0,0.0,0
