,max,min,avg,median,count
0,0.6768838934310895,0.005039109584535901,0.34284582338979236,0.33735081959079055,40
1,0.7279850449033922,0.0003167943767973929,0.34038322757921424,0.36049539493445326,121
2,0.7346110874285628,0.002124220047752771,0.36508267162005675,0.40795073713901053,100
3,0.0,0.0,0.0,0.0,0
4,0.0,0.0,0.0,0.0,0
