,max,min,avg,median,count
0,0.7545927218961392,0.04302062481101575,0.3395502981888738,0.31824986997020493,43
1,0.6914074753673419,0.0036482404516388666,0.2653903355096238,0.27409556842710414,94
2,0.6624926656467146,0.006911498977942395,0.2861072213031333,0.28242045265680626,118
3,0.32981850595687295,0.32981850595687295,0.32981850595687295,0.32981850595687295,1
4,0.0,0.0,0.0,0.0,0
