,max,min,avg,median,count
0,0.7090009418557924,0.07162667304964522,0.4115090266251015,0.44011153203096237,32
1,0.76256212281284,0.020271037235443407,0.4049111850573856,0.40068124228968804,79
2,0.888653606484035,0.005034659561861309,0.432622529788387,0.4266901254565573,287
3,0.0,0.0,0.0,0.0,0
4,0.0,0.0,0.0,0.0,0
