,max,min,avg,median,count
0,0.855018302148787,0.026863192998978134,0.4115548453599918,0.3597550733974807,33
1,0.8457788249014487,0.0024122412434361513,0.31023494329498363,0.261357341268784,79
2,0.8793249146579114,0.0017208650763149325,0.31670738073861904,0.29244458480722896,161
3,0.0,0.0,0.0,0.0,0
4,0.0,0.0,0.0,0.0,0
