,max,min,avg,median,count
0,0.9067805096246739,0.022087111878315947,0.5086734024932317,0.5070392880576606,44
1,0.9395355569905622,0.04794463112903616,0.5584864396192055,0.5662479934333389,93
2,0.9453317349156839,0.01950088739940911,0.528757832362322,0.5556807509742985,130
3,0.0,0.0,0.0,0.0,0
4,0.0,0.0,0.0,0.0,0
