,max,min,avg,median,count
0,0.5139412388015056,0.004591797460564748,0.23425982273353554,0.2528213791519117,33
1,0.6038928313153851,0.0049506709238401735,0.25549422069892697,0.2243739930275302,67
2,0.7243854537250526,0.00022283571577249594,0.2517431064482767,0.23277271941843064,199
3,0.0,0.0,0.0,0.0,0
4,0.0,0.0,0.0,0.0,0
