,max,min,avg,median,count
0,0.7555654200448138,0.010837667389267424,0.43941226849545084,0.5080202247290805,40
1,0.6713165674370287,0.0065372626034474034,0.36826298863474805,0.34813905061874534,73
2,0.7722344359565215,0.003287986779542733,0.38219729847180406,0.4189074745221874,149
3,0.5983309839481208,0.05663854575924157,0.34745580887693467,0.38739789692344156,3
4,0.0,0.0,0.0,0.0,0
