,max,min,avg,median,count
0,0.7197294579463765,0.01246471171272268,0.2813173833092689,0.2732551641454342,42
1,0.7533194174806612,0.006597171748377049,0.32241644869815106,0.3093154170231479,97
2,0.6610151715304624,0.0030459968111931873,0.34128258188762145,0.34682747019918203,144
3,0.0,0.0,0.0,0.0,0
4,0.0,0.0,0.0,0.0,0
