,max,min,avg,median,count
0,0.6680756017437705,0.02356358259300557,0.29325028879792436,0.3104934337043144,44
1,0.865899073692048,0.04119540378035002,0.41547645258775795,0.41616759175690765,123
2,0.8879527256139748,0.025460622707576555,0.4201249602096893,0.397291155441859,90
3,0.0,0.0,0.0,0.0,0
4,0.0,0.0,0.0,0.0,0
