,max,min,avg,median,count
0,0.9681894562719717,0.0031957119083057964,0.6682576969073509,0.8054376546123855,29
1,0.9578309567611271,0.03837804872932124,0.6485304432144443,0.7643782623170823,57
2,0.9677184170561054,0.012438589426175761,0.6322069112254595,0.711430295415856,226
3,0.0,0.0,0.0,0.0,0
4,0.0,0.0,0.0,0.0,0
