,max,min,avg,median,count
0,0.7219723516316113,0.03878177598968819,0.27850225800159606,0.27333439882676014,30
1,0.7281235448264144,0.006278961140999197,0.2801899492758408,0.28169012635799295,141
2,0.6982554030712198,0.0026191783910490462,0.25967647139652544,0.23725231852445158,193
3,0.0,0.0,0.0,0.0,0
4,0.0,0.0,0.0,0.0,0
