,max,min,avg,median,count
0,0.6827080612194931,0.005339485921855768,0.3873502423818463,0.40953661976965516,15
1,0.6182140205191912,0.031336990858478984,0.289366932153855,0.27059093292891756,18
2,0.8910979459390018,0.0005290016710122625,0.33452443687630107,0.28899021799198815,347
3,0.0,0.0,0.0,0.0,0
4,0.0,0.0,0.0,0.0,0
