,max,min,avg,median,count
0,0.7300251537434247,0.021350412940733983,0.3719195857674588,0.4050860324032553,39
1,0.8511034285738327,0.037501646641920384,0.4107491540020464,0.4425665366797383,71
2,0.8273935701885716,0.0007617495999654119,0.3553431500267151,0.3702763928762647,150
3,0.3843861459890486,0.09232709501709906,0.23835662050307382,0.23835662050307382,2
4,0.0,0.0,0.0,0.0,0
