,max,min,avg,median,count
0,0.7714974004031043,0.010008169277132255,0.36105440164142266,0.3766292203661734,49
1,0.8147699062513446,0.005940856793359714,0.3378880022734449,0.322366315508555,117
2,0.8067476023189722,0.00704322572575677,0.3276875774441886,0.2992231802725858,198
3,0.0,0.0,0.0,0.0,0
4,0.0,0.0,0.0,0.0,0
