,max,min,avg,median,count
0,0.8939532183404122,0.21811206049483833,0.6559018565429635,0.7018920589358324,26
1,0.9098908049376937,0.01500827838411401,0.4464321135573372,0.4749511084214968,76
2,0.8732205935637404,0.022841171829281182,0.49056043406963973,0.5072428621747986,154
3,0.0,0.0,0.0,0.0,0
4,0.0,0.0,0.0,0.0,0
