,max,min,avg,median,count
0,0.5579771163761493,0.027599772939964306,0.3179955708570176,0.3242719250258052,14
1,0.6417053925210477,0.011104091978367097,0.3596124730312781,0.35032542467393823,41
2,0.7328893812304864,0.004307192384855904,0.3901440536843411,0.42247602272686896,283
3,0.5399024518820839,0.10499325495503183,0.2811509753745902,0.2803004072856826,5
4,0.0,0.0,0.0,0.0,0
