,max,min,avg,median,count
0,0.4553825197075774,0.015563228682203226,0.2386366973058659,0.23720409189470104,25
1,0.6463252915847598,7.914239965038006e-06,0.28017797350605916,0.2834562115509105,149
2,0.5023231799455365,0.004946967916456108,0.2595375043690209,0.27604696254039734,103
3,0.0,0.0,0.0,0.0,0
4,0.0,0.0,0.0,0.0,0
