,max,min,avg,median,count
0,0.6273249507610128,0.0012791061913850605,0.24102105537479973,0.22998074791537354,42
1,0.6518077679481739,0.0005050116114053008,0.24655206046376602,0.21651193618927406,76
2,0.7597515503268082,0.004103037366554077,0.2519620414753106,0.22918550136106788,165
3,0.4576684025647691,0.20628502018071682,0.32561848958300293,0.31290204600352295,3
4,0.0,0.0,0.0,0.0,0
