,max,min,avg,median,count
0,0.9311943203276647,0.07941488205911851,0.6020339526147268,0.6607939365668831,45
1,0.9447461208540422,0.09206030800877124,0.6030949241340244,0.6549940546269463,71
2,0.9215774349011671,0.004909614216232645,0.5698410299238438,0.63929205371086,167
3,0.0,0.0,0.0,0.0,0
4,0.0,0.0,0.0,0.0,0
