,max,min,avg,median,count
0,0.8399099378431605,0.08396510588149401,0.49825593211879815,0.5190929321132182,33
1,0.8782657059584068,0.022839060482624542,0.5598328103032598,0.6356982934301195,114
2,0.8865875330952071,0.005233031017964705,0.5184478315088622,0.5654436417548943,153
3,0.0,0.0,0.0,0.0,0
4,0.0,0.0,0.0,0.0,0
