,max,min,avg,median,count
0,0.7511958098566225,0.041967928253911255,0.47461246814139674,0.5262507596173935,27
1,0.8220888817515649,0.03429052186576215,0.34914121159771877,0.3472302792808267,112
2,0.8302968376870935,0.004427262139898856,0.3323875408608133,0.3204260171229034,115
3,0.2261065719721955,0.13336188002193922,0.17973422599706734,0.17973422599706734,2
4,0.0,0.0,0.0,0.0,0
