,max,min,avg,median,count
0,0.7280863792860556,0.0528420449502682,0.36570792087523385,0.40555920356969904,33
1,0.8387137174688379,0.005524635770023217,0.36033793078406534,0.35726498447630695,137
2,0.7922500053211825,0.0036883993390810907,0.346186101645051,0.3316904282153661,118
3,0.0,0.0,0.0,0.0,0
4,0.0,0.0,0.0,0.0,0
