,max,min,avg,median,count
0,0.7814823772848188,0.05304539215208642,0.4482120604742056,0.46760443815075015,40
1,0.8489682264540225,0.0019583317109655735,0.36573976784460016,0.37204023292640115,123
2,0.8330133286172043,0.0012022924980104757,0.3894921181260178,0.38133202775429254,102
3,0.0,0.0,0.0,0.0,0
4,0.0,0.0,0.0,0.0,0
