,max,min,avg,median,count
0,0.9463801067257084,0.03008246755730835,0.7651470060247386,0.827870844468988,31
1,0.9756021794585162,0.05853447607045476,0.637112387227413,0.7313774915997789,75
2,0.9786583727142478,0.0010148805660323724,0.608774458507108,0.6810577384021708,267
3,0.0,0.0,0.0,0.0,0
4,0.0,0.0,0.0,0.0,0
