,max,min,avg,median,count
0,0.8354618716862097,0.18096522452160732,0.47996148365525676,0.4721235387047043,23
1,0.8346347363216897,0.0016905221204027206,0.44578826629392954,0.4772631324587215,69
2,0.8219881046294291,0.002533039914884723,0.45218732216867574,0.4705489390881704,180
3,0.0,0.0,0.0,0.0,0
4,0.0,0.0,0.0,0.0,0
