,max,min,avg,median,count
0,0.665212420314868,0.07348095621264912,0.3641179096734959,0.36361950752247296,16
1,0.7965441138365569,0.0019382543131006695,0.279628928235494,0.23435057561175615,75
2,0.8141490493464077,0.0018712651586491973,0.31412634006379486,0.30804670598579453,280
3,0.7943284201456862,0.022251377278329196,0.36225880540870115,0.41150092962304513,5
4,0.0,0.0,0.0,0.0,0
