,max,min,avg,median,count
0,0.8616840291341086,0.06543231277644584,0.5639193606372229,0.6468101917115904,25
1,0.9001239818888804,0.0007414527248390679,0.47326592169063014,0.5165886820631924,89
2,0.8696238664149741,0.006635326053357739,0.5156756859499678,0.5666821240449407,143
3,0.0,0.0,0.0,0.0,0
4,0.0,0.0,0.0,0.0,0
