,max,min,avg,median,count
0,0.49972927062774836,0.13235599063049425,0.30059077587577265,0.2982309614818424,10
1,0.7304504597425725,0.00023995939945945877,0.22879797175950617,0.21737707256903752,107
2,0.5889862408241068,0.002134441290454272,0.2625463404405876,0.2920257021257598,141
3,0.0,0.0,0.0,0.0,0
4,0.0,0.0,0.0,0.0,0
