,max,min,avg,median,count
0,0.7318314151351466,0.05851189887692365,0.2988526613829812,0.20735578507513897,21
1,0.8779066828133906,0.004478368216713114,0.33687498783180364,0.31126062732001963,115
2,0.8782685736700239,0.0008570020617537851,0.3284585201082229,0.296362404945282,123
3,0.0,0.0,0.0,0.0,0
4,0.0,0.0,0.0,0.0,0
