,max,min,avg,median,count
0,0.9302429653427158,0.04080839880096971,0.5959054928530028,0.6359464239298024,21
1,0.9207273745421561,0.0302735316089206,0.5553678260781773,0.5712698434535074,65
2,0.9375431755900515,0.01485864367367453,0.5602915011023034,0.6140592724130396,174
3,0.0,0.0,0.0,0.0,0
4,0.0,0.0,0.0,0.0,0
