,max,min,avg,median,count
0,0.8696332873414483,0.023412108206389132,0.48429139258829734,0.5979028598181162,22
1,0.8826657908821312,0.046707411951319146,0.5162904516634411,0.511804376075234,60
2,0.8935789329741566,0.015985565232990818,0.5287564711585432,0.6021025173189882,176
3,0.0,0.0,0.0,0.0,0
4,0.0,0.0,0.0,0.0,0
