,max,min,avg,median,count
0,0.8201795892532675,0.02293223789022308,0.45433103073321923,0.4948251687259768,42
1,0.8468115033095247,0.019327541917109257,0.4305635613479568,0.4302517336344035,67
2,0.8918372259912514,0.006911498977942396,0.4396997129594695,0.4500453024554299,149
3,0.0,0.0,0.0,0.0,0
4,0.0,0.0,0.0,0.0,0
