,max,min,avg,median,count
0,0.31969188618136646,0.00753413648282874,0.13097679236507923,0.12211075914746897,24
1,0.37842372185793166,0.0007010378899701757,0.1704593883749643,0.19298568177213868,52
2,0.37054065190638463,0.0001935145490151783,0.16044259675342926,0.15891707368157068,221
3,0.3047372875539404,0.09689134840116045,0.1723076998018609,0.11529446345048179,3
4,0.0,0.0,0.0,0.0,0
