,max,min,avg,median,count
0,0.5823079684085851,0.0025051625443025943,0.2135785818525388,0.1610778130565974,30
1,0.6618286236489391,0.00722301954125703,0.23347617896772008,0.19645604701904468,52
2,0.6318309621681274,0.012831536485972683,0.2531922037791551,0.24182430571313973,208
3,0.43751854180927996,0.1731430874096075,0.28796480358488585,0.25323278153577017,3
4,0.0,0.0,0.0,0.0,0
