,max,min,avg,median,count
0,0.9544678147804091,0.033819278801913745,0.6146717886803508,0.6694899535306751,22
1,0.966441627095433,0.017811080327125382,0.555767369693216,0.5752486910724984,89
2,0.9532901399266354,0.017813746935047333,0.6109816580430906,0.680167993184887,160
3,0.0,0.0,0.0,0.0,0
4,0.0,0.0,0.0,0.0,0
