,max,min,avg,median,count
0,0.1493063333719857,0.13912421266115815,0.14421527301657194,0.14421527301657194,2
1,0.34154126178191596,0.0003587040149680171,0.11008003771352876,0.10592216775484867,74
2,0.46896452061407495,0.00235848487972046,0.08654828591425663,0.07225472898444825,155
3,0.46234577723247117,0.007911483545403917,0.10540980215155088,0.08354937792346812,34
4,0.0,0.0,0.0,0.0,0
