,max,min,avg,median,count
0,0.8858245898569167,0.04913138732002079,0.572762364318099,0.6509041068022686,28
1,0.9307846314439729,0.04993484946610847,0.5663984399417666,0.6255438857869782,102
2,0.9194596315400223,0.017858412485078905,0.5533086030236077,0.6195030264792242,129
3,0.0,0.0,0.0,0.0,0
4,0.0,0.0,0.0,0.0,0
