,max,min,avg,median,count
0,0.8955611787234173,0.00946711284695216,0.4720267295689041,0.5185748156538875,39
1,0.9130857379914433,0.004026976752633213,0.5495661185895969,0.6071244988175034,103
2,0.9245933116346915,0.02305373221145145,0.6032718964242605,0.6475200073480798,113
3,0.7621075173065144,0.3761116828166861,0.5691096000616003,0.5691096000616003,2
4,0.0,0.0,0.0,0.0,0
