,max,min,avg,median,count
0,0.9301367838831873,0.005386118412165771,0.5459740775146538,0.6220845382054406,47
1,0.9409576659453732,0.012521478262855747,0.5825864451012147,0.679940186914665,83
2,0.9309008625623539,0.0005622336120521203,0.5705393318116464,0.6731008724391832,134
3,0.0,0.0,0.0,0.0,0
4,0.0,0.0,0.0,0.0,0
