,max,min,avg,median,count
0,0.9622787576373082,0.012086905267877524,0.609032593622787,0.6983127203330397,27
1,0.9377028207284213,0.0016736690829186772,0.5113589910202462,0.5268937970956392,145
2,0.9539086833748314,0.002472258249162118,0.5271094261610493,0.5833962784689126,86
3,0.0,0.0,0.0,0.0,0
4,0.0,0.0,0.0,0.0,0
