,max,min,avg,median,count
0,0.9150316352386935,0.0777285225495211,0.6733430579817917,0.7813728570342381,26
1,0.9381951601181919,0.008114637266664958,0.5160564870492004,0.547665526093056,125
2,0.9188885962346963,0.0035180430639406924,0.547330610878553,0.594770747356496,109
3,0.0,0.0,0.0,0.0,0
4,0.0,0.0,0.0,0.0,0
