,max,min,avg,median,count
0,0.8418581715390016,0.05757644939706006,0.5112478717787391,0.5785078328694887,47
1,0.900882265952758,0.005217307490345903,0.5306991166003794,0.5796595008323692,121
2,0.8832406152627852,0.010049666185536314,0.4580091849855864,0.4787818309780929,98
3,0.0,0.0,0.0,0.0,0
4,0.0,0.0,0.0,0.0,0
