,max,min,avg,median,count
0,0.5040088720135617,0.00850211373558459,0.2642400616730865,0.25006738111593774,6
1,0.5873416006203318,0.01475540297689402,0.223649057341768,0.20308418142245277,31
2,0.6998711933970813,0.0008144439163202559,0.2750914485977378,0.257303364573194,227
3,0.37112750252132926,0.07289442847747192,0.22201096549940058,0.22201096549940058,2
4,0.0,0.0,0.0,0.0,0
