,max,min,avg,median,count
0,0.7482432346198741,0.004013809788562491,0.3103896452335294,0.2615536713228165,40
1,0.7574200540259945,0.011915657175341605,0.3387977334679174,0.3338722432700685,108
2,0.8528949918639986,0.004608234846532337,0.3053421307416418,0.25921657255202096,113
3,0.0,0.0,0.0,0.0,0
4,0.0,0.0,0.0,0.0,0
