,max,min,avg,median,count
0,0.6824859479331548,0.2715650883221915,0.5416525130861549,0.61961015717938,5
1,0.7827511050191378,0.007373776089693129,0.44227426826940286,0.49623943546090304,47
2,0.8931070531395849,0.002722574107534319,0.49440950486503166,0.5200157573923623,239
3,0.7951442087055596,0.019310300233044694,0.4035708202570294,0.3850903761400732,41
4,0.0,0.0,0.0,0.0,0
