,max,min,avg,median,count
0,0.868148848286472,0.04788010109110769,0.5508232768699035,0.5977664915598098,41
1,0.8784794607014031,0.012546404620139093,0.5239202870290918,0.5707076601345671,121
2,0.901203924855432,0.00018407818163539738,0.46272717187939677,0.5022336862939116,142
3,0.0,0.0,0.0,0.0,0
4,0.0,0.0,0.0,0.0,0
