,max,min,avg,median,count
0,0.587332641409348,0.03573901161252629,0.21903513397968,0.18172173800601085,30
1,0.5719080597872491,0.007456389551552736,0.18510663660914875,0.1528670949848991,93
2,0.5809984659278117,0.000761749599965412,0.20301120217398785,0.19132597621320258,139
3,0.0,0.0,0.0,0.0,0
4,0.0,0.0,0.0,0.0,0
