,max,min,avg,median,count
0,0.897406421131165,0.004959263760969728,0.4212684032172952,0.47961149757328314,29
1,0.8569587892313761,0.006399398010518583,0.3304610028691621,0.2856382925859133,92
2,0.8798860128169399,0.001354903366933167,0.3266333385715008,0.27419742566869465,140
3,0.0,0.0,0.0,0.0,0
4,0.0,0.0,0.0,0.0,0
