,max,min,avg,median,count
0,0.9315912601284133,0.0015330902311444796,0.5165675923504449,0.5282944447746579,45
1,0.9174544322670612,0.016170222513392413,0.5396347384148621,0.5419863904969229,76
2,0.9228077056422254,0.006268312710853182,0.5361091089242154,0.6179512243116407,144
3,0.0,0.0,0.0,0.0,0
4,0.0,0.0,0.0,0.0,0
