,max,min,avg,median,count
0,0.8921075681978775,0.10659609558614688,0.6312284848173284,0.6666900407238932,28
1,0.7965546786588392,0.021761932813849277,0.45737356678934776,0.4913634360225903,101
2,0.8838270406461307,0.009810353949034964,0.4556116809295867,0.4723088557868103,146
3,0.0,0.0,0.0,0.0,0
4,0.0,0.0,0.0,0.0,0
