,max,min,avg,median,count
0,0.8381617782639837,0.02656803522115226,0.46823696989885577,0.49782731567722976,27
1,0.7990803296517883,0.0320736126327635,0.3382472124067845,0.28474940676488425,98
2,0.7758531267056821,0.002472258249162118,0.3245700474547252,0.30409617104424824,135
3,0.0,0.0,0.0,0.0,0
4,0.0,0.0,0.0,0.0,0
