,max,min,avg,median,count
0,0.7010303266253742,0.06161536447917578,0.3508637950609854,0.3326839744570831,26
1,0.8217568602694321,0.0015631771495870834,0.3847773188881338,0.3802921204292215,156
2,0.8306129869486392,0.012021896601227731,0.3066730287800804,0.2516108092533609,76
3,0.0,0.0,0.0,0.0,0
4,0.0,0.0,0.0,0.0,0
