,max,min,avg,median,count
0,0.8557675812948408,0.008186739322432149,0.5110547243450595,0.57216748082741,51
1,0.8546893210670908,0.0016444374614600177,0.5337839318446014,0.5749904791849191,107
2,0.8665782121427053,0.035864869776771224,0.5331788061439333,0.5577565414225131,134
3,0.0,0.0,0.0,0.0,0
4,0.0,0.0,0.0,0.0,0
