,max,min,avg,median,count
0,0.7536005444588917,0.019156969163504917,0.4560461814475519,0.4796251136976081,35
1,0.8310452960049399,0.0016234362490348193,0.44132660110136523,0.4776948165287336,106
2,0.7802279663966939,0.0012187040360657248,0.4247067733859606,0.4480280068295006,131
3,0.0,0.0,0.0,0.0,0
4,0.0,0.0,0.0,0.0,0
