,max,min,avg,median,count
0,0.5819617878593762,0.03552728298439369,0.33915256740669364,0.3643006128500974,9
1,0.6855676068316922,0.00047773374979716824,0.28966415358453507,0.31278708819037926,45
2,0.6716162435481821,0.001921154508636782,0.2818573079751948,0.25740202093706777,204
3,0.0,0.0,0.0,0.0,0
4,0.0,0.0,0.0,0.0,0
