,max,min,avg,median,count
0,0.8539791049102483,0.02921232850642993,0.2577089894105209,0.19985490078206183,26
1,0.8644914044681481,0.005082177539130817,0.3394173881890727,0.29175652437831073,119
2,0.8422908717788223,0.00782864188529241,0.3254907128167612,0.2732146589756516,130
3,0.0,0.0,0.0,0.0,0
4,0.0,0.0,0.0,0.0,0
