,max,min,avg,median,count
0,0.8985303913534262,0.1845522283757743,0.6843335765610606,0.7125110043241144,23
1,0.9400960702479401,0.0020026887543365688,0.5554711945457541,0.6063832757363277,118
2,0.9487448429809614,0.009724398581002948,0.5553949660045708,0.6074199635903965,120
3,0.0,0.0,0.0,0.0,0
4,0.0,0.0,0.0,0.0,0
