,max,min,avg,median,count
0,0.8340423468214065,0.02995703230303122,0.46126540510485997,0.5006543629679687,33
1,0.8266411726376105,0.0017889445633595354,0.4629374807519565,0.507204776811574,191
2,0.8413631280131121,0.02602483713042127,0.4518532232957222,0.494455891971766,32
3,0.0,0.0,0.0,0.0,0
4,0.0,0.0,0.0,0.0,0
