,max,min,avg,median,count
0,0.8962640668405525,0.021481510158238095,0.5222225746444722,0.5801571713008273,25
1,0.8795122081691651,0.0007607044530180258,0.4883382160079573,0.5205058515524278,52
2,0.9353360892121371,0.019728588606225304,0.509993973912794,0.5207983939724119,196
3,0.6650347786977969,0.5028683153021397,0.5839515469999683,0.5839515469999683,2
4,0.0,0.0,0.0,0.0,0
