,max,min,avg,median,count
0,0.9829173243947339,0.01267771756843518,0.5443345301353818,0.6105205053898376,40
1,0.953231323730211,0.003666040510390687,0.4770019288283525,0.5299765749834587,153
2,0.9501988734456268,0.030259434087502594,0.4711755620907066,0.47935146881487595,63
3,0.0,0.0,0.0,0.0,0
4,0.0,0.0,0.0,0.0,0
