,max,min,avg,median,count
0,0.8633031788419218,0.03587381057496896,0.4038002941705476,0.3545643156216707,25
1,0.8544724955978349,0.009065947312939797,0.43117292325855644,0.4591229918933236,113
2,0.8399790453726814,0.004187280225690345,0.40987000338375323,0.4460250034159717,121
3,0.0,0.0,0.0,0.0,0
4,0.0,0.0,0.0,0.0,0
