,max,min,avg,median,count
0,0.8956035690314167,0.25118007974559026,0.7433554965377533,0.7947947540458612,31
1,0.9416981718362373,0.015288525185893964,0.5995792958792167,0.6629051477102781,103
2,0.9422899102251692,0.0005381523861340531,0.6177241690857083,0.6980273471696412,218
3,0.0,0.0,0.0,0.0,0
4,0.0,0.0,0.0,0.0,0
