,max,min,avg,median,count
0,0.7215840246353973,0.0018348912943041557,0.4563764528517425,0.5104099236545498,22
1,0.8057548220616855,0.0033413086105596947,0.4120377641694151,0.4115988812774798,52
2,0.7541789377744513,0.0017465591793107025,0.35728655326246483,0.35860700976396065,188
3,0.0,0.0,0.0,0.0,0
4,0.0,0.0,0.0,0.0,0
