,max,min,avg,median,count
0,0.7996502321242069,0.03180512689687554,0.43203665694571786,0.4452807942715739,26
1,0.9121817435933143,0.00974176920533909,0.4426439816736732,0.466715478259181,96
2,0.888957065695868,0.012666152910823354,0.4731519895550223,0.5444369840632517,141
3,0.0,0.0,0.0,0.0,0
4,0.0,0.0,0.0,0.0,0
