,max,min,avg,median,count
0,0.6622843577174868,0.03234345357793588,0.4294795594569688,0.5038737104567663,31
1,0.8426212763498797,0.0002137324824475438,0.4309178415865155,0.4655892345251005,144
2,0.8142190294775785,0.012131357222922723,0.42552760838899595,0.43793139648159085,108
3,0.0,0.0,0.0,0.0,0
4,0.0,0.0,0.0,0.0,0
