,max,min,avg,median,count
0,0.6184914329838018,0.03811853799816616,0.34017242429472966,0.35951725475650714,30
1,0.8024459309805588,0.02416496655757698,0.43966832395354805,0.46041129620246063,93
2,0.7970800085000584,0.01098408638752688,0.4018588258758678,0.42670321493429997,141
3,0.0,0.0,0.0,0.0,0
4,0.0,0.0,0.0,0.0,0
