,max,min,avg,median,count
0,0.8631061900701777,0.002307999954860158,0.4221715595132689,0.36172477368517403,35
1,0.8459220271893159,0.0027700464378157667,0.2939629632217693,0.22996509180561003,86
2,0.841843525109831,0.003642611810025455,0.3392328266953056,0.2961488619828421,166
3,0.0,0.0,0.0,0.0,0
4,0.0,0.0,0.0,0.0,0
