,max,min,avg,median,count
0,0.6539163418029391,0.00850211373558459,0.25051766123410585,0.1933172419380879,7
1,0.6992450892620212,0.001492527961228451,0.3087157353200842,0.3191710494190685,124
2,0.6296582765547373,0.006303905377346222,0.2882787389564395,0.2932719641689666,137
3,0.0,0.0,0.0,0.0,0
4,0.0,0.0,0.0,0.0,0
