,max,min,avg,median,count
0,0.713678767452053,0.062210433511917414,0.33761858438334763,0.21293786734623563,5
1,0.7610018553260226,0.011705268973890633,0.43776998021842917,0.4789067950725593,116
2,0.8441405223691274,0.0010623543982041356,0.4035481158904322,0.4217010577647851,157
3,0.6826095577257748,0.00037923976609629926,0.3298479861253637,0.3254884272578646,32
4,0.0,0.0,0.0,0.0,0
