,max,min,avg,median,count
0,0.6660308423937417,0.007693263370901359,0.3034806177307812,0.3255037704106888,45
1,0.6736473072010626,0.0005426701593992089,0.2988158108093168,0.31153801887999116,111
2,0.6162189822637304,0.00796214827237612,0.2770496308071517,0.2583501239239596,103
3,0.0,0.0,0.0,0.0,0
4,0.0,0.0,0.0,0.0,0
