,max,min,avg,median,count
0,0.7867745186568403,0.006000299214718245,0.37049012259461345,0.3618765876292104,52
1,0.786428870662879,0.0016453011698383836,0.4150739133776046,0.43827442934627514,172
2,0.7718008647462251,0.00890312318285062,0.39561493621276456,0.4073244646661479,116
3,0.0,0.0,0.0,0.0,0
4,0.0,0.0,0.0,0.0,0
