,max,min,avg,median,count
0,0.9304122005981059,0.4248939226605805,0.7324998917170203,0.7682420433523175,27
1,0.932265350183946,0.04598892743264757,0.6276155689152492,0.7032020263804493,75
2,0.9537788915343436,0.0004840052631476736,0.5811656563626325,0.6537210317658784,275
3,0.0,0.0,0.0,0.0,0
4,0.0,0.0,0.0,0.0,0
