,max,min,avg,median,count
0,0.4818008922490437,0.007317414601934464,0.19970315041629721,0.16042727618232383,39
1,0.7556484303466203,0.0028757069756572434,0.2966824708010746,0.2715619547696596,70
2,0.7499260799511875,0.006640392144835854,0.2836408295501438,0.2599090777364504,145
3,0.31734514144903486,0.1743800557043894,0.2458625985767121,0.2458625985767121,2
4,0.0,0.0,0.0,0.0,0
