,max,min,avg,median,count
0,0.7375767482464695,0.0126706855532373,0.34117589149504735,0.3583219219255709,57
1,0.8023411281784091,0.009893139239445469,0.3284872421833451,0.3102710774684952,121
2,0.769241641142227,0.002508323897755777,0.3437916098202406,0.3526082169153688,191
3,0.6577474896529472,0.0023905101535223777,0.3439892551968464,0.36979203107937636,6
4,0.0,0.0,0.0,0.0,0
