,max,min,avg,median,count
0,0.6988449503247145,0.016509010016134296,0.3199105673302102,0.33568383926118034,45
1,0.7054279744939026,0.0012480241603923213,0.27251454738475916,0.23466207609408254,110
2,0.6782864279706996,0.004343405961300045,0.3025862296139544,0.29352274532475714,111
3,0.0,0.0,0.0,0.0,0
4,0.0,0.0,0.0,0.0,0
