,max,min,avg,median,count
0,0.8781871571209722,0.022958469561509553,0.4508706322140101,0.45162274129896485,42
1,0.9698689685993237,0.02049220703212475,0.5324931801211615,0.5601755824428668,65
2,0.9377439252579729,0.008600798806381186,0.5125797163174663,0.5726345033094591,152
3,0.0,0.0,0.0,0.0,0
4,0.0,0.0,0.0,0.0,0
