,max,min,avg,median,count
0,0.7245861767344547,0.014508098156936685,0.3007907079489432,0.2542569071120017,28
1,0.7214344059841526,0.008625533587000732,0.3272946226134604,0.2849857717726518,79
2,0.8048800146149888,0.004479821546469339,0.3776149724565431,0.38204979930686006,182
3,0.5233449792885064,0.43062899206252514,0.4769869856755158,0.4769869856755158,2
4,0.0,0.0,0.0,0.0,0
