,max,min,avg,median,count
0,0.7501227474728092,0.0038042129183267414,0.4251292218104973,0.4234539509892352,28
1,0.7848348284578706,0.021863374555028476,0.4017453865970459,0.41399973925399436,79
2,0.842463502670005,0.012727547813547416,0.402829116206047,0.39133824480757956,148
3,0.0,0.0,0.0,0.0,0
4,0.0,0.0,0.0,0.0,0
