,max,min,avg,median,count
0,0.6725376006325394,0.007788466449183336,0.25225965950828305,0.2397318170482524,45
1,0.6406008253904457,0.02283192032079878,0.28779488349282867,0.2552506502382609,73
2,0.7647257011337845,0.0031178577703698932,0.2561133664258318,0.22558121967534647,168
3,0.0,0.0,0.0,0.0,0
4,0.0,0.0,0.0,0.0,0
