,max,min,avg,median,count
0,0.9310481142182051,0.036303028253311845,0.5147441463179911,0.6196862232478944,14
1,0.7524376054745544,0.2546144111729127,0.4863618903609628,0.45324782741253705,16
2,0.9236961166440717,0.0019035918586372963,0.5069935036637332,0.5401371380584098,309
3,0.0,0.0,0.0,0.0,0
4,0.0,0.0,0.0,0.0,0
