,max,min,avg,median,count
0,0.7881888557478732,0.016309635932088,0.4624739551182238,0.5412471161634602,25
1,0.8291134216013564,0.03390488290079565,0.4960096192229406,0.5549274066329826,60
2,0.8904610648717014,0.0021060255231931117,0.4908652734094109,0.5276622991999163,171
3,0.0,0.0,0.0,0.0,0
4,0.0,0.0,0.0,0.0,0
