,max,min,avg,median,count
0,0.8625150748138503,0.011589151977804973,0.43252635272243223,0.49243130070226243,62
1,0.7919892894012319,0.004174454538223589,0.40659217615372434,0.3998802587834293,137
2,0.8206589447216823,0.009938365895176429,0.40659081981139844,0.4267611764623399,264
3,0.0,0.0,0.0,0.0,0
4,0.0,0.0,0.0,0.0,0
