,max,min,avg,median,count
0,0.9702446709610391,0.010650723411621073,0.6180006606632124,0.6559232737266345,31
1,0.9663437857666853,0.04222498765049492,0.6278950662446505,0.7125926196023756,107
2,0.972535535335574,0.019945089594540933,0.5433820022511796,0.5971392058964868,125
3,0.0,0.0,0.0,0.0,0
4,0.0,0.0,0.0,0.0,0
