,max,min,avg,median,count
0,0.7610173943131868,0.07758540357443608,0.4014588847725408,0.4226977810567313,25
1,0.7689621002389944,0.006830313879507028,0.2725368424090239,0.23046456762455422,62
2,0.8027821594388818,0.0022869872002326814,0.2716497552913702,0.25707339724461786,175
3,0.0,0.0,0.0,0.0,0
4,0.0,0.0,0.0,0.0,0
