,max,min,avg,median,count
0,0.7705856156707039,0.0348461594780538,0.3897378667946655,0.40270215462716963,53
1,0.7071003440427684,0.0126037603616759,0.33418250536075456,0.3159481742946076,105
2,0.7867883985267756,0.008147313185176301,0.3164078886128069,0.304788509173501,143
3,0.0,0.0,0.0,0.0,0
4,0.0,0.0,0.0,0.0,0
