,max,min,avg,median,count
0,0.9992078815356548,0.017540170436318593,0.6174146912347946,0.6995006972693141,74
1,0.999782020102292,0.012892471680254683,0.6295462100515976,0.7258267421631996,120
2,0.9919082936308813,0.0004197302183030671,0.5935565801639663,0.6459405389145851,360
3,0.0,0.0,0.0,0.0,0
4,0.0,0.0,0.0,0.0,0
