,max,min,avg,median,count
0,0.8892279982415812,0.007794728092721971,0.3400089181981973,0.30393299337367397,42
1,0.7669739057061801,3.243734944295191e-05,0.3128529308620323,0.30321294457662257,64
2,0.8255385138673759,0.005437891851851197,0.26609862858192473,0.22464414095217755,150
3,0.0,0.0,0.0,0.0,0
4,0.0,0.0,0.0,0.0,0
