,max,min,avg,median,count
0,0.8822343174644294,0.020902874418247095,0.4713756643152155,0.522697980763696,43
1,0.8943694866830736,0.00926124114606518,0.5078602681964433,0.554888093284912,67
2,0.9341874446322268,0.001385932873655587,0.48689814731173403,0.5521913099688879,154
3,0.0,0.0,0.0,0.0,0
4,0.0,0.0,0.0,0.0,0
