,max,min,avg,median,count
0,0.7811125898456706,0.06586414441982065,0.4605416915119701,0.4799963485637907,68
1,0.7532804313954735,0.01216209190937419,0.4228883034311264,0.43510076617721494,108
2,0.7971106468743715,0.0025796815576774284,0.388106917738833,0.4083892499919988,300
3,0.704542422011844,0.13518311268812688,0.4235895879948765,0.4376971009687803,13
4,0.0,0.0,0.0,0.0,0
