,max,min,avg,median,count
0,0.8892279982415813,0.005370608426324524,0.3475974848424003,0.3018671535776468,42
1,0.8028118837708755,0.001651013692102679,0.31282519911501083,0.273450853371655,66
2,0.7888348506101659,0.0008754464309341963,0.2804816437731619,0.24497857250256677,151
3,0.0,0.0,0.0,0.0,0
4,0.0,0.0,0.0,0.0,0
