,max,min,avg,median,count
0,0.6234758647945774,0.05094572277100072,0.27539258062854743,0.24971422520518619,33
1,0.6063712225840358,9.573498506048202e-05,0.3232959749429639,0.33458037055616663,102
2,0.7222648210406034,0.007598738796144492,0.314649722946619,0.2922771425818429,156
3,0.0,0.0,0.0,0.0,0
4,0.0,0.0,0.0,0.0,0
