,max,min,avg,median,count
0,0.7867829928885067,0.08869514617607101,0.47219225934653253,0.43209759983963436,26
1,0.8081707489028512,0.013196058982988972,0.46093960469908485,0.468326587862927,212
2,0.8376569335148464,0.0043574771789968705,0.45928684522309493,0.518499479207847,75
3,0.0,0.0,0.0,0.0,0
4,0.0,0.0,0.0,0.0,0
