,max,min,avg,median,count
0,0.934188652466495,0.0021092622828774526,0.6365495027116951,0.6927901001509801,52
1,0.8919653006527754,0.026562309833192285,0.5505660340096387,0.5808908984742681,119
2,0.9122902454906089,0.0038015629214911287,0.5032317945997995,0.5442312936438163,200
3,0.0,0.0,0.0,0.0,0
4,0.0,0.0,0.0,0.0,0
