,max,min,avg,median,count
0,0.7793657838338429,0.01206435804665963,0.3029203261920057,0.27393584989421105,28
1,0.8737222456742754,0.0015642369862933416,0.298632495849334,0.27281793367840285,111
2,0.9015510033976428,0.0033281405769819135,0.32497406716752575,0.2635449615485269,122
3,0.0,0.0,0.0,0.0,0
4,0.0,0.0,0.0,0.0,0
