,max,min,avg,median,count
0,0.8128509922705786,0.02281288146356736,0.35712748933242444,0.32687288649819074,45
1,0.7867675902650335,0.003196923692058666,0.35820821069993886,0.3747773889509312,66
2,0.8783275243017188,0.002709657623552301,0.37291345512304225,0.354348719801415,161
3,0.0,0.0,0.0,0.0,0
4,0.0,0.0,0.0,0.0,0
