,max,min,avg,median,count
0,0.8966258558598692,0.05499089519396689,0.6028086259546289,0.6292344870527451,21
1,0.923532904800398,0.000848446892428234,0.5293134227945966,0.5965802880340272,135
2,0.8950553153553322,0.015296555630114596,0.5350714446726559,0.6014085429233927,99
3,0.4166314123278835,0.4166314123278835,0.4166314123278835,0.4166314123278835,1
4,0.0,0.0,0.0,0.0,0
