,max,min,avg,median,count
0,0.9247090890044302,0.06554488514189996,0.6754450524347422,0.77655635554209,30
1,0.9562002125360439,0.009379782352166613,0.6724439906305669,0.7508308188979342,69
2,0.9505635348343636,0.0020032472254752536,0.598486429140557,0.6711511167394448,185
3,0.7325436913290208,0.04949479171584372,0.3910192415224322,0.3910192415224322,2
4,0.0,0.0,0.0,0.0,0
