,max,min,avg,median,count
0,0.8434716235418274,0.036335068307576844,0.4642353326064425,0.49397130050261473,12
1,0.9094535982710399,0.04078251462772907,0.5702538539691014,0.572292585138657,43
2,0.9243882318119623,0.009895648991888429,0.4703066639666105,0.5293005246141316,249
3,0.0,0.0,0.0,0.0,0
4,0.0,0.0,0.0,0.0,0
