,max,min,avg,median,count
0,0.7875310307883157,0.010654183878623906,0.33507543949275165,0.3290042828619361,41
1,0.8437133858917153,0.0006849323634735923,0.3720693489849065,0.34962503159240954,105
2,0.9045594741185621,0.0006934538507728598,0.38011985747381055,0.37130852026360683,154
3,0.0,0.0,0.0,0.0,0
4,0.0,0.0,0.0,0.0,0
