,max,min,avg,median,count
0,0.40046665971860934,0.00146876747832074,0.182000968060625,0.16334125350535847,33
1,0.4670179193030909,0.015193901473256284,0.2266534182783746,0.20873744351345871,100
2,0.42856214791197544,0.004388310067559377,0.1933924370631124,0.19007166608914552,154
3,0.0,0.0,0.0,0.0,0
4,0.0,0.0,0.0,0.0,0
