,max,min,avg,median,count
0,0.8931309903953868,0.0027809145613188614,0.6658906057085416,0.7426057149243801,32
1,0.8960374212319083,0.017793702311714486,0.5118344275451199,0.5546588518051996,90
2,0.9119520516478976,0.00030979534605496135,0.5989773834528883,0.6726237890330187,168
3,0.0,0.0,0.0,0.0,0
4,0.0,0.0,0.0,0.0,0
