,max,min,avg,median,count
0,0.8448164339110467,0.16563316243140336,0.5944927520193579,0.6702459430413605,32
1,0.8913613282052717,0.026832946892051422,0.5802313711101954,0.6596897830231192,128
2,0.8878620994480432,0.0001545407479837056,0.5446409481452094,0.6208840163328371,139
3,0.0,0.0,0.0,0.0,0
4,0.0,0.0,0.0,0.0,0
