,max,min,avg,median,count
0,0.8215858606085606,0.22306793394280983,0.6070315014196567,0.6396079051467456,22
1,0.7172411634916203,0.042782764920200805,0.3946592580693366,0.3923988203067211,51
2,0.8879527256139748,0.003752979175598995,0.44864602816383703,0.454393803997012,186
3,0.0,0.0,0.0,0.0,0
4,0.0,0.0,0.0,0.0,0
