,max,min,avg,median,count
0,0.8670664965991426,0.14519106613055643,0.5397042772743842,0.5823111524454102,29
1,0.8360597139823427,0.01957035802495375,0.36783115634320973,0.35739368934068927,137
2,0.8205331101220382,0.03025943408750259,0.4061342430293065,0.4275093369541608,90
3,0.0,0.0,0.0,0.0,0
4,0.0,0.0,0.0,0.0,0
