,max,min,avg,median,count
0,0.7652118198071207,0.012086905267877524,0.27001374354511437,0.21608423530772047,22
1,0.7733881582099854,0.017696197317741014,0.3264117800780679,0.2863686291447386,50
2,0.8345881263094451,0.00427165453818304,0.30175193546574786,0.26766278796762233,185
3,0.0,0.0,0.0,0.0,0
4,0.0,0.0,0.0,0.0,0
