,max,min,avg,median,count
0,0.9037914421127176,0.08425525708847946,0.5516868024095266,0.6129665072529996,31
1,0.8895720764731071,0.027376295044627418,0.5157218536771039,0.5549241859550013,77
2,0.8951137141889662,0.0009730399845873147,0.4823706927381241,0.5188313185801516,280
3,0.0,0.0,0.0,0.0,0
4,0.0,0.0,0.0,0.0,0
