,max,min,avg,median,count
0,0.8917244521538488,0.030961810052527305,0.48322083606489125,0.48261889462216134,28
1,0.7867195419103373,0.03450874376713622,0.46143736728333107,0.4777958589333535,77
2,0.8918372259912513,0.009134714206736767,0.45939946913953217,0.48463495453465744,157
3,0.0,0.0,0.0,0.0,0
4,0.0,0.0,0.0,0.0,0
