,max,min,avg,median,count
0,0.470741229393611,0.03289721779287933,0.2228516483208152,0.20825149683602573,27
1,0.6830400898048189,0.005356354592196575,0.2638041091925481,0.23884264776705272,86
2,0.618974580949125,0.0008626944041896031,0.24198759577029652,0.232676968875345,150
3,0.0,0.0,0.0,0.0,0
4,0.0,0.0,0.0,0.0,0
