,max,min,avg,median,count
0,0.8405096657952065,0.03337448464978553,0.3516214275118851,0.31960198334443357,31
1,0.7785086928717717,0.018271617760163932,0.3434927858967822,0.37625807488007157,150
2,0.7274614938120594,0.007031785263346782,0.30025268220760853,0.31032901795258216,112
3,0.0,0.0,0.0,0.0,0
4,0.0,0.0,0.0,0.0,0
