,max,min,avg,median,count
0,0.6181064896751892,0.0048147381416496614,0.34247607520825696,0.3575871199616037,41
1,0.6355318972035066,0.001966877827472373,0.2678312126113851,0.25102113534092046,126
2,0.6785147731999509,0.008933417689139817,0.28602443453105264,0.2855098741008595,104
3,0.0,0.0,0.0,0.0,0
4,0.0,0.0,0.0,0.0,0
