,max,min,avg,median,count
0,0.3651950639019107,0.0007419314835450511,0.18985586743659272,0.19325631431149337,28
1,0.6500779485884661,0.0009816401299701794,0.19563768180769095,0.17476321750812046,153
2,0.6154353126517772,0.004637028231157849,0.15150800864835556,0.10007275867995846,73
3,0.0,0.0,0.0,0.0,0
4,0.0,0.0,0.0,0.0,0
