,max,min,avg,median,count
0,0.7537832287311838,0.12444103773812062,0.4565006883451022,0.5168881544614006,9
1,0.878057057521604,0.08995257404925551,0.5714319669099964,0.589524010765373,33
2,0.9154480057204913,0.00027533761999694794,0.5348662834720096,0.5817736221217295,221
3,0.0,0.0,0.0,0.0,0
4,0.0,0.0,0.0,0.0,0
