,max,min,avg,median,count
0,0.9157574155654679,0.10017109556726637,0.40170298425213713,0.29720294966748523,11
1,0.970583688398986,0.0075054639590956965,0.6387723753923232,0.7130853725740619,73
2,0.9322559419549294,0.0029171783746860043,0.5982520629938909,0.6723003075826098,240
3,0.0,0.0,0.0,0.0,0
4,0.0,0.0,0.0,0.0,0
