,max,min,avg,median,count
0,0.9081364981019379,0.04159566991192615,0.6859432401127006,0.7181302135745143,26
1,0.9140359884678851,0.004746661937811471,0.5965831171080244,0.6594785940654964,67
2,0.9206199847594566,0.0060882851563671845,0.5748555658650489,0.6506271482261347,248
3,0.0,0.0,0.0,0.0,0
4,0.0,0.0,0.0,0.0,0
