,max,min,avg,median,count
0,0.6259669951615128,0.0011002245921515781,0.30340858093098544,0.29175521085082556,46
1,0.7013378718173331,0.003886843131515961,0.30947957559556427,0.3025394076878391,77
2,0.6374687265323097,0.0005384589595314748,0.3282800808234295,0.36193826324972433,142
3,0.0,0.0,0.0,0.0,0
4,0.0,0.0,0.0,0.0,0
