,max,min,avg,median,count
0,0.9474166544867889,0.1640676303453426,0.6601481271171143,0.6786603731291156,44
1,0.9520387154885942,0.013681742264146687,0.6372910993957119,0.7072019589772679,146
2,0.937959261146488,0.003473274085481964,0.5790990100876784,0.6545732644151296,286
3,0.0,0.0,0.0,0.0,0
4,0.0,0.0,0.0,0.0,0
