,max,min,avg,median,count
0,0.7963086754915721,0.021460516664163935,0.46579216190515343,0.47073546444253345,45
1,0.8730838735109725,0.00041977825076014116,0.4334676965565983,0.4328260676445175,126
2,0.8573579748412524,0.004318567424794737,0.432328008744499,0.4401032538437289,129
3,0.0,0.0,0.0,0.0,0
4,0.0,0.0,0.0,0.0,0
