,max,min,avg,median,count
0,0.8673211575358131,0.09088866284603286,0.5406247892350052,0.5854778276659011,36
1,0.9027679277053106,0.00018151464907432765,0.583636063171973,0.664343872506982,89
2,0.9137350013867921,0.019735029439565687,0.5128528692753029,0.5363802763772442,135
3,0.0,0.0,0.0,0.0,0
4,0.0,0.0,0.0,0.0,0
