,max,min,avg,median,count
0,0.7710881474355509,0.21724419669071066,0.4088532788676142,0.28644947282065525,6
1,0.8742551280384955,0.007785775848674462,0.5206911131118815,0.5960330014907081,138
2,0.8731822427532556,0.0009690454729041252,0.49657752161885776,0.5291180228386295,162
3,0.8127724783117058,0.02830913706387346,0.5033795488695867,0.556948171571026,32
4,0.0,0.0,0.0,0.0,0
