,max,min,avg,median,count
0,0.8024009556025794,0.0021904402659144277,0.4555980105598336,0.4913319849992537,38
1,0.7935158987267478,0.01379427660312694,0.5035415078164058,0.5447127698326166,138
2,0.8217751320593416,0.03525761555506348,0.4774976681257655,0.5018641421938445,81
3,0.0,0.0,0.0,0.0,0
4,0.0,0.0,0.0,0.0,0
