,max,min,avg,median,count
0,0.9276844496284723,0.06667533724946349,0.46265958440605076,0.5080551794689983,40
1,0.931117975619638,0.003856105736828703,0.5417532931194642,0.5724933342845299,83
2,0.9229797385233007,0.015408711693951664,0.5419129312967338,0.5990545602663322,131
3,0.8446138447716914,0.609729662633713,0.7271717537027023,0.7271717537027023,2
4,0.0,0.0,0.0,0.0,0
