,max,min,avg,median,count
0,0.7041849301010153,0.02081146026909034,0.2630007422940628,0.1891926848918029,24
1,0.8408492064251847,0.0011705287490009725,0.3661769473954526,0.3012223158072479,80
2,0.7837123081985171,0.001067467365271328,0.3399401402410281,0.32437867064638726,157
3,0.0,0.0,0.0,0.0,0
4,0.0,0.0,0.0,0.0,0
