,max,min,avg,median,count
0,0.5472096244008308,0.05986228097962196,0.29402052008455354,0.29591957351235,6
1,0.8303769274725115,0.004218129418902587,0.43642866805414693,0.4339451470244298,117
2,0.7925042768017176,0.008094363731226569,0.36982862733259314,0.3648717082282771,135
3,0.0,0.0,0.0,0.0,0
4,0.0,0.0,0.0,0.0,0
