,max,min,avg,median,count
0,0.6614037144489054,0.021091370985058512,0.27035710408474006,0.23592685954621576,42
1,0.821551974006703,0.0007238417262902063,0.25109820477628103,0.2112232029373014,95
2,0.8255385138673759,0.002032817668242003,0.2537756073598717,0.20415229345085867,118
3,0.7066035966574987,0.7066035966574987,0.7066035966574987,0.7066035966574987,1
4,0.0,0.0,0.0,0.0,0
