,max,min,avg,median,count
0,0.9549903439408852,0.010385285225119582,0.5754810310881867,0.6305965497682604,52
1,0.9529308548562694,0.01840410463606768,0.6546672678870942,0.7865004264662213,90
2,0.9615227680114595,0.01157808482641154,0.6797086891236795,0.7941338066259418,216
3,0.9245171735499591,0.05149843227838189,0.7377584466801372,0.8399534775373384,8
4,0.0,0.0,0.0,0.0,0
