,max,min,avg,median,count
0,0.8383314491623705,0.005663483617231172,0.5361900606762603,0.6042721988286042,48
1,0.8656874241063066,0.009813703553923265,0.5700835558232661,0.6586480990635638,98
2,0.9102904507965061,0.0032631514874672976,0.521507157924333,0.5831175525963905,114
3,0.0,0.0,0.0,0.0,0
4,0.0,0.0,0.0,0.0,0
