,max,min,avg,median,count
0,0.882873415698777,0.23624451342260044,0.5961163232605599,0.6567203898166767,25
1,0.8281637227303181,0.0032179739940023052,0.41211824942933534,0.4076745462765352,113
2,0.8469924484557957,0.009802040436253585,0.44761538921075184,0.48200630767589847,122
3,0.0,0.0,0.0,0.0,0
4,0.0,0.0,0.0,0.0,0
