,max,min,avg,median,count
0,0.8860340545318753,0.0759385006581053,0.6126837911264725,0.6882031690488069,22
1,0.7914643330343103,0.03456287785195987,0.36792294266963443,0.33806161528066875,49
2,0.9354627337927646,0.005924604078467538,0.42691819109163726,0.4341544268327197,185
3,0.0,0.0,0.0,0.0,0
4,0.0,0.0,0.0,0.0,0
