,max,min,avg,median,count
0,0.8796241125235039,0.008991444152905962,0.40934051906224156,0.47106667060082097,32
1,0.8821288538242097,0.006440338497931761,0.4068405368296613,0.40666333077517236,171
2,0.8548959408514609,0.023224438480039276,0.39420164818397696,0.4013951758636417,78
3,0.0,0.0,0.0,0.0,0
4,0.0,0.0,0.0,0.0,0
