,max,min,avg,median,count
0,0.8523060920296667,0.024283561670450808,0.3854567153924907,0.39431059571412247,61
1,0.7765923599901975,0.0005185039236430892,0.3922604624975542,0.39835100548286795,124
2,0.8185319255094999,0.004640603920596428,0.4132389336619363,0.4095713966637597,278
3,0.0,0.0,0.0,0.0,0
4,0.0,0.0,0.0,0.0,0
