,max,min,avg,median,count
0,0.6923063638809096,0.0052920779972657215,0.3357517876146124,0.29371961643194083,41
1,0.6785193067213445,0.0021251426494651457,0.3013884184474827,0.27498125670093865,112
2,0.8258788500455977,0.0001425549904465255,0.3078589010091061,0.28592091175045053,122
3,0.0,0.0,0.0,0.0,0
4,0.0,0.0,0.0,0.0,0
