,max,min,avg,median,count
0,0.7331603033614644,0.01270308459860652,0.30953162132629813,0.2573578518326984,41
1,0.794493565923105,0.002243009197535855,0.31406125705305893,0.2736050118756448,72
2,0.7788535468475047,0.0057940390526209995,0.30437050522810305,0.27353961349531225,159
3,0.6401070793309045,0.14447501896887807,0.39229104914989127,0.39229104914989127,2
4,0.0,0.0,0.0,0.0,0
