,max,min,avg,median,count
0,0.765361701443449,0.012590321173858292,0.38234471387544827,0.35812924058522955,23
1,0.7201270963426025,0.006372999954882173,0.29828369780400477,0.27480358897296425,139
2,0.826031338160978,0.022676782785492955,0.29133003140998803,0.2574841512292555,95
3,0.0,0.0,0.0,0.0,0
4,0.0,0.0,0.0,0.0,0
