,max,min,avg,median,count
0,0.9234511708708522,0.015194634972840983,0.5395092298259209,0.6385327750995625,37
1,0.9411332000677757,0.04585191420450706,0.5781346749881655,0.6448209529751314,102
2,0.9461871738904242,0.015170918033201058,0.5278888086357268,0.5157468652076117,119
3,0.0,0.0,0.0,0.0,0
4,0.0,0.0,0.0,0.0,0
