,max,min,avg,median,count
0,0.8018292940117266,0.01814384197641341,0.4975522725775008,0.5838021740610543,38
1,0.8458508612969332,0.02403460840474196,0.5867141239485332,0.6384420872281829,80
2,0.8295757684176769,0.001981639605011031,0.5459866443887087,0.6040014940661983,166
3,0.0,0.0,0.0,0.0,0
4,0.0,0.0,0.0,0.0,0
