,max,min,avg,median,count
0,0.925088001802853,0.025347108823163385,0.5983524225206582,0.6791503013061873,42
1,0.9421073413104176,0.0015437171419237083,0.5458885896461135,0.5729471242335578,81
2,0.95953292586794,0.0027643511173503876,0.5266886593806108,0.5939788315482526,146
3,0.794621259605807,0.06492188512245235,0.5212197317602851,0.7041160505525962,3
4,0.0,0.0,0.0,0.0,0
