,max,min,avg,median,count
0,0.6439244424708355,0.019898601583590005,0.40808137816662426,0.4274399472345185,28
1,0.8997080787360342,0.002225017118466716,0.4503934479990342,0.4876825429886723,64
2,0.8918556279204207,0.006858324199148544,0.398933378062531,0.3786903992139163,182
3,0.0,0.0,0.0,0.0,0
4,0.0,0.0,0.0,0.0,0
