,max,min,avg,median,count
0,0.7982208085864813,0.13776362052501134,0.413989299884105,0.4088724474370543,11
1,0.8332542908891273,0.0008534233814620376,0.42331414058662314,0.4491009488022178,215
2,0.842707866191565,0.012332838984528579,0.3882068873221036,0.37436292852627007,67
3,0.0,0.0,0.0,0.0,0
4,0.0,0.0,0.0,0.0,0
