,max,min,avg,median,count
0,0.9434607958064595,0.01818204765166317,0.5578968261831779,0.624705632640912,39
1,0.9304411765283335,0.05421984352497455,0.6437966024477385,0.732153106172963,72
2,0.9564056975275025,0.020857503636663804,0.5795999431693614,0.6445873231732683,153
3,0.0,0.0,0.0,0.0,0
4,0.0,0.0,0.0,0.0,0
