,max,min,avg,median,count
0,0.8953129946580126,0.038704546626114174,0.5635859098324346,0.6306772599793056,46
1,0.9544819942753389,0.009583448735294865,0.6483903484728675,0.7399481089044675,134
2,0.9406368266712835,0.020621386958387136,0.6318132716414582,0.7393780290922826,121
3,0.0,0.0,0.0,0.0,0
4,0.0,0.0,0.0,0.0,0
