,max,min,avg,median,count
0,0.765851108875092,0.03434319366171125,0.3739755999562116,0.35696117758995904,32
1,0.7647607527770878,0.01751674309560682,0.34377752877264095,0.3424307370605721,69
2,0.7952555403706022,0.000567243068859977,0.3529910668588493,0.3501943573732603,275
3,0.0,0.0,0.0,0.0,0
4,0.0,0.0,0.0,0.0,0
