,max,min,avg,median,count
0,0.8482445785574951,0.02080092467953483,0.5002335936724465,0.4943730534126446,31
1,0.8626115294690427,0.059374092268515186,0.5615607171451877,0.5991946375857748,81
2,0.8595576450951098,0.0014135488033664128,0.5296943863120221,0.5719376129426159,167
3,0.0,0.0,0.0,0.0,0
4,0.0,0.0,0.0,0.0,0
