,max,min,avg,median,count
0,0.7724182595859207,0.002802026499325911,0.36929084073824275,0.3834449852009693,42
1,0.8423043691659313,0.01020167860746235,0.39496915386184184,0.4071041957568769,102
2,0.8297595301870799,0.002644506525232129,0.40659889908059055,0.42503893403263593,121
3,0.0,0.0,0.0,0.0,0
4,0.0,0.0,0.0,0.0,0
