,max,min,avg,median,count
0,0.8827987923527975,0.022291284963532873,0.43786208266422627,0.4544983758031206,40
1,0.926657721123777,0.018425078551154644,0.37428474911140924,0.3621653011080088,83
2,0.872360885282963,0.004139609362940209,0.3635876895609361,0.36858498803090123,132
3,0.5724830914085859,0.5724830914085859,0.5724830914085859,0.5724830914085859,1
4,0.0,0.0,0.0,0.0,0
