,max,min,avg,median,count
0,0.8026127809146268,0.014526239705404818,0.5226677045070937,0.6071910805620687,29
1,0.8658035860879034,0.009590722794821777,0.4374425839957577,0.47118753153311277,153
2,0.8578658549866789,0.007864741214090724,0.44495922855463615,0.4658183299766421,74
3,0.0,0.0,0.0,0.0,0
4,0.0,0.0,0.0,0.0,0
