,max,min,avg,median,count
0,0.6703082388277483,0.03152078209978045,0.29827938862556624,0.26718665866279956,28
1,0.8033971910921178,0.016899550001384333,0.37053981974156297,0.3951378776963617,77
2,0.8348712682539303,0.0017009506761887824,0.3466945921657342,0.32276750778377766,156
3,0.0,0.0,0.0,0.0,0
4,0.0,0.0,0.0,0.0,0
