,max,min,avg,median,count
0,0.9614287766280575,0.08038133442580075,0.5856560977839046,0.6195458083341614,23
1,0.9483542963643738,0.010015644087781564,0.607502871344155,0.6953974554010824,128
2,0.9645873581054654,0.012890621018938505,0.5504250929497162,0.5983888002401111,108
3,0.41198878848936954,0.41198878848936954,0.41198878848936954,0.41198878848936954,1
4,0.0,0.0,0.0,0.0,0
