,max,min,avg,median,count
0,0.6933105339427185,0.0039627992189733745,0.35521849276298706,0.3811829028497249,26
1,0.8300036944527109,0.002430038433722955,0.3507712544200807,0.32934770143701453,116
2,0.7618755493737968,0.007302553843266057,0.33382186183796964,0.32846050111128944,118
3,0.06624950239838684,0.06624950239838684,0.06624950239838684,0.06624950239838684,1
4,0.0,0.0,0.0,0.0,0
