,max,min,avg,median,count
0,0.8659599395873655,0.013658714341918156,0.4025503258628874,0.4076386720501997,39
1,0.8056943244759472,0.009789988685832947,0.38427510361128514,0.40600357473726256,108
2,0.8547127419379312,0.0032522661705942086,0.4356913468239583,0.5029249266136555,111
3,0.3476449511670335,0.3476449511670335,0.3476449511670335,0.3476449511670335,1
4,0.0,0.0,0.0,0.0,0
