,max,min,avg,median,count
0,0.8058523293620845,0.00011700753210043096,0.4677921700136688,0.47880134967117527,26
1,0.7667000113485295,0.013371004796563654,0.41692602040275556,0.43586052087718874,95
2,0.7777356507201673,0.0039619591649721125,0.42196797817035697,0.4545517105856899,142
3,0.0,0.0,0.0,0.0,0
4,0.0,0.0,0.0,0.0,0
