,max,min,avg,median,count
0,0.8407031171845705,0.027335241461957527,0.457940527299232,0.5014756875395083,31
1,0.6803301940826572,0.0011310722950813078,0.2796898800296238,0.2603246210578112,150
2,0.7519352016747818,0.008417436086470059,0.27924156365929,0.24092812207947922,99
3,0.0,0.0,0.0,0.0,0
4,0.0,0.0,0.0,0.0,0
