,max,min,avg,median,count
0,0.423027946006961,0.014381518380166616,0.1706844986592384,0.16917685787246092,34
1,0.543304918120544,0.010634760665074194,0.19245633162916181,0.17273506749156012,79
2,0.6056035753490341,5.4838160190145897e-05,0.19691953965039757,0.1900377324916521,289
3,0.0,0.0,0.0,0.0,0
4,0.0,0.0,0.0,0.0,0
