,max,min,avg,median,count
0,0.6916543781012496,0.030865179829823324,0.2857415143576383,0.22140990179976477,19
1,0.8850853341724884,0.0008672545846221616,0.29043179400477903,0.24149113988029391,79
2,0.9317001746582344,0.0033465365804783353,0.3042440844050524,0.2545097454542792,378
3,0.796593438281137,0.1549049387921448,0.3536017363144865,0.2854332285449295,9
4,0.0,0.0,0.0,0.0,0
