,max,min,avg,median,count
0,0.7430111047790294,0.03516738114027173,0.42803110165291064,0.44469036762474623,40
1,0.7645941618403458,0.01632537383329596,0.3778297655615454,0.3959300436613556,73
2,0.7662232833241966,0.00012509753293956483,0.36465704660288567,0.3598697289022409,146
3,0.44968611525234836,0.15086233991350503,0.3320931774016491,0.395731077039094,3
4,0.0,0.0,0.0,0.0,0
