,max,min,avg,median,count
0,0.7539442575910104,0.05122428510441946,0.4037429210188367,0.4292295275812499,47
1,0.8210989348146809,0.01008155437858123,0.37684811921794187,0.4033808957976933,72
2,0.7727143063911879,0.005234361353801321,0.3952241489972118,0.4168855348278806,177
3,0.0,0.0,0.0,0.0,0
4,0.0,0.0,0.0,0.0,0
