,max,min,avg,median,count
0,0.8794357206410696,0.04341077998975359,0.39152287998851876,0.39198099763974065,53
1,0.8650089317844901,0.00023210061409145437,0.3803717647339371,0.38980502931715566,211
2,0.7157450189293983,0.09749672440238492,0.42405133243359383,0.44966598932068486,43
3,0.0,0.0,0.0,0.0,0
4,0.0,0.0,0.0,0.0,0
