,max,min,avg,median,count
0,0.7256971202382565,0.011401503295739891,0.31111880578915385,0.2747891781847929,65
1,0.8891770078898249,0.004283663156138362,0.3823211895962881,0.38852486363397065,264
2,0.8044886827275276,0.002404401560336606,0.3574221919986587,0.3415247470015947,133
3,0.0,0.0,0.0,0.0,0
4,0.0,0.0,0.0,0.0,0
