,max,min,avg,median,count
0,0.8650074693461169,0.0063885085457361995,0.4586633208651263,0.5294250255956959,37
1,0.8969862381033676,0.00023995939945945882,0.4183448293258588,0.43163305910335603,109
2,0.8250335517475139,0.004474522083267449,0.4212959373908244,0.42221297900300936,116
3,0.0,0.0,0.0,0.0,0
4,0.0,0.0,0.0,0.0,0
