,max,min,avg,median,count
0,0.7517394266427174,0.006343380746399432,0.43857790232555166,0.5229622731845512,23
1,0.9098908049376937,0.014659287302086231,0.4332091179790575,0.4575164992816382,106
2,0.8677980535266052,0.012577859374810613,0.47492173901843554,0.4792069746707229,127
3,0.0,0.0,0.0,0.0,0
4,0.0,0.0,0.0,0.0,0
