,max,min,avg,median,count
0,0.7991734319457988,0.0007469188088868288,0.40019487955411315,0.3896349202858128,37
1,0.8612364159700532,0.0020263550081950073,0.4834862341189221,0.5150244035835201,116
2,0.7723979930241937,0.001627432277383709,0.4176920540834217,0.479900415700507,103
3,0.0,0.0,0.0,0.0,0
4,0.0,0.0,0.0,0.0,0
