,max,min,avg,median,count
0,0.959763222778076,0.009361490641737795,0.4685840221279821,0.5003683316523612,75
1,0.9792184621922109,0.0034294997181333756,0.5505696066213369,0.5841002340696764,190
2,0.9893626773307962,0.004872055233205226,0.5269117964721873,0.5617138803148043,286
3,0.0,0.0,0.0,0.0,0
4,0.0,0.0,0.0,0.0,0
