,max,min,avg,median,count
0,0.8277754695986321,0.042155387155079146,0.49429516712610416,0.477283040573642,44
1,0.8384878803520309,0.008684947338068632,0.47893813531922685,0.5314562853740468,103
2,0.8679898972975656,0.011316715150471616,0.4607818475594415,0.47706083081899564,125
3,0.0,0.0,0.0,0.0,0
4,0.0,0.0,0.0,0.0,0
