,max,min,avg,median,count
0,0.7864749729738534,0.00963548996988731,0.31815900221791343,0.3283903081328055,44
1,0.6687762208623597,0.002430038433722955,0.31883498807730265,0.3357005064161896,89
2,0.6435632655552146,0.004583954052251918,0.2982620978773672,0.3042725241781148,130
3,0.0,0.0,0.0,0.0,0
4,0.0,0.0,0.0,0.0,0
