,max,min,avg,median,count
0,0.9531654310240918,0.012064358046659632,0.5124446773203273,0.5253721786048703,29
1,0.9463984873608616,0.003059747567208971,0.5752304424011144,0.6609727269523327,100
2,0.9245793173866642,0.010025816078360584,0.5181256177826749,0.5502744453501152,131
3,0.0,0.0,0.0,0.0,0
4,0.0,0.0,0.0,0.0,0
