,max,min,avg,median,count
0,0.6299387783968666,0.01281162845536945,0.2863381496982722,0.2850929974473047,21
1,0.6603940401858361,0.00460366640955081,0.24516485908787616,0.22224545976881985,80
2,0.7017105132004217,0.0008626944041896031,0.26751978126499154,0.240033546867701,169
3,0.0,0.0,0.0,0.0,0
4,0.0,0.0,0.0,0.0,0
