,max,min,avg,median,count
0,0.4761294442617565,0.00020402809323207376,0.22169091956531586,0.23998792905711397,44
1,0.6766105556290519,0.009516135999673082,0.2397223864528198,0.2250491909691217,65
2,0.6199604238735291,0.01017978867309532,0.22579651360628528,0.22316012427292167,153
3,0.0,0.0,0.0,0.0,0
4,0.0,0.0,0.0,0.0,0
