,max,min,avg,median,count
0,0.9110447759261967,0.031021040818572862,0.48385550910785524,0.49429995801994037,29
1,0.8941218189819717,0.004154493961045566,0.4080295119465662,0.39965847582660197,87
2,0.8841668223628095,0.007208225265801134,0.38028694477946784,0.3801964798838008,166
3,0.692959406013693,0.03226466975411389,0.4475215432993435,0.6173405541302236,3
4,0.0,0.0,0.0,0.0,0
