,max,min,avg,median,count
0,0.8774987059952188,0.1141057524060355,0.493163874303509,0.5586292873985413,28
1,0.8077220375034128,0.0026541886271655313,0.3619653690894567,0.3505545724875576,111
2,0.9354627337927646,0.0033136571410933213,0.40720892600724895,0.4045336926105458,115
3,0.19998294531989866,0.10659217889863143,0.15328756210926503,0.15328756210926503,2
4,0.0,0.0,0.0,0.0,0
