,max,min,avg,median,count
0,0.9212381823509839,0.054026452652702506,0.6458506786222104,0.6953836853910617,25
1,0.9408062327732569,0.016131953269906043,0.5132377723232643,0.5593756062498377,115
2,0.9131831654041345,0.022194057755055126,0.5648733231378504,0.6202089164127915,120
3,0.0,0.0,0.0,0.0,0
4,0.0,0.0,0.0,0.0,0
