,max,min,avg,median,count
0,0.8285543591832647,0.00020207460449276867,0.3666826284111681,0.39052221383327645,49
1,0.8408492064251847,0.0023443298015808373,0.32911274698800436,0.3237489353087233,151
2,0.8401815962799724,0.00037805349600361084,0.36209566800319193,0.33087433575760733,57
3,0.0,0.0,0.0,0.0,0
4,0.0,0.0,0.0,0.0,0
