,max,min,avg,median,count
0,0.8900773306778891,0.06008612243832695,0.4943891537011705,0.538974411752147,37
1,0.9337422858746574,0.018328821190183454,0.55104373220819,0.6582932011214263,87
2,0.956973175285622,0.005404263745737055,0.5326463566465143,0.6120886900722021,259
3,0.0,0.0,0.0,0.0,0
4,0.0,0.0,0.0,0.0,0
