,max,min,avg,median,count
0,0.9546812573152951,0.055302150332132226,0.502223003195659,0.481328032493469,40
1,0.9509882698066204,0.0012094411800866061,0.5434840473172986,0.5502962213318318,81
2,0.9448784307781274,0.003377592564983827,0.5855390558895208,0.6592711891166573,135
3,0.7148210126282963,0.2616766562475302,0.4882488344379133,0.4882488344379133,2
4,0.0,0.0,0.0,0.0,0
