,max,min,avg,median,count
0,0.7154512843837564,0.000661387562740855,0.2944535355438927,0.2949331379150944,45
1,0.6472460955877651,0.002594990881228651,0.32608170591589264,0.34178394696277536,82
2,0.6970944257771855,0.007045188988272316,0.33567264066717134,0.35964309824831275,143
3,0.0,0.0,0.0,0.0,0
4,0.0,0.0,0.0,0.0,0
