,max,min,avg,median,count
0,0.645449746122632,0.0020981128198950655,0.13272678618249387,0.11048184435906298,45
1,0.19433305929316505,0.0005105510852093283,0.0734444633636482,0.06436988871989711,179
2,0.23165424201030682,0.0011973071075010856,0.09039412534111627,0.08045904460831466,32
3,0.0,0.0,0.0,0.0,0
4,0.0,0.0,0.0,0.0,0
