,max,min,avg,median,count
0,0.09809562551066033,0.00045659769204805324,0.03618341335751757,0.030562499617914157,34
1,0.09084029231160104,9.956740536442901e-05,0.034401737527525525,0.03301569153220486,90
2,0.13607110400819025,5.154624786983191e-07,0.03997701720689362,0.0353310751496618,147
3,0.0,0.0,0.0,0.0,0
4,0.0,0.0,0.0,0.0,0
