,max,min,avg,median,count
0,0.14750889039726078,0.0016075181751417761,0.05082316776402293,0.045481720704342365,49
1,0.24705333805521945,0.0049379292982794296,0.06801870112175444,0.05815174282348717,88
2,0.20988186971986564,0.0005078548062535541,0.05893385755240531,0.048237872135671295,134
3,0.0,0.0,0.0,0.0,0
4,0.0,0.0,0.0,0.0,0
