,max,min,avg,median,count
0,0.12107347496261725,0.002874023605648821,0.048459703130461114,0.04356345842508723,24
1,0.11426742526642569,0.0007000619322061495,0.038116749185899,0.0330303765090204,83
2,0.12623596118323108,0.00021618080916628956,0.03367275930066153,0.026164616572972886,166
3,0.0,0.0,0.0,0.0,0
4,0.0,0.0,0.0,0.0,0
