,max,min,avg,median,count
0,0.21276273336704685,0.005074216303115436,0.07312457118320793,0.06314353561635792,29
1,0.229522109112305,6.0684481178913524e-05,0.07685657507884457,0.06842034571238091,93
2,0.24329220225032197,0.000454695221599141,0.0716663350257712,0.0649863555287418,138
3,0.0,0.0,0.0,0.0,0
4,0.0,0.0,0.0,0.0,0
