,max,min,avg,median,count
0,0.14996409535711136,0.0006204873433792729,0.05876126674364987,0.05072893419685369,22
1,0.09022975008255706,0.00030143385417613367,0.04107412583378991,0.03726856104339123,69
2,0.1374942136439691,0.0008668491710897909,0.040595582531046843,0.0365690346137439,166
3,0.03895875545353008,0.008535475092708206,0.023747115273119145,0.023747115273119145,2
4,0.0,0.0,0.0,0.0,0
