,max,min,avg,median,count
0,0.20365679213480975,0.0011826558086853972,0.07654694982288096,0.06533841824584785,36
1,0.18430089571988043,0.002760328592123454,0.057532627974030796,0.05155725632099241,68
2,0.18503005356211707,0.00020995735430834615,0.0576110700497166,0.052838268235692834,162
3,0.0,0.0,0.0,0.0,0
4,0.0,0.0,0.0,0.0,0
