,max,min,avg,median,count
0,0.5918918045999453,0.0035333888930503938,0.19524423791642967,0.1744788919456455,27
1,0.46635450043154775,0.0010730435071163464,0.10123331221864236,0.0815149354443675,113
2,0.3355935501129138,0.0004428494625321991,0.09656540492276974,0.083034945131587,118
3,0.07566620278895006,0.0007386471136839523,0.038202424951317,0.038202424951317,2
4,0.0,0.0,0.0,0.0,0
