,max,min,avg,median,count
0,0.24577138652841152,0.0008285064177000857,0.0968539962256554,0.08967878949960768,46
1,0.24810671832937856,0.0011368370428814587,0.09052886829693127,0.08163984672723536,129
2,0.22536932711838908,0.0014093854297949084,0.10100883605848196,0.10022985599317245,87
3,0.0,0.0,0.0,0.0,0
4,0.0,0.0,0.0,0.0,0
