,max,min,avg,median,count
0,0.2426567252511429,0.005384995249891769,0.07150386853489955,0.06708856554081721,43
1,0.2471522247880864,0.0011386423865234639,0.06952877720263734,0.07147840864262442,118
2,0.1462540625290524,0.0005418221610952515,0.06473707709376228,0.06269486264146534,101
3,0.0,0.0,0.0,0.0,0
4,0.0,0.0,0.0,0.0,0
