,max,min,avg,median,count
0,0.4261182485957485,0.02347700471915572,0.17857324642069095,0.1451626418630383,36
1,0.412680239550148,0.0011677123944898874,0.10274641746927424,0.08541545387538188,206
2,0.20068328307337782,0.004340840723714713,0.09519678741836002,0.09926033139867817,17
3,0.0,0.0,0.0,0.0,0
4,0.0,0.0,0.0,0.0,0
