,max,min,avg,median,count
0,0.2292464216352239,0.0027817761114615758,0.0662534850938582,0.062384913635983585,50
1,0.1765489992909224,0.0002504663143083056,0.05319545509906236,0.046214390236556595,92
2,0.30545028114357836,3.1538583985948434e-05,0.06320571954683506,0.05185966885042524,237
3,0.0,0.0,0.0,0.0,0
4,0.0,0.0,0.0,0.0,0
