,max,min,avg,median,count
0,0.14018383349981814,0.005905455465374492,0.061991600014770734,0.06112304128465481,40
1,0.21140563378837265,0.0002593423591441943,0.0625115197977557,0.06513105815413783,94
2,0.15529510562781612,0.00010988648582482106,0.04897983663498802,0.043116091838786126,127
3,0.06966465146471268,0.06966465146471268,0.06966465146471268,0.06966465146471268,1
4,0.0,0.0,0.0,0.0,0
