,max,min,avg,median,count
0,0.27413665996937564,0.0022189472519461855,0.06755409277881816,0.06438270719743588,43
1,0.15976923381886815,0.003804872888260828,0.07554079127675006,0.07377783773755243,64
2,0.21457137264570458,0.0005326024403374556,0.06304568591457314,0.057679648811731564,153
3,0.0,0.0,0.0,0.0,0
4,0.0,0.0,0.0,0.0,0
