,max,min,avg,median,count
0,0.14578571880843105,0.00031354615813909925,0.040396665833253145,0.030340058775902897,43
1,0.12978038161920752,0.0005105510852093283,0.03728024370417542,0.03188103797204922,66
2,0.11131835608662248,0.00018623902500600672,0.03127730947020495,0.02881647938060966,154
3,0.0,0.0,0.0,0.0,0
4,0.0,0.0,0.0,0.0,0
