,max,min,avg,median,count
0,0.07281443750901075,0.0028420777395155076,0.02967652974387585,0.02721413754352651,43
1,0.11898547970060785,0.00015081922411218975,0.029704833010974662,0.025357802166727256,148
2,0.09827247419243301,0.0004358615624828125,0.027828933250869856,0.021951094850368252,72
3,0.0,0.0,0.0,0.0,0
4,0.0,0.0,0.0,0.0,0
