,max,min,avg,median,count
0,0.10186317451486737,0.0015909848399975276,0.038655556561828036,0.03261566708678995,29
1,0.15236631277679996,8.466753599759737e-05,0.04351811690169778,0.03546351812757598,75
2,0.16435977092180115,0.00021199691939811663,0.04194553183325571,0.0337223685809818,162
3,0.0,0.0,0.0,0.0,0
4,0.0,0.0,0.0,0.0,0
