,max,min,avg,median,count
0,0.13924829548402123,0.00023396702367505442,0.046205433682073686,0.03364643430463176,37
1,0.17314603809199872,0.0007902646386609752,0.05175954802922714,0.03885899375632709,71
2,0.19231739229529896,0.0009603484985847387,0.048003729973895924,0.04245719733242001,162
3,0.0,0.0,0.0,0.0,0
4,0.0,0.0,0.0,0.0,0
