,max,min,avg,median,count
0,0.10990732947800733,0.0030316437304404977,0.04375751717950553,0.040505858045833565,32
1,0.190582511154793,0.00036415108987228193,0.04067292804370177,0.02955281511453662,80
2,0.21880994522414388,4.049470529127256e-05,0.03528452581456421,0.027943078427569882,165
3,0.0,0.0,0.0,0.0,0
4,0.0,0.0,0.0,0.0,0
