,max,min,avg,median,count
0,0.14219909518735438,0.0004252438850556569,0.04026327109059793,0.035450447804750596,40
1,0.13552719287679224,0.00012324910479648125,0.03460721416622961,0.028290417773538967,83
2,0.12758460806321123,0.00014057284144997434,0.03402644112395615,0.026803219305172345,139
3,0.017685268558812008,0.0044000454176291405,0.011042656988220574,0.011042656988220574,2
4,0.0,0.0,0.0,0.0,0
