,max,min,avg,median,count
0,0.18804364487961606,0.026530350290197242,0.09669907846281202,0.09699548603435845,27
1,0.23075876549891283,0.0002670983453042027,0.08995722317266645,0.07949487929157792,101
2,0.22718364838700963,0.0024725670870811467,0.0803909505972291,0.06937760625940424,137
3,0.0,0.0,0.0,0.0,0
4,0.0,0.0,0.0,0.0,0
