,max,min,avg,median,count
0,0.048792200379517175,0.011430299048863673,0.02353635643901192,0.019860663012063427,8
1,0.09736320182871006,0.00030333693387101077,0.027749687902457278,0.024168021912582563,71
2,0.12221470283292693,0.00023779254567005885,0.02651894653877173,0.01991351238469214,195
3,0.041093617214993924,0.031567082090813346,0.03633034965290363,0.03633034965290363,2
4,0.0,0.0,0.0,0.0,0
