,max,min,avg,median,count
0,0.14140437533799277,0.00021078215477944183,0.025514216021416725,0.017039978658178218,48
1,0.22259394429111715,0.0018590736519140498,0.03187458965240427,0.0227897795262234,73
2,0.2713134496368605,3.239646291639766e-05,0.03575304056525719,0.023868579897853605,180
3,0.032810155040977264,0.0028605906808888935,0.018672705585963106,0.018996047042370984,6
4,0.0,0.0,0.0,0.0,0
