,max,min,avg,median,count
0,0.11237881771015285,0.0049754788931199705,0.025374245247946316,0.020868468133905256,38
1,0.08686069365731798,0.0007636769008327524,0.029138984082956107,0.025955500506400477,70
2,0.11162198486037309,0.00041762136197321395,0.02429754189357124,0.017401941978082754,147
3,0.045109608228259435,0.002510830926764012,0.023252364360561852,0.022136653926662104,3
4,0.0,0.0,0.0,0.0,0
