,max,min,avg,median,count
0,0.15120593991447528,0.0020905508587563183,0.03897240102293454,0.024691695009030592,42
1,0.23449368076825558,0.0001414734287586067,0.03574199571841161,0.027474029336454785,103
2,0.14333240050059717,0.0008622111485233737,0.037267631005325375,0.03359310779038347,130
3,0.05104454117916454,0.03782533128267772,0.04443493623092113,0.04443493623092113,2
4,0.0,0.0,0.0,0.0,0
