,max,min,avg,median,count
0,0.08282382387416813,0.0011073911304188542,0.026799839272635715,0.024302214783711286,36
1,0.0835137631235641,0.0001451380716393972,0.02884709862592985,0.021830355235809718,81
2,0.08215845373957462,0.0001506873056688822,0.02617361414585373,0.02273284253936437,128
3,0.0,0.0,0.0,0.0,0
4,0.0,0.0,0.0,0.0,0
