,max,min,avg,median,count
0,0.12278275295068128,0.0008248866953863278,0.02940947537269844,0.02204311005463339,42
1,0.11916684000600486,0.0020146845710488524,0.03476576092672139,0.030667484390409238,58
2,0.11039653327667426,0.0017812572307234684,0.03428381856103873,0.029246487336697907,141
3,0.0,0.0,0.0,0.0,0
4,0.0,0.0,0.0,0.0,0
