,max,min,avg,median,count
0,0.1641553473897436,5.838028012750317e-05,0.04964153718713368,0.042792686291981304,35
1,0.20941998600003695,0.001137285841119929,0.05880451331604875,0.04713251542600161,75
2,0.32216039578292505,0.00014566391264427637,0.05800317171797839,0.046445900937467775,291
3,0.0,0.0,0.0,0.0,0
4,0.0,0.0,0.0,0.0,0
