,max,min,avg,median,count
0,0.15657350123578637,0.0023151996215195723,0.05594972273466737,0.04714741242140982,54
1,0.22517356089024443,0.002170870933709339,0.0631650523706554,0.059194613934591425,83
2,0.2499715435920015,0.000457203340962125,0.06351842908179073,0.05509992974038748,244
3,0.0,0.0,0.0,0.0,0
4,0.0,0.0,0.0,0.0,0
