,max,min,avg,median,count
0,0.09064101938255661,0.002572902380743695,0.03176896891839155,0.03013515776329832,21
1,0.09281455009645961,0.000340908164182696,0.026562683853024394,0.021684478467512577,39
2,0.1122087964774941,9.95119793181808e-05,0.031031943277964928,0.027459418387661354,190
3,0.0,0.0,0.0,0.0,0
4,0.0,0.0,0.0,0.0,0
