,max,min,avg,median,count
0,0.05495790087139634,0.004780616640388945,0.02541174654062012,0.025952611818566357,23
1,0.12467655153026978,0.0007162338746111975,0.026853029418553883,0.021379340564665884,95
2,0.12938703773955423,0.0009609618986972884,0.028821008082719132,0.022831105746186707,137
3,0.0,0.0,0.0,0.0,0
4,0.0,0.0,0.0,0.0,0
