,max,min,avg,median,count
0,0.7893170927945319,0.005678452242441417,0.2894808511968667,0.27822554970127866,71
1,0.7212756406422758,0.0052374400646336815,0.2724759113874926,0.26718188559736505,101
2,0.7808847988167023,1.7137538291964943e-17,0.23961589485743282,0.1954872666258927,333
3,0.0,0.0,0.0,0.0,0
4,0.0,0.0,0.0,0.0,0
