,max,min,avg,median,count
0,0.18241850056118072,0.001808688826347448,0.05404428879594051,0.042087939846929955,37
1,0.11975005718431046,0.0030236649713122205,0.043305879820148975,0.03559026656241802,67
2,0.1448663448094785,0.00044579402515036384,0.046741530193386845,0.039590847480607455,171
3,0.0,0.0,0.0,0.0,0
4,0.0,0.0,0.0,0.0,0
