,max,min,avg,median,count
0,0.1150341410521055,0.0001564420692093956,0.02542659860041536,0.02130311642941114,39
1,0.13776629987532038,0.0006021565289035192,0.03087536045237578,0.024675683348755376,122
2,0.15103566893543843,0.00018681700118108893,0.03127734729047609,0.02254961484286084,143
3,0.0,0.0,0.0,0.0,0
4,0.0,0.0,0.0,0.0,0
