,max,min,avg,median,count
0,0.09320788736053294,0.00021380623793774498,0.032798318046674324,0.02453802752538145,38
1,0.13179278790959917,7.471261165945754e-05,0.030530254711301538,0.02579913770547639,131
2,0.10161350932937242,0.0005713239655693355,0.0282509578502993,0.02664608327209871,92
3,0.0,0.0,0.0,0.0,0
4,0.0,0.0,0.0,0.0,0
