,max,min,avg,median,count
0,0.5683571971509449,0.0067343463689404914,0.13738940304737918,0.10802375908461237,43
1,0.2587562657425568,0.0005799413893286838,0.12325069944319618,0.11514684055547814,87
2,0.2552359860544795,4.635216649833648e-05,0.09606968112883552,0.09137934994115884,144
3,0.1407695370249051,0.044484238081210055,0.09262688755305758,0.09262688755305758,2
4,0.0,0.0,0.0,0.0,0
