,max,min,avg,median,count
0,0.09480523770038722,0.0010194572560137504,0.02826231197313703,0.01842894081811396,25
1,0.11976331833393086,0.0002030546471490114,0.025494770645338075,0.021872067857197666,103
2,0.09216524072570431,0.0010601767968948523,0.02653438631404755,0.018256053222955756,119
3,0.0,0.0,0.0,0.0,0
4,0.0,0.0,0.0,0.0,0
