,max,min,avg,median,count
0,0.11766174607751144,0.00154919911838195,0.0463235936023206,0.04238174778760509,42
1,0.13305205321147873,0.00017193264612531053,0.04784614883112754,0.04463984286711925,60
2,0.2226618964713378,1.3642692918688103e-05,0.042941033559639824,0.037961841754742945,146
3,0.0,0.0,0.0,0.0,0
4,0.0,0.0,0.0,0.0,0
