,max,min,avg,median,count
0,0.12018530605006165,0.0006789931274010383,0.03638592694693909,0.028322280162840024,24
1,0.1255284223971502,3.484719168403334e-06,0.031459948939621826,0.027635165707125105,138
2,0.10901211835612315,0.0008938109819687671,0.031590584045070806,0.027767080731010835,87
3,0.0,0.0,0.0,0.0,0
4,0.0,0.0,0.0,0.0,0
