,max,min,avg,median,count
0,0.12826151324984167,0.00021741932992095522,0.03754373244541362,0.029463896285450278,42
1,0.0990066727995374,0.0010480477199310274,0.039985187537752195,0.03820419775627752,75
2,0.13035144207112506,0.00024915548295085274,0.0382370611048909,0.03612696888386512,162
3,0.04826949228708855,0.03892588113467611,0.043597686710882336,0.043597686710882336,2
4,0.0,0.0,0.0,0.0,0
