,max,min,avg,median,count
0,0.3736706332028986,0.0017720198152610805,0.13713335471496566,0.12331694772877769,24
1,0.2123559576556362,0.001327656952462611,0.07697192941556635,0.06592556196163991,106
2,0.2071247356996981,0.0002934843974339883,0.07488540541772698,0.06323633400912977,148
3,0.0,0.0,0.0,0.0,0
4,0.0,0.0,0.0,0.0,0
