,max,min,avg,median,count
0,0.24647388870297127,0.00038206352216152125,0.09358898169454359,0.06947445234682878,46
1,0.3828529371180423,0.0004562940067776112,0.09499638972012936,0.08186909690147803,107
2,0.40817345463872173,0.00040135353377331365,0.11203311531509635,0.10077942894287775,192
3,0.0,0.0,0.0,0.0,0
4,0.0,0.0,0.0,0.0,0
