,max,min,avg,median,count
0,0.09483095526793073,0.00038602249645422297,0.033525985184776216,0.02982528537251939,28
1,0.10299233001196163,0.0005814574056942577,0.028049877114779607,0.022602545343372277,127
2,0.08634146793961853,0.0001085395166713882,0.02795695141645431,0.02543961574703669,93
3,0.0,0.0,0.0,0.0,0
4,0.0,0.0,0.0,0.0,0
