,max,min,avg,median,count
0,0.14800251448011034,0.0019386488870899309,0.044627074161149395,0.035405668148247416,29
1,0.15831073102590204,0.00016385414892582776,0.0478159517316499,0.03538515011787392,57
2,0.3186593484981122,0.0006129259043170586,0.04873836310050506,0.03614193448500365,260
3,0.0,0.0,0.0,0.0,0
4,0.0,0.0,0.0,0.0,0
