,max,min,avg,median,count
0,0.25694958545429436,0.0013806326298744722,0.06632837361792586,0.06388208558838376,29
1,0.30470059743562394,0.0011530054953234222,0.05001936643205501,0.04164300698858436,84
2,0.1666003059658809,0.00020732515003448314,0.04551874348179869,0.041936570021102904,175
3,0.0,0.0,0.0,0.0,0
4,0.0,0.0,0.0,0.0,0
