,max,min,avg,median,count
0,0.12018530605006165,0.002828192407492558,0.03855054293986654,0.033264603523507734,24
1,0.09305383955609144,0.0006425970762129563,0.03419944822644898,0.034381208545384415,44
2,0.12978375075249649,9.792827466438138e-06,0.03307769307645302,0.026035125061767125,213
3,0.0,0.0,0.0,0.0,0
4,0.0,0.0,0.0,0.0,0
