,max,min,avg,median,count
0,0.10487234102740922,0.0010388558134490293,0.03581512723507131,0.03342764864729741,34
1,0.12175615762860105,0.0008507701186085843,0.03129648800618216,0.024022487926965888,77
2,0.12723746667334931,0.00031871773759541686,0.03337483056860528,0.02964643277534143,147
3,0.0,0.0,0.0,0.0,0
4,0.0,0.0,0.0,0.0,0
