,max,min,avg,median,count
0,0.2814105960072598,0.001737742890053467,0.047321017813782604,0.015698733068568387,29
1,0.23993369654511046,4.836892453778274e-05,0.03331053458323619,0.020988129207813653,81
2,0.2605243762820286,0.00021262308736068553,0.032459283593709455,0.02130709156844168,160
3,0.0,0.0,0.0,0.0,0
4,0.0,0.0,0.0,0.0,0
