,max,min,avg,median,count
0,0.09720951831780555,0.0022900757381471596,0.025492386872077902,0.019203985191500485,43
1,0.1448938961387384,0.0002729504099832906,0.024751702353350273,0.016929940373833184,87
2,0.14672879806158173,0.0001489312627552252,0.027549223224816732,0.018510601899150582,125
3,0.0,0.0,0.0,0.0,0
4,0.0,0.0,0.0,0.0,0
