,max,min,avg,median,count
0,0.09958892993270514,0.00022606292874186466,0.02561881153731012,0.022447955802511348,42
1,0.15423050701634924,0.00084310872193566,0.03705677272847161,0.03118142807617998,67
2,0.13801630209907612,1.5528290131087426e-06,0.033512273223354816,0.026535571153825394,139
3,0.0,0.0,0.0,0.0,0
4,0.0,0.0,0.0,0.0,0
