,max,min,avg,median,count
0,0.22513138272195715,0.0005389244500185584,0.03684895294883131,0.023053812948652795,41
1,0.09775000675366637,0.0009601084832766737,0.0337408534963497,0.02748014011033232,62
2,0.16841729166879837,0.00014869162391267896,0.03861182895420127,0.03186707516404985,142
3,0.0,0.0,0.0,0.0,0
4,0.0,0.0,0.0,0.0,0
