,max,min,avg,median,count
0,0.12032330617848111,0.005220771583833614,0.04244489111988831,0.03732642101489702,27
1,0.17061753555361586,0.0014644441150138362,0.053471604554516584,0.04413399498356499,119
2,0.15043006353366534,0.000607304574583286,0.05121847807450335,0.04620744144677691,137
3,0.0,0.0,0.0,0.0,0
4,0.0,0.0,0.0,0.0,0
