,max,min,avg,median,count
0,0.3329706487004512,0.002235707347730717,0.09101227958810244,0.08017961080124994,32
1,0.38895360381395355,0.0016444824756339101,0.10041537155498523,0.08624594422122131,190
2,0.29436569845150085,0.004465838750648964,0.11128737651928222,0.08781790567576889,62
3,0.0,0.0,0.0,0.0,0
4,0.0,0.0,0.0,0.0,0
