,max,min,avg,median,count
0,0.12278275295068128,0.0008285064177000857,0.021308942752118597,0.01639334193866642,49
1,0.08654733221206273,0.000194846121949069,0.02504317568810267,0.01956508328548704,66
2,0.13756148463464282,0.00010234052575449352,0.026751677391072606,0.02070371045562569,170
3,0.0,0.0,0.0,0.0,0
4,0.0,0.0,0.0,0.0,0
