,max,min,avg,median,count
0,0.12943152511703424,0.00121258408827671,0.04455020119562341,0.03981701869100891,49
1,0.13926399078268248,0.0007575587957940528,0.04075030678763733,0.037958468545327334,69
2,0.13844218185244858,0.00085539711712477,0.032840800985186665,0.026390306291185408,169
3,0.0,0.0,0.0,0.0,0
4,0.0,0.0,0.0,0.0,0
