,max,min,avg,median,count
0,0.16122890939409548,0.01910655979180196,0.06684577904434116,0.062408558752669145,33
1,0.28732471290194367,0.0006580289254567019,0.058722473198214185,0.04138830390107892,74
2,0.5046859293626685,2.6833320724091123e-05,0.060782947882805374,0.04800420964181211,271
3,0.0,0.0,0.0,0.0,0
4,0.0,0.0,0.0,0.0,0
