,max,min,avg,median,count
0,0.41316465598577634,0.014290844380687345,0.19009478424031298,0.15897041101478396,24
1,0.242129131075361,0.0028277442599401862,0.08737913193871084,0.07011530742319427,77
2,0.32005521422148353,0.0014587080405470318,0.09899227950331478,0.09298527478863088,187
3,0.0,0.0,0.0,0.0,0
4,0.0,0.0,0.0,0.0,0
