,max,min,avg,median,count
0,0.0937330182906502,0.0033088392258735005,0.03696337998001502,0.03421279675358326,39
1,0.16339914361647034,0.00020809312275390642,0.044055012697419516,0.035128060025796486,81
2,0.18829113333194877,0.00031002364277931945,0.03972116447120345,0.0334779352789202,119
3,0.0,0.0,0.0,0.0,0
4,0.0,0.0,0.0,0.0,0
