,max,min,avg,median,count
0,0.1318091970447611,0.01948146401798759,0.07644440826747899,0.08242376042491699,11
1,0.1941539564529854,0.00012991676804848573,0.06351708819425844,0.05700706158741094,132
2,0.22451554704198237,0.0002319739082182366,0.06269625371071723,0.05580437672502161,142
3,0.0,0.0,0.0,0.0,0
4,0.0,0.0,0.0,0.0,0
