,max,min,avg,median,count
0,0.6809946762827553,0.001782509658087597,0.18257171781587436,0.1308442852669243,49
1,0.8149435952249539,0.0007592860768456755,0.23657864706760814,0.1939051382077262,94
2,0.8493129931266534,5.246970330939729e-18,0.22432009833462396,0.16747073568854837,372
3,0.0,0.0,0.0,0.0,0
4,0.0,0.0,0.0,0.0,0
