,max,min,avg,median,count
0,0.0286954153577681,0.010114006484773331,0.01760082204517668,0.01399304429298861,3
1,0.10980193398904187,0.0008863869867128269,0.028611136934895365,0.022802102379743148,43
2,0.14616460560693195,6.123205677225011e-05,0.030688892605371422,0.025336433931290096,175
3,0.14245187627020175,0.0013849332947796077,0.0337123971816107,0.02398189506213118,27
4,0.0,0.0,0.0,0.0,0
