,max,min,avg,median,count
0,0.20994054912671142,0.00927244579319799,0.05700750296246826,0.0438218327240303,35
1,0.15733562413803434,0.0005350069480079264,0.0580733945724765,0.051676521071072554,124
2,0.1539470133628335,0.0003602202156113613,0.06196708076364639,0.0655054793401306,127
3,0.0,0.0,0.0,0.0,0
4,0.0,0.0,0.0,0.0,0
