,max,min,avg,median,count
0,0.2738042788978276,0.0009340480459083174,0.060577624713097404,0.037611951486557396,53
1,0.28024829947562746,0.00035310001407692313,0.046605666473589054,0.028080687496604518,87
2,0.33212091210201045,0.0002885938896379715,0.0506004930456654,0.03465181049748401,222
3,0.23298055339021528,0.0008402549429373623,0.0659218109955629,0.06221535492184854,10
4,0.0,0.0,0.0,0.0,0
