,max,min,avg,median,count
0,0.15500075842249586,0.00018296897622340278,0.03871546168114184,0.02740622709016143,39
1,0.18315749016958172,0.0005097727135557199,0.040777224248997934,0.028904735490849345,103
2,0.10614538526087477,0.0005546097679402407,0.03317397022769447,0.027575888417710172,109
3,0.0,0.0,0.0,0.0,0
4,0.0,0.0,0.0,0.0,0
