,max,min,avg,median,count
0,0.21280362451521304,0.00047228189383643126,0.05690718901409909,0.05152307289793488,39
1,0.15908782317245915,0.0008359729169545001,0.05237620301727367,0.04212888810517826,59
2,0.16860559073076514,0.0007878573434612786,0.05097552523552175,0.04524655975112178,135
3,0.0,0.0,0.0,0.0,0
4,0.0,0.0,0.0,0.0,0
