,max,min,avg,median,count
0,0.44060796555030945,0.0055029885142011846,0.07521096526855806,0.051854376988766736,42
1,0.14193890084705457,0.00016438663425465401,0.06054315493498308,0.06327330473569372,77
2,0.16464483381096043,0.00022974126856251543,0.054274705412284706,0.04957807649967601,172
3,0.04025206703016632,0.009245324735658192,0.01971117502504607,0.009636133309313701,3
4,0.0,0.0,0.0,0.0,0
