,max,min,avg,median,count
0,0.08144569391662485,0.004941784728326354,0.030681193572701316,0.024728825336543064,22
1,0.12048413758251479,0.0004825635113665732,0.03118007676270971,0.02697327811703221,86
2,0.132455371912221,0.000264793077903836,0.02897775293773172,0.0226248731418832,181
3,0.0,0.0,0.0,0.0,0
4,0.0,0.0,0.0,0.0,0
