,max,min,avg,median,count
0,0.1074633711917662,0.0010547175730408022,0.05084640333604953,0.045450665568106986,24
1,0.14177580766771614,0.0005534437377019513,0.04368565768218704,0.031617562624739845,48
2,0.20292609554637867,0.00011836758370872827,0.04245093499844753,0.03697223923938883,178
3,0.0,0.0,0.0,0.0,0
4,0.0,0.0,0.0,0.0,0
