,max,min,avg,median,count
0,0.11329029334264372,0.00233597306415097,0.04816346086858209,0.04338454887999006,28
1,0.19332744618459502,0.0015244472256058733,0.05038409519232582,0.04446628643630862,68
2,0.3080550757593843,0.00030898681624916556,0.05368058927151103,0.041150408422775245,247
3,0.0,0.0,0.0,0.0,0
4,0.0,0.0,0.0,0.0,0
