,max,min,avg,median,count
0,0.0855219043427656,0.005566082825138829,0.029063465107476805,0.01944313892426799,32
1,0.0877043319077788,0.0004264723094922441,0.026069054368133983,0.020336541897358403,108
2,0.10720341002801405,9.018990394238405e-05,0.02902332034793029,0.024500042286965538,136
3,0.0,0.0,0.0,0.0,0
4,0.0,0.0,0.0,0.0,0
