,max,min,avg,median,count
0,0.09854229912361952,0.0016689066273561522,0.027061114688567083,0.022202685130329126,33
1,0.18654138651464083,0.001133078919047825,0.034251664977490624,0.02962207582943685,116
2,0.11428697240652762,0.0007461011130530847,0.027747140580440543,0.0226555429225821,98
3,0.0,0.0,0.0,0.0,0
4,0.0,0.0,0.0,0.0,0
