,max,min,avg,median,count
0,0.4506921108505749,0.003234485332114543,0.09371921538860135,0.06139828045153179,55
1,0.3985489111296351,0.0034016682394721687,0.11250825764116205,0.10009331250665918,142
2,0.27275541037770806,0.0030364596497968223,0.08740755753496718,0.07442432770832438,94
3,0.0,0.0,0.0,0.0,0
4,0.0,0.0,0.0,0.0,0
