,max,min,avg,median,count
0,0.5244002266861091,0.0011242209630899756,0.05707553163813532,0.03775000029574792,52
1,0.21400192366782883,0.0031375027339160294,0.04619548537280967,0.04045961359329977,78
2,0.127589559663896,0.00037211827337458475,0.03625375569817421,0.029476267807892195,164
3,0.0,0.0,0.0,0.0,0
4,0.0,0.0,0.0,0.0,0
