,max,min,avg,median,count
0,0.24921859859630296,0.0008248866953863278,0.08508348732999066,0.07751636577942589,52
1,0.2690987466166718,0.001016797535385623,0.09807094691854495,0.09590702666994244,68
2,0.20613736389844597,9.018990394238405e-05,0.06998429085308258,0.058964296864847054,175
3,0.0,0.0,0.0,0.0,0
4,0.0,0.0,0.0,0.0,0
