,max,min,avg,median,count
0,0.09258886677870984,0.0010336843337050727,0.032195224517344204,0.027411413415100207,38
1,0.16844286865554223,0.0006238396768135769,0.040815559909676793,0.03207897207979402,109
2,0.13769523039964124,0.0014203019664542822,0.038996158032348044,0.03403849078911936,89
3,0.0,0.0,0.0,0.0,0
4,0.0,0.0,0.0,0.0,0
