,max,min,avg,median,count
0,0.14485787993419008,0.0004835355977532735,0.04548580610549093,0.03501670437963217,35
1,0.2306272371157506,0.001824820378841228,0.03955503549700297,0.030929059157143206,63
2,0.23797773536157182,0.00047338918458594896,0.04487935228073046,0.038322264346157583,144
3,0.0,0.0,0.0,0.0,0
4,0.0,0.0,0.0,0.0,0
