,max,min,avg,median,count
0,0.6020440427934364,1.9507146384433775e-05,0.1344274448366822,0.09184230523552823,63
1,0.3562425451978214,0.00035612746821668924,0.12176639375846487,0.10720679606017788,112
2,0.32898867419439437,0.004620969783230178,0.10426622411262455,0.08624483778157133,120
3,0.0,0.0,0.0,0.0,0
4,0.0,0.0,0.0,0.0,0
