,max,min,avg,median,count
0,0.5908522968516408,0.0011242209630899756,0.1327912091164549,0.10642643760985325,64
1,0.38895360381395355,0.0014898856037702487,0.12025237234084618,0.10707945643133093,132
2,0.31276792213225446,0.00015707209470094974,0.1030985566534285,0.0862997882309446,97
3,0.0,0.0,0.0,0.0,0
4,0.0,0.0,0.0,0.0,0
