,max,min,avg,median,count
0,0.1654157392649275,0.0017280631921617786,0.05559335538671961,0.05615844016604806,31
1,0.2559888524809809,0.000289249201135542,0.03775576054350149,0.027768118123616715,115
2,0.29608760947362883,0.0005587737294470561,0.042944743045660386,0.034364789728618776,103
3,0.0,0.0,0.0,0.0,0
4,0.0,0.0,0.0,0.0,0
