,max,min,avg,median,count
0,0.3232770793017271,0.00652050267282253,0.09647250958686403,0.08250114472566628,50
1,0.3738193629146073,0.00025646353108131777,0.09614229185946487,0.0847659249761756,149
2,0.3817676864045487,0.0028175134304981716,0.09059744244709542,0.07535886394677549,237
3,0.0,0.0,0.0,0.0,0
4,0.0,0.0,0.0,0.0,0
