,max,min,avg,median,count
0,0.22370536205364194,0.008176950107530187,0.07218882414848866,0.06309685138753406,31
1,0.3298879909407105,0.0013591275276793435,0.06970533103354108,0.054229855735002205,117
2,0.430464159744154,0.00021661865315121925,0.06907671730231002,0.055199873323064655,239
3,0.0,0.0,0.0,0.0,0
4,0.0,0.0,0.0,0.0,0
