,max,min,avg,median,count
0,0.4646246655815975,0.000975978444192876,0.116392317717619,0.07174176960193109,63
1,0.3159156539503909,0.004647596357724969,0.10807385871686474,0.09156401753563574,111
2,0.3068888790610082,0.0014392312436429758,0.0925456504971984,0.07151786139790121,120
3,0.0,0.0,0.0,0.0,0
4,0.0,0.0,0.0,0.0,0
