,max,min,avg,median,count
0,0.11989996440251177,0.0038168195755166516,0.03636175682645022,0.032168460607188844,55
1,0.19842695825153744,0.0003896075227078987,0.035082931217531074,0.02741911189718169,181
2,0.13196601229145227,0.002653844696867337,0.03632705121314858,0.02978084947888459,61
3,0.0,0.0,0.0,0.0,0
4,0.0,0.0,0.0,0.0,0
