,max,min,avg,median,count
0,0.13901988769918094,0.0014606720591072034,0.03817693685770238,0.02282154960725287,37
1,0.13259940740610057,0.00012414486938354494,0.03700250420402524,0.030296730050390783,102
2,0.09202872479654119,0.0003487578144777914,0.030300723952036167,0.028202921615023507,125
3,0.0,0.0,0.0,0.0,0
4,0.0,0.0,0.0,0.0,0
