,max,min,avg,median,count
0,0.1286964259395414,0.003095490311227525,0.05929005993987274,0.06783820817754474,24
1,0.23993369654511046,0.002369433881213502,0.04647934116948228,0.03545746835324799,54
2,0.21880994522414388,4.206608027383065e-06,0.04274598508430991,0.03447146433135112,221
3,0.0,0.0,0.0,0.0,0
4,0.0,0.0,0.0,0.0,0
