,max,min,avg,median,count
0,0.1929509591679398,0.000149928643976182,0.05991204998263235,0.05030015291936872,55
1,0.20467817065977334,0.001133078919047825,0.08297098184532019,0.07740202617029066,67
2,0.22731213640071019,2.21490848457744e-05,0.06197151473282707,0.056952223120735904,173
3,0.0,0.0,0.0,0.0,0
4,0.0,0.0,0.0,0.0,0
