,max,min,avg,median,count
0,0.29734368610285716,1.8208727920797822e-05,0.0732245649420679,0.07525185045118292,42
1,0.20129056571119733,0.0009870701962307704,0.06838903425024505,0.06749444438814728,82
2,0.19096745240977714,0.00022420543054298,0.06456867159042334,0.05962879186394902,179
3,0.0,0.0,0.0,0.0,0
4,0.0,0.0,0.0,0.0,0
