,max,min,avg,median,count
0,0.20009079526839676,0.001241509015410722,0.04720661782043714,0.03549309893686044,33
1,0.39813111990866445,0.001077569208735664,0.05525273265510237,0.044479101982077975,60
2,0.24403709084310604,0.0006382486901165599,0.04181083496311562,0.03180765106581269,145
3,0.0,0.0,0.0,0.0,0
4,0.0,0.0,0.0,0.0,0
