,max,min,avg,median,count
0,0.1631900386946816,3.223102126169794e-05,0.03818556425296432,0.03273714183789773,32
1,0.17834537615226098,2.4056596600108788e-05,0.03389464326665211,0.02824733166638946,135
2,0.10849188764331417,0.0007738956259149061,0.03094387877306923,0.025222745934965426,81
3,0.0,0.0,0.0,0.0,0
4,0.0,0.0,0.0,0.0,0
