,max,min,avg,median,count
0,0.283050577510538,0.006870740182220553,0.07237344095402332,0.05607849974281487,37
1,0.21898296338597575,0.005756054424116381,0.07472388262277449,0.060645624707644764,161
2,0.2737768163176964,0.00020842561686765902,0.06844356440880989,0.05653478409235938,175
3,0.0,0.0,0.0,0.0,0
4,0.0,0.0,0.0,0.0,0
