,max,min,avg,median,count
0,0.3930145929397471,0.009569262360057054,0.1358651047322179,0.12210316589734002,30
1,0.2314475824063038,0.002867110492411007,0.08048910806178984,0.07306320799073636,180
2,0.3214030713724735,0.0016461851036560277,0.05982354467028531,0.046059548803476756,89
3,0.0,0.0,0.0,0.0,0
4,0.0,0.0,0.0,0.0,0
