,max,min,avg,median,count
0,0.14747985270252867,0.0023328396520310747,0.04446478789792765,0.03905753593633055,62
1,0.11877423708924797,5.030052924472444e-05,0.03901310364081462,0.03271630332359501,183
2,0.20694699073854222,0.0037654958013543325,0.03882438392464496,0.035531456805345654,63
3,0.0,0.0,0.0,0.0,0
4,0.0,0.0,0.0,0.0,0
