,max,min,avg,median,count
0,0.5244002266861091,0.00047228189383643126,0.04726602377138132,0.030198367323674057,60
1,0.12220604020559979,2.1887351896569422e-05,0.03695440667927524,0.030839136440246814,200
2,0.130602076329882,0.0012138984049280786,0.04038405125676994,0.03384478579269877,42
3,0.0,0.0,0.0,0.0,0
4,0.0,0.0,0.0,0.0,0
