,max,min,avg,median,count
0,0.7893170927945319,0.0012431702462198642,0.07788775425521502,0.04286878461863601,46
1,0.22619737085883623,0.0031151535959599596,0.07337519299236492,0.06064070139958388,123
2,0.2763525800116415,0.000433365029743249,0.06993863133683706,0.05797643058309128,208
3,0.0,0.0,0.0,0.0,0
4,0.0,0.0,0.0,0.0,0
