,max,min,avg,median,count
0,0.3840330653576687,0.0006789931274010383,0.06358963324415118,0.049000531647694724,27
1,0.15531538140916606,0.0007486567373166775,0.04969584897118432,0.04684155102223256,121
2,0.1743203991710587,6.025144156675976e-05,0.05637804379898922,0.04872541507802859,154
3,0.0,0.0,0.0,0.0,0
4,0.0,0.0,0.0,0.0,0
