,max,min,avg,median,count
0,0.1067106146003069,0.0006663018732721851,0.04062455621349445,0.03752312201943563,19
1,0.0868716477663249,0.0008840695794550677,0.02936877388269095,0.02484601222224767,76
2,0.11303338208902355,0.000291921320498495,0.036107955531761875,0.033182707547983956,127
3,0.0,0.0,0.0,0.0,0
4,0.0,0.0,0.0,0.0,0
