,max,min,avg,median,count
0,0.08943176833007502,0.005074738457517181,0.030189660017571673,0.02724832198512589,33
1,0.21004267045884276,0.0006048895392190928,0.034473250513556396,0.023472110943513955,73
2,0.09702454613599351,0.0003027862890014103,0.02801259828559873,0.02474567459216758,136
3,0.0,0.0,0.0,0.0,0
4,0.0,0.0,0.0,0.0,0
