,max,min,avg,median,count
0,0.09467062327548965,0.0010640756561933133,0.03519102437641062,0.030525948166763184,56
1,0.12013965521517589,2.4056596600108788e-05,0.031064654666483487,0.024949729967230286,114
2,0.1548960396994409,0.0009653213730057481,0.038750381349557876,0.0340351489845134,132
3,0.0,0.0,0.0,0.0,0
4,0.0,0.0,0.0,0.0,0
