,max,min,avg,median,count
0,0.4681936494189995,0.001479455307929397,0.08774110742346163,0.05107290050532584,30
1,0.26612479142529083,0.0003696671105314049,0.04160728095955431,0.03220561654351865,120
2,0.14101418358244236,0.002755534610881393,0.038574021463281365,0.0324623619493944,85
3,0.0,0.0,0.0,0.0,0
4,0.0,0.0,0.0,0.0,0
