,max,min,avg,median,count
0,0.05250495478505835,0.00011021339683249339,0.0188311961169692,0.014625166717718588,20
1,0.0803142989294717,8.157920089257665e-05,0.02495998556278258,0.019436912100468735,68
2,0.14669550653426983,0.000548092601952701,0.028675576546859073,0.023251966412401952,141
3,0.0,0.0,0.0,0.0,0
4,0.0,0.0,0.0,0.0,0
