,max,min,avg,median,count
0,0.10567718835002823,0.028416462807757597,0.06245973522649938,0.054145062639531616,8
1,0.16923663403359865,0.004155654114613175,0.06927546718664215,0.06519769238965843,80
2,0.19453460833255212,0.00020454348081364653,0.05147676854553746,0.04317299791937353,210
3,0.12119262866682949,0.009094906366585095,0.06456914847045934,0.06341991037796345,3
4,0.0,0.0,0.0,0.0,0
