,max,min,avg,median,count
0,0.13795424185832347,0.0005240280742830097,0.04527018372648592,0.039015535941732855,39
1,0.11298946247229188,7.391544371717338e-05,0.042667375824181134,0.03584308144984984,72
2,0.18420908088321836,0.0003341647572836274,0.04997328296359873,0.04282593757717167,193
3,0.0,0.0,0.0,0.0,0
4,0.0,0.0,0.0,0.0,0
