,max,min,avg,median,count
0,0.2927966736489686,0.0019273792219977038,0.06246743115239787,0.0435184769839253,56
1,0.18986696814325,0.000577994961766126,0.06378549671237868,0.058617409579187846,100
2,0.18395526531730153,0.00042924403318177944,0.05552938511007013,0.04672829615759408,150
3,0.0,0.0,0.0,0.0,0
4,0.0,0.0,0.0,0.0,0
