,max,min,avg,median,count
0,0.2963389987255601,0.0009856792541912873,0.09100232580821983,0.07920662578454224,56
1,0.28183538623161175,0.0030325931801864275,0.10748653269395111,0.11028602784936681,74
2,0.23860110066816131,0.00022389772377728295,0.08349485761787583,0.06925534359306164,177
3,0.0,0.0,0.0,0.0,0
4,0.0,0.0,0.0,0.0,0
