,max,min,avg,median,count
0,0.08645202879119704,0.002388809380558138,0.032625261289690656,0.02214371028579497,19
1,0.11287535551920574,0.0012265404496615956,0.02893763457041957,0.02286356199911571,44
2,0.29608760947362883,0.0006272126072017738,0.02839439865815354,0.021501911609484305,161
3,0.0,0.0,0.0,0.0,0
4,0.0,0.0,0.0,0.0,0
