,max,min,avg,median,count
0,0.23149402020929494,0.006730432544415837,0.10413252548824954,0.08645202879119704,29
1,0.2347702342878929,0.0003352645404625909,0.06817970054029543,0.060787461585826215,155
2,0.2575023093075927,9.817521585057766e-05,0.07033801821525547,0.0575339734314757,121
3,0.0,0.0,0.0,0.0,0
4,0.0,0.0,0.0,0.0,0
