,max,min,avg,median,count
0,0.12713782536987225,0.00047422599375997085,0.03376372451509603,0.03382029413562968,27
1,0.11119717647056726,0.0011225408861503107,0.03190854796490076,0.026668547217198822,61
2,0.15432658223961893,0.0006322263605974096,0.029314508768637525,0.021646227292880533,136
3,0.0,0.0,0.0,0.0,0
4,0.0,0.0,0.0,0.0,0
