,max,min,avg,median,count
0,0.2035477918030289,0.007237214241866517,0.06147175617690321,0.04645910417316318,14
1,0.5130150504572691,0.0010059904879894763,0.06610663860175452,0.04500295707624251,106
2,0.5662858989834882,0.0002735952038130925,0.06577730864842889,0.04123680304503007,178
3,0.2584076576840827,0.0105558480974094,0.09695898260687004,0.05943621232299402,4
4,0.0,0.0,0.0,0.0,0
