,max,min,avg,median,count
0,0.12472933944771561,0.006986094498278443,0.0450094019317782,0.0398903836135638,27
1,0.17317674305705685,0.00011903188979600002,0.03982658514281978,0.03551902347910915,78
2,0.14374428027144712,0.0002958611424330339,0.038861426457568515,0.03127702754398087,117
3,0.0,0.0,0.0,0.0,0
4,0.0,0.0,0.0,0.0,0
