,max,min,avg,median,count
0,0.10624140330279415,0.0019386488870899309,0.051231546105231375,0.05022964829597457,25
1,0.13593937192165173,0.0015861683068015833,0.05821270560153954,0.05738201845505754,49
2,0.2386593442697871,5.557964902705983e-05,0.06021677420380539,0.050992850105290324,246
3,0.0,0.0,0.0,0.0,0
4,0.0,0.0,0.0,0.0,0
