,max,min,avg,median,count
0,0.11174860752221695,0.0012312833806991067,0.03412752381868643,0.03402228488292203,26
1,0.0854169188017191,0.00021806868484127977,0.03315478563892383,0.03357867975585856,91
2,0.12553113855846273,1.1529082811267008e-05,0.02946137591900062,0.02128804109865686,108
3,0.0,0.0,0.0,0.0,0
4,0.0,0.0,0.0,0.0,0
