,max,min,avg,median,count
0,0.6020440427934364,0.0013074585482357687,0.13081048322977912,0.08200152890326455,68
1,0.3860031265177643,0.001433937711592915,0.11721820048453752,0.10894780520310865,116
2,0.30188362131688007,0.001908115255108312,0.09632337350578508,0.08162802071830424,122
3,0.0,0.0,0.0,0.0,0
4,0.0,0.0,0.0,0.0,0
