,max,min,avg,median,count
0,0.09616518711533734,0.0010362649181458019,0.030240162949946844,0.02346597514045677,36
1,0.16196835261000841,0.00012000988945818806,0.0297421597969191,0.026352661297997532,101
2,0.11125197934208556,0.00012277468380830975,0.03206222829009832,0.02922909734787526,93
3,0.018766322851076246,0.007806209431238826,0.013286266141157535,0.013286266141157535,2
4,0.0,0.0,0.0,0.0,0
