,max,min,avg,median,count
0,0.46795530637422944,0.002572902380743695,0.07178863446993536,0.029305900707656617,27
1,0.18459249905030145,0.0002834384957858889,0.06835376301547492,0.057859790382160145,129
2,0.1961338297720957,1.1529082811267008e-05,0.06865850801368917,0.062315708685181784,152
3,0.0,0.0,0.0,0.0,0
4,0.0,0.0,0.0,0.0,0
