,max,min,avg,median,count
0,0.150507572922825,0.0020914644505991295,0.041619245393390396,0.03749353627771274,58
1,0.10531546986459625,0.0017419083379426308,0.038991853985449736,0.033876572745186205,75
2,0.12556702628602107,9.608036976054827e-05,0.035019288805351295,0.030202024647234878,182
3,0.0,0.0,0.0,0.0,0
4,0.0,0.0,0.0,0.0,0
