,max,min,avg,median,count
0,0.08531360644441419,0.003080438217277394,0.037134095852478934,0.02993277582086287,19
1,0.16388052478237025,0.0005232205318390458,0.047298521931649656,0.03688731147737402,90
2,0.17829088384093825,8.901563862949957e-05,0.04340427655278684,0.03400549131023406,112
3,0.0,0.0,0.0,0.0,0
4,0.0,0.0,0.0,0.0,0
