,max,min,avg,median,count
0,0.23276800499971786,0.001117185416105459,0.0755943349697398,0.05047423702285264,58
1,0.22333279349988586,0.003056936258283646,0.10576488085820149,0.09279277203713478,73
2,0.21537411420569733,0.0001085395166713882,0.07782966459884205,0.06987234647250953,178
3,0.0,0.0,0.0,0.0,0
4,0.0,0.0,0.0,0.0,0
