,max,min,avg,median,count
0,0.3246086889835835,0.001878056750178294,0.061757443388584514,0.039852144916132155,58
1,0.15908482182316325,0.005243207138650336,0.06229367108428179,0.05764703224112627,83
2,0.2713134496368605,0.00013703682367746583,0.059094619612866314,0.050277982896201265,168
3,0.0,0.0,0.0,0.0,0
4,0.0,0.0,0.0,0.0,0
