,max,min,avg,median,count
0,0.10969126393293417,0.000149928643976182,0.038046705147230256,0.03086842912591816,60
1,0.09141970085222259,0.00012383980379558932,0.02989530968151474,0.02879978388573711,161
2,0.11469509301143727,0.0003733028026802502,0.027083164322638752,0.022060402705050712,91
3,0.0,0.0,0.0,0.0,0
4,0.0,0.0,0.0,0.0,0
