,max,min,avg,median,count
0,0.129471846757021,0.0010388558134490293,0.030985298497569966,0.026133690160112823,39
1,0.09217057236343885,0.00017561985083433632,0.027837171567352815,0.02400500252736111,89
2,0.2226618964713378,5.058444151986514e-05,0.0281374790546567,0.019121927735885245,187
3,0.0,0.0,0.0,0.0,0
4,0.0,0.0,0.0,0.0,0
