,max,min,avg,median,count
0,0.1373585078581095,0.003125569299604362,0.05238970555495528,0.048898760989198174,48
1,0.16580489557395825,1.2062060964449041e-06,0.0457685731207472,0.03913707803167956,121
2,0.1942873006074963,0.0005125334968790066,0.04887613358749522,0.04107918540145428,146
3,0.0,0.0,0.0,0.0,0
4,0.0,0.0,0.0,0.0,0
