,max,min,avg,median,count
0,0.10767004387493412,0.005963005470566601,0.0378340796703008,0.035508447830056585,32
1,0.10760574652710433,0.0012162117748101093,0.03610547144134149,0.030389479787034577,82
2,0.13707925179359431,0.0008267104140717019,0.04197995773064442,0.03698890449964111,177
3,0.0,0.0,0.0,0.0,0
4,0.0,0.0,0.0,0.0,0
