,max,min,avg,median,count
0,0.18362274915320317,5.909352527873474e-05,0.05935215365878497,0.0636844297557857,30
1,0.13131528911528248,0.0005453729334701673,0.038712253218331966,0.03263641563977984,65
2,0.139733771750654,0.0006065428890689267,0.03716189179114136,0.028506772156812722,151
3,0.0,0.0,0.0,0.0,0
4,0.0,0.0,0.0,0.0,0
