,max,min,avg,median,count
0,0.1715042128963369,0.0027017070266046896,0.048784042000992435,0.02892284707327111,27
1,0.1868117253372493,8.538802369968301e-05,0.04851440041722732,0.037667168312264826,154
2,0.1559145943387267,0.0001608304503607574,0.04670736189071783,0.03384940857788963,59
3,0.0,0.0,0.0,0.0,0
4,0.0,0.0,0.0,0.0,0
