,max,min,avg,median,count
0,0.45689470796601783,0.003513495331557291,0.1196673244059407,0.09191636735496875,25
1,0.3185084778052917,0.003474606171848861,0.08488209712528445,0.07077658615649958,68
2,0.3794558011434116,0.0066315858525748264,0.09232371579427541,0.07255950979873334,149
3,0.0,0.0,0.0,0.0,0
4,0.0,0.0,0.0,0.0,0
