,max,min,avg,median,count
0,0.04011069498304671,0.0025546826054206264,0.0180903043085113,0.013568389190617772,9
1,0.14730998083312455,0.0013117065850103186,0.0352468538451681,0.027181313571312177,47
2,0.19889079612099286,0.0001105602154117928,0.034391907010210374,0.02759519096002489,206
3,0.05991100446150315,0.04374127493963982,0.05182613970057148,0.05182613970057148,2
4,0.0,0.0,0.0,0.0,0
