,max,min,avg,median,count
0,0.07325814057309847,0.00022466795329829033,0.02653646865567175,0.02038408934184793,25
1,0.09174134639320371,0.00022925789614235565,0.03155061385443737,0.02436161378521428,81
2,0.15562501987477662,0.00019112284383834117,0.03677397861120269,0.027536631946723518,108
3,0.0,0.0,0.0,0.0,0
4,0.0,0.0,0.0,0.0,0
