,max,min,avg,median,count
0,0.1948066282691006,0.0006910708873235877,0.061182527201876086,0.055170969589674934,26
1,0.23437513960922873,9.284451144177225e-05,0.06891232864706148,0.05903360219658987,105
2,0.17317583102610057,0.0004733096505195728,0.06255843426981064,0.05885977408534376,129
3,0.0,0.0,0.0,0.0,0
4,0.0,0.0,0.0,0.0,0
