,max,min,avg,median,count
0,0.5605116495503535,0.00012547593322382024,0.062151559129577594,0.034570633813523786,48
1,0.3527450520958552,6.855457240958903e-05,0.041668363191760566,0.03342775516905272,232
2,0.24208941228612402,0.00044328562659652767,0.03490721966498807,0.021640208526154545,40
3,0.0,0.0,0.0,0.0,0
4,0.0,0.0,0.0,0.0,0
