,max,min,avg,median,count
0,0.16765422462446586,0.002863676602926761,0.04057748516709552,0.03197398759352269,36
1,0.21869397237446625,0.0008431301725693121,0.03714196371655202,0.027244460562979227,101
2,0.18580348724825824,0.00032967749467034674,0.036314128050658895,0.02451994835073824,67
3,0.0,0.0,0.0,0.0,0
4,0.0,0.0,0.0,0.0,0
