,max,min,avg,median,count
0,0.24790215476868183,0.0004252438850556569,0.06681242139824825,0.04777105293224334,46
1,0.24028908401446197,4.37698651137417e-05,0.06525787600174121,0.05350339572923882,165
2,0.2256442449252978,0.0005430122500665139,0.06092981986962616,0.04792824264513142,105
3,0.0,0.0,0.0,0.0,0
4,0.0,0.0,0.0,0.0,0
