,max,min,avg,median,count
0,0.47554193871435496,0.005281045347487897,0.16532346088978753,0.14647695537534383,28
1,0.3498752470183744,0.0022836175529685728,0.09372159506306983,0.075626365916331,177
2,0.34888152507766784,0.0017981971059345295,0.09847962013305778,0.08003607211549371,110
3,0.0,0.0,0.0,0.0,0
4,0.0,0.0,0.0,0.0,0
