,max,min,avg,median,count
0,0.07805729533135755,0.0015066492806428628,0.025348385621589385,0.017690298598808288,22
1,0.0954595401442163,0.0002195422406362997,0.030164114358313843,0.022395251960235035,106
2,0.1699825015904781,0.0014051981739474381,0.038875971248270254,0.03624202072646472,78
3,0.0,0.0,0.0,0.0,0
4,0.0,0.0,0.0,0.0,0
