,max,min,avg,median,count
0,0.1809634952093286,0.004066475919360387,0.051244075144389355,0.04719422350710316,30
1,0.09997237333003134,9.284451144177225e-05,0.0314873112369682,0.02887485452668634,63
2,0.1544685240883506,3.9937318625263896e-05,0.03163996247285644,0.024298558344679845,136
3,0.0,0.0,0.0,0.0,0
4,0.0,0.0,0.0,0.0,0
