,max,min,avg,median,count
0,0.2734642142194227,0.002436893260834121,0.07671534296827363,0.0642933284867346,29
1,0.30984365325946583,0.0009336125765293193,0.07892705430446463,0.06525344530790848,67
2,0.3693237578352564,0.0016284883043712736,0.08520564424753564,0.06589009836177676,164
3,0.0,0.0,0.0,0.0,0
4,0.0,0.0,0.0,0.0,0
