,max,min,avg,median,count
0,0.13646274780028433,0.0019419795506189156,0.04004464474924284,0.036785600487715106,33
1,0.11045902730387411,0.000310429545496735,0.0313026792834656,0.024370099088769494,75
2,0.28816240415486816,4.7896679469921486e-05,0.03855971054879552,0.029249407020923695,119
3,0.0,0.0,0.0,0.0,0
4,0.0,0.0,0.0,0.0,0
