,max,min,avg,median,count
0,0.18378650337836522,0.002056356443325668,0.0594539217708641,0.05820769651248457,44
1,0.18931660593201213,0.00074718398498547,0.051118782621625336,0.044502238363466715,81
2,0.28017898151445486,0.0011042144122777131,0.04190390129959636,0.035645227084773974,193
3,0.09820031949963562,0.05946470890826639,0.08163748133839922,0.08724741560729567,3
4,0.0,0.0,0.0,0.0,0
