,max,min,avg,median,count
0,0.1948066282691006,0.0009132878571663047,0.06107911391383627,0.04567743787339261,64
1,0.16055878900366613,0.0001672878428582653,0.06305897661345106,0.057972417613683803,164
2,0.17067823183391892,0.001569426782200087,0.05442117100902924,0.05246715755028019,91
3,0.0,0.0,0.0,0.0,0
4,0.0,0.0,0.0,0.0,0
