,max,min,avg,median,count
0,0.15455651929706793,0.005723025647694198,0.047295165593865506,0.028733865686320283,23
1,0.20995907629694366,0.001126518432850363,0.07096816641685103,0.057621566157832815,62
2,0.20729425755494135,8.328711811214198e-05,0.06260163645590237,0.052745235224288825,166
3,0.0,0.0,0.0,0.0,0
4,0.0,0.0,0.0,0.0,0
