,max,min,avg,median,count
0,0.1492293100376679,0.00028282758954256893,0.04896282525941981,0.04803836712803083,41
1,0.15628577005155586,0.0011134784285718902,0.05741142520148728,0.05873055637192297,77
2,0.20292609554637867,0.0002542309553583361,0.05508651495307144,0.047317079646271104,207
3,0.0,0.0,0.0,0.0,0
4,0.0,0.0,0.0,0.0,0
