,max,min,avg,median,count
0,0.06101377471043526,0.0018531888862528387,0.0236876755903359,0.022100943502570827,21
1,0.08125632930108874,0.001327656952462611,0.026078907106129468,0.01954891778791573,62
2,0.11489339290334778,4.9663625683086215e-05,0.02778687894432624,0.022128286712645814,192
3,0.04271950068505042,0.04271950068505042,0.04271950068505042,0.04271950068505042,1
4,0.0,0.0,0.0,0.0,0
