,max,min,avg,median,count
0,0.1940857739671938,0.0015137045390586695,0.06856354824677126,0.0597050811136649,35
1,0.17413581735144573,0.0009109643836316176,0.062425955253141596,0.05936892286788502,127
2,0.19518395159359048,0.0004706055931216899,0.057565052767522364,0.05153539094140701,160
3,0.0,0.0,0.0,0.0,0
4,0.0,0.0,0.0,0.0,0
