,max,min,avg,median,count
0,0.5605116495503535,0.011072914382314593,0.12157421727356682,0.06673466195291672,36
1,0.19535416293853794,0.00014959679063519408,0.04735115603100014,0.04049951723409697,232
2,0.15919668147624164,0.002540561781605893,0.04929544527345834,0.036354315146656435,56
3,0.0,0.0,0.0,0.0,0
4,0.0,0.0,0.0,0.0,0
