,max,min,avg,median,count
0,0.21927665788770034,0.0005509015249320384,0.037708054966830926,0.029113400626124435,30
1,0.0922036434180828,8.093864166592828e-06,0.026056914561354325,0.023266858907480835,64
2,0.10775056848145395,0.0003775702507671491,0.03034936332817989,0.025795934072005217,128
3,0.0,0.0,0.0,0.0,0
4,0.0,0.0,0.0,0.0,0
