,max,min,avg,median,count
0,0.170195371178363,0.00044137477997582364,0.04507613512698957,0.03814706570565526,64
1,0.0933397726800206,0.00014959679063519408,0.03223660215038565,0.025366440538559024,109
2,0.1113699164389654,0.0014038685471397228,0.03249451236201113,0.027585360783547227,153
3,0.0,0.0,0.0,0.0,0
4,0.0,0.0,0.0,0.0,0
