,max,min,avg,median,count
0,0.4038175343733205,0.006188493943781566,0.09624516083608614,0.07044313647767181,40
1,0.19244121964047667,0.000289249201135542,0.06857373259814585,0.06623244975561558,75
2,0.18704304133547908,0.00010781421656670449,0.0639349686064926,0.05890969585920906,208
3,0.0,0.0,0.0,0.0,0
4,0.0,0.0,0.0,0.0,0
