,max,min,avg,median,count
0,0.10903625208918877,0.008186985573540317,0.04018357983746758,0.03671839559212237,26
1,0.10862770277142322,0.00028050639882199553,0.028872442250016523,0.0267252190955213,86
2,0.10016328214660562,0.00028326750647881356,0.033453892892137724,0.03182758412627493,97
3,0.0,0.0,0.0,0.0,0
4,0.0,0.0,0.0,0.0,0
