,max,min,avg,median,count
0,0.09862699814127823,0.0030856022333613626,0.045683828200272086,0.04163474540869397,23
1,0.5130150504572691,0.0011323917729138466,0.04722249278014958,0.039247909210985206,83
2,0.29904171669444274,0.0004577003804716271,0.03868980694660622,0.02634077543347916,158
3,0.0,0.0,0.0,0.0,0
4,0.0,0.0,0.0,0.0,0
