,max,min,avg,median,count
0,0.16161961710929781,0.0006028118217427527,0.05610492741556826,0.04446942718333666,34
1,0.15594948592306515,0.002489660587023152,0.04437368173746818,0.03818108300561521,80
2,0.15985651735887685,0.0005254842827984194,0.04412805300061978,0.03417773777073205,118
3,0.0,0.0,0.0,0.0,0
4,0.0,0.0,0.0,0.0,0
