,max,min,avg,median,count
0,0.08830603319155098,2.9850922506062026e-05,0.023682588980787178,0.017368763681833464,22
1,0.10126679100539686,0.001074368798044468,0.029534690431963086,0.026438770755938472,44
2,0.19106762102905733,0.000288244565295494,0.031221484424840414,0.022295543693477127,131
3,0.0,0.0,0.0,0.0,0
4,0.0,0.0,0.0,0.0,0
