,max,min,avg,median,count
0,0.2260150008615355,0.0009137489217823579,0.09731772962752559,0.09328249232431084,17
1,0.25620321411904384,0.01130918783578182,0.09937409142539949,0.11129667944084909,15
2,0.4132994612890211,0.00026381700366424194,0.06423685120725567,0.05082192995715544,307
3,0.0,0.0,0.0,0.0,0
4,0.0,0.0,0.0,0.0,0
