,max,min,avg,median,count
0,0.19814655078896543,0.0007840738001964613,0.04090888512769756,0.03249778966551177,38
1,0.2306272371157506,0.0007390233100601769,0.041058558913619196,0.03861707121185268,168
2,0.10600693119348172,9.469573700324486e-05,0.03574954346343847,0.03527157038664955,56
3,0.0,0.0,0.0,0.0,0
4,0.0,0.0,0.0,0.0,0
