,max,min,avg,median,count
0,0.21280362451521304,0.0009770437798057613,0.03289901722006222,0.028984960123397442,66
1,0.11397762579145485,0.0006365662488030024,0.033478700347820356,0.02942194092701008,78
2,0.15229381090581684,0.0002036949389288372,0.029393417560779053,0.023290493675868246,188
3,0.0,0.0,0.0,0.0,0
4,0.0,0.0,0.0,0.0,0
