,max,min,avg,median,count
0,0.15495321042153254,0.0062771394229746095,0.0749171671664778,0.07385569632872745,13
1,0.44861956959355603,0.0004973058832735594,0.06997472333391082,0.06264175435162454,81
2,0.294874059976008,0.0003661462202741612,0.07030211454382489,0.056680081523809746,241
3,0.11092989019928304,0.009336513341014504,0.05061664549189452,0.03590454667554654,6
4,0.0,0.0,0.0,0.0,0
