,max,min,avg,median,count
0,0.07606714406162918,0.00475543383090381,0.034954669663921065,0.03348339708189962,21
1,0.12079535204369576,0.0013309938767099565,0.02373524536655818,0.018930565530550315,98
2,0.10606484909009209,0.0005085044085728814,0.03206709355569325,0.02638695295093999,78
3,0.0,0.0,0.0,0.0,0
4,0.0,0.0,0.0,0.0,0
