,max,min,avg,median,count
0,0.2042850476886884,0.0017212390314475122,0.05698646850229433,0.03395208281364841,49
1,0.22032878058472757,0.0015571747625720384,0.060374504442683774,0.04369836516049403,116
2,0.3759820972346718,0.00016273813182392152,0.07144824443477661,0.060029513770667134,175
3,0.0,0.0,0.0,0.0,0
4,0.0,0.0,0.0,0.0,0
