,max,min,avg,median,count
0,0.12459299602462114,0.0011422382538056075,0.044665214878072644,0.027775581365998073,23
1,0.15927242115774118,0.0008664192561997795,0.04554012506516996,0.04254985076353557,111
2,0.25640121539787364,0.0012332397934088511,0.049981540071661786,0.036462178386370614,158
3,0.0,0.0,0.0,0.0,0
4,0.0,0.0,0.0,0.0,0
