,max,min,avg,median,count
0,0.16343486309188518,0.0036335851220609307,0.05699741787890607,0.049869686305756764,42
1,0.1293577901984567,0.0029099827784235524,0.049027081906017435,0.047219186409857596,80
2,0.17482558493969802,0.00019929014073748135,0.04993912907875343,0.041927812037419965,210
3,0.0,0.0,0.0,0.0,0
4,0.0,0.0,0.0,0.0,0
