,max,min,avg,median,count
0,0.12783165489298998,0.008584756084436878,0.06350927434120769,0.05642706336305585,23
1,0.21164626135281112,0.0005880628148956037,0.0525374400725007,0.04343962448229189,105
2,0.19644690125913683,0.00021262308736068553,0.053303613765545294,0.04796925487840721,203
3,0.0909867523069759,0.0005978654978588999,0.045792308902417395,0.045792308902417395,2
4,0.0,0.0,0.0,0.0,0
