,max,min,avg,median,count
0,0.1573746505666332,0.0022900757381471596,0.051063199661468106,0.03746070102863845,65
1,0.14256677581567395,0.001917272993684838,0.05498599071535562,0.050916030163346754,106
2,0.17830198422838545,0.00019680561902120141,0.05674276710967356,0.05162726934839709,163
3,0.0,0.0,0.0,0.0,0
4,0.0,0.0,0.0,0.0,0
