,max,min,avg,median,count
0,0.10487234102740922,0.00022466795329829033,0.02724059751974019,0.022524447616523235,43
1,0.11265055440990299,0.00012750979902540478,0.03091481579415911,0.025580270949463184,119
2,0.1569924080340215,0.00019424020342699984,0.03051946880419441,0.022824982463729566,171
3,0.0,0.0,0.0,0.0,0
4,0.0,0.0,0.0,0.0,0
