,max,min,avg,median,count
0,0.09636629212659083,0.0013660268556261925,0.03458282530449602,0.027005367485187004,39
1,0.10968702076454424,0.00021236417694798688,0.03574718598281384,0.028757051583983947,126
2,0.12034608918688404,0.001120533907079673,0.035377266644766876,0.030930726586084804,57
3,0.0,0.0,0.0,0.0,0
4,0.0,0.0,0.0,0.0,0
