,max,min,avg,median,count
0,0.09216030526611696,0.001323082708894094,0.032841454952398784,0.026153014500796115,19
1,0.119701692496604,0.000669650310213748,0.038723217249377474,0.02778710223496503,47
2,0.1899703894959187,1.9517480846428768e-05,0.04181113349467789,0.033429073332828727,184
3,0.0,0.0,0.0,0.0,0
4,0.0,0.0,0.0,0.0,0
