,max,min,avg,median,count
0,0.11524578383066476,0.0005700284180389285,0.04074604186193298,0.03405323498190676,39
1,0.12396314688183507,0.0015489767852818659,0.041850591286088194,0.040696013092983235,79
2,0.13853128382550986,0.000153576411722092,0.040282578415521,0.033244329885909765,140
3,0.0,0.0,0.0,0.0,0
4,0.0,0.0,0.0,0.0,0
