,max,min,avg,median,count
0,0.21619992072696773,5.3959554339622636e-05,0.10465562828619807,0.10448842005934808,42
1,0.24810671832937856,0.0009411140276337339,0.07780467933957526,0.06486471937495389,162
2,0.2429733663970863,0.00017334847033360432,0.08045065019193419,0.06933813282379937,121
3,0.0,0.0,0.0,0.0,0
4,0.0,0.0,0.0,0.0,0
