,max,min,avg,median,count
0,0.10003166148099338,0.00159304203586082,0.04311831914391707,0.039937907987942035,45
1,0.1250401027827439,0.0003896075227078987,0.042388158030722774,0.0434101021104112,83
2,0.2120179167965396,0.0005042743238081518,0.039742313802400446,0.03397262302462113,200
3,0.0647654294809886,0.030460312175428605,0.04590672362072227,0.04249442920574961,3
4,0.0,0.0,0.0,0.0,0
