,max,min,avg,median,count
0,0.07274727674848673,0.007077133285746071,0.04114403696110025,0.04415923131930669,23
1,0.07625255146042535,0.0008730847920270656,0.02594738942709691,0.02286745039439958,55
2,0.15365596189832553,0.0001745795406332849,0.032260982874902526,0.026384193223866245,251
3,0.03725464640081508,0.024189287058078646,0.03072196672944686,0.03072196672944686,2
4,0.0,0.0,0.0,0.0,0
