,max,min,avg,median,count
0,0.12466892117665654,0.0006296037771665881,0.03978270356986442,0.03419502610129525,26
1,0.09851036707573435,0.003186356543184342,0.03124754537538876,0.019691644176692804,46
2,0.18853774160630318,0.0004622818149039241,0.03719214814730022,0.027956492798609532,146
3,0.0,0.0,0.0,0.0,0
4,0.0,0.0,0.0,0.0,0
