,max,min,avg,median,count
0,0.12303828594559754,0.0013449505815878195,0.035125152667691055,0.03291360821775685,24
1,0.10233981957073643,0.0010671756991101804,0.029665565450429757,0.028886822171636274,58
2,0.08803493605345773,6.691813950483668e-05,0.027426920006861526,0.021888745559776934,105
3,0.0,0.0,0.0,0.0,0
4,0.0,0.0,0.0,0.0,0
