,max,min,avg,median,count
0,0.09530917005782809,6.221799406538081e-05,0.03614501403685018,0.027154195984579195,36
1,0.17936303240453713,0.0006098260147098278,0.04469875399595152,0.03307759364661102,72
2,0.23777510931122653,0.0009131917082958183,0.04377627770844098,0.03587623321900303,160
3,0.0,0.0,0.0,0.0,0
4,0.0,0.0,0.0,0.0,0
