,max,min,avg,median,count
0,0.0743344818420143,0.007105199154062696,0.03337834479703708,0.02420608520260343,22
1,0.18399355046681484,2.6813409888148595e-05,0.03466976581948059,0.024011099469168684,41
2,0.13178039536006386,0.00038043816242343975,0.03371879228336374,0.030036909146497454,150
3,0.0,0.0,0.0,0.0,0
4,0.0,0.0,0.0,0.0,0
