,max,min,avg,median,count
0,0.4206771293518641,0.0006367678704509922,0.11256223023814635,0.08712331289526337,41
1,0.37708543053886423,0.0005044242970539995,0.09325953976346613,0.07537209000117673,80
2,0.28410281179959995,6.691813950483668e-05,0.07768662211074813,0.05986702562243417,213
3,0.0,0.0,0.0,0.0,0
4,0.0,0.0,0.0,0.0,0
