,max,min,avg,median,count
0,0.09931834161889988,0.00024922721298982286,0.032857945902156536,0.030586127254962854,20
1,0.10608623278868895,0.0008043415528748315,0.03969560960869095,0.03681929966062046,50
2,0.16966380974983275,0.0005523243490945467,0.04095847879728364,0.032041807104783104,196
3,0.0,0.0,0.0,0.0,0
4,0.0,0.0,0.0,0.0,0
