,max,min,avg,median,count
0,0.21928496225465594,0.0006677040959259043,0.04179890316307545,0.027999169854992536,32
1,0.21385178867650986,0.0002842219934974941,0.038075772544007354,0.030021222294682463,136
2,0.3445020735555921,0.0015688877774667207,0.04989778578496005,0.03155607761849072,32
3,0.0,0.0,0.0,0.0,0
4,0.0,0.0,0.0,0.0,0
