,max,min,avg,median,count
0,0.12472933944771561,0.0018080616291490804,0.030105672990892996,0.026279222021032802,44
1,0.17167357707125291,0.00025766588531432404,0.03333193595030865,0.028685967232097404,190
2,0.13960835294523677,0.00042924403318177944,0.033155902122923346,0.024727909758670952,101
3,0.0,0.0,0.0,0.0,0
4,0.0,0.0,0.0,0.0,0
