,max,min,avg,median,count
0,0.10007523983251312,0.0008882860072262986,0.044868331217791727,0.02882533415858392,17
1,0.11061467724327032,0.000491172217353997,0.034169235233994934,0.029372027813527355,42
2,0.2341616576208382,6.393580472779547e-05,0.03477502656545511,0.026703166222390846,154
3,0.0,0.0,0.0,0.0,0
4,0.0,0.0,0.0,0.0,0
