,max,min,avg,median,count
0,0.17383707718261657,9.643592438468201e-05,0.07012317197925333,0.06564675508994497,48
1,0.21573876004957007,0.001071666813716643,0.06638772552495795,0.05466735736261229,91
2,0.590194285033029,0.003667859649223803,0.07320511962091461,0.05525784700253012,189
3,0.0,0.0,0.0,0.0,0
4,0.0,0.0,0.0,0.0,0
