,max,min,avg,median,count
0,0.18980837377467127,0.001008758028325992,0.08242555592140988,0.08376341606921199,40
1,0.19770093591391116,0.0038355497633482958,0.06671073945645122,0.05964319772037424,74
2,0.33212091210201045,0.0002913562479213983,0.07105388088490651,0.06338987197609731,197
3,0.0,0.0,0.0,0.0,0
4,0.0,0.0,0.0,0.0,0
