,max,min,avg,median,count
0,0.3199627898906587,2.384005762770501e-05,0.08068980914139787,0.059112879153476794,34
1,0.3371136742405554,0.0023673358694994225,0.08890821913307108,0.07183945168879426,58
2,0.3463042861625441,0.0014853623046999975,0.0816019485680532,0.06727599511261496,124
3,0.07101229338075982,0.010405155702409474,0.04070872454158465,0.04070872454158465,2
4,0.0,0.0,0.0,0.0,0
