,max,min,avg,median,count
0,0.559408172786092,0.004329328544443864,0.15220205128611908,0.0834393467688696,31
1,0.21996751957058952,0.0031055946120185033,0.07720295125877462,0.06111970479125135,62
2,0.395640719163794,0.00014057886139976357,0.09276498259561293,0.07114922066347013,244
3,0.0,0.0,0.0,0.0,0
4,0.0,0.0,0.0,0.0,0
