,max,min,avg,median,count
0,0.12107347496261725,0.002235707347730717,0.03945694410438096,0.03730254862074846,27
1,0.0922036434180828,0.00011186593255046132,0.02757664110878327,0.02206262760535839,79
2,0.18616166298260298,0.0005958006935337763,0.03039831503064326,0.024183786742039526,232
3,0.0,0.0,0.0,0.0,0
4,0.0,0.0,0.0,0.0,0
