,max,min,avg,median,count
0,0.21138249163007075,0.0030144455880699076,0.0794066777223391,0.059829630133358416,29
1,0.3175337929140368,0.00016470563494813323,0.07356516073555414,0.05300155274832805,92
2,0.4015297182646404,0.0007634464697200909,0.06827923227844764,0.0505215367768901,198
3,0.0,0.0,0.0,0.0,0
4,0.0,0.0,0.0,0.0,0
