,max,min,avg,median,count
0,0.07772080511430984,0.0021633817532432076,0.03273868551831309,0.026445282882285762,16
1,0.10393382463054553,0.0012491098810508158,0.03220426781453385,0.029459297036028755,71
2,0.1357051505840197,0.00045355106733700995,0.03199578439550082,0.02586580569893083,103
3,0.0,0.0,0.0,0.0,0
4,0.0,0.0,0.0,0.0,0
