,max,min,avg,median,count
0,0.14138489491773573,0.0013713859244487265,0.037751180285259346,0.027992064361402717,30
1,0.15883063679405396,0.0005136475621448411,0.03320374198196268,0.022847538065299232,103
2,0.11993957748591604,0.0024714541356364098,0.03754914404919098,0.028643644618600632,55
3,0.0,0.0,0.0,0.0,0
4,0.0,0.0,0.0,0.0,0
