,max,min,avg,median,count
0,0.10230883037412414,0.0009955171186036564,0.03423584241044045,0.01610395594896757,9
1,0.16151175033025345,0.0013712028965523317,0.037753078653149835,0.03001558301330331,26
2,0.34084199727394254,5.132334012206274e-05,0.03895349196976189,0.02818217843215203,214
3,0.08869635285315991,0.003374588301684853,0.05098527277541085,0.05507226950491486,5
4,0.0,0.0,0.0,0.0,0
