,max,min,avg,median,count
0,0.15238979754459384,0.0028463467252444062,0.03642705901011661,0.019953663190671843,19
1,0.17397418265134196,0.00044830463404749865,0.034610248315376145,0.0306917506657556,51
2,0.15799941451277777,0.000848805054276612,0.03851627443208349,0.03189106949466973,120
3,0.0,0.0,0.0,0.0,0
4,0.0,0.0,0.0,0.0,0
