,max,min,avg,median,count
0,0.3127851927321666,4.652016077491893e-05,0.04835385080808037,0.035799910358859245,25
1,0.4865974436753551,5.217253905606757e-05,0.036506785837843066,0.024494577186759806,128
2,0.07501808566713879,0.0017601022618949469,0.02778455969816582,0.023736379323192267,43
3,0.0,0.0,0.0,0.0,0
4,0.0,0.0,0.0,0.0,0
