,max,min,avg,median,count
0,0.09611772979020798,1.9994982781371148e-05,0.037660825025332814,0.042070890312507714,33
1,0.2802556432460793,0.0009231719694801817,0.036516401305536995,0.02746185862010928,77
2,0.25918035363546843,0.0004260230375743437,0.03316053114776156,0.027970985411958936,129
3,0.0,0.0,0.0,0.0,0
4,0.0,0.0,0.0,0.0,0
