,max,min,avg,median,count
0,0.14612257256882147,0.0005678240665080329,0.03973685693797224,0.028599692547011005,17
1,0.2461717978431611,0.0013238520121014866,0.038330671667272005,0.03283454602439082,59
2,0.27022726692523746,0.00010778828268490389,0.047008305464863585,0.03519946850027248,123
3,0.043825850472412414,0.004731630594045347,0.023181072669187164,0.02098573694110374,3
4,0.0,0.0,0.0,0.0,0
