,max,min,avg,median,count
0,0.11712495124333919,0.002267750295479815,0.041375656445072996,0.033872552906597825,35
1,0.16052719272340246,0.0015407012231162622,0.04164998781689195,0.03315753890662991,85
2,0.18606666129214944,0.002134427013281018,0.045208544294170476,0.03632398705552399,120
3,0.0,0.0,0.0,0.0,0
4,0.0,0.0,0.0,0.0,0
