,max,min,avg,median,count
0,0.1802111466846616,0.0008882860072262986,0.0710258328916789,0.046310516556664474,34
1,0.15925433437278097,9.956740536442901e-05,0.054551111652449656,0.049160843104444796,179
2,0.3463042861625441,0.0003172796099988191,0.0648948534864295,0.056066256839893434,133
3,0.0,0.0,0.0,0.0,0
4,0.0,0.0,0.0,0.0,0
