,max,min,avg,median,count
0,0.2208896262594491,0.028192331054800783,0.10590906314311867,0.08027083621930652,7
1,0.16385228071931324,0.0009147497847689623,0.04702606765909912,0.03664681121974515,77
2,0.18124552406350897,0.0006753437493188954,0.054989887124098,0.05123046021158735,139
3,0.1501004398648901,0.0023729009975210135,0.05269534961085776,0.03760191085872055,29
4,0.0,0.0,0.0,0.0,0
