,max,min,avg,median,count
0,0.20401791246209708,0.00012547593322382024,0.04718119370771236,0.033925092161713764,47
1,0.15074148513718433,0.00021806868484127977,0.046358457345682356,0.03736865312907869,117
2,0.1378342849969707,9.608036976054827e-05,0.038590344651085275,0.031323254786144956,181
3,0.08086062112970131,0.03760191085872055,0.05923126599421093,0.05923126599421093,2
4,0.0,0.0,0.0,0.0,0
