,max,min,avg,median,count
0,0.1729758843540853,0.0060099981135251605,0.0437544460590888,0.03754071869777211,44
1,0.12578531751501137,0.0008714066255077499,0.03538574686706822,0.029697733680053358,80
2,0.20255978066749894,0.00023241600432968705,0.04135077545955249,0.0343507469508631,224
3,0.0,0.0,0.0,0.0,0
4,0.0,0.0,0.0,0.0,0
