,max,min,avg,median,count
0,0.30733977362169174,0.00011021339683249339,0.10030407644155387,0.06481674919974918,33
1,0.20178083920536857,0.0005646368713290352,0.07019549430868903,0.05855156001605657,190
2,0.2904876266507728,0.0001323737551507112,0.06684884352039115,0.0484307228008869,122
3,0.0,0.0,0.0,0.0,0
4,0.0,0.0,0.0,0.0,0
