,max,min,avg,median,count
0,0.12272827379253505,0.017415767084001388,0.06333984785772823,0.06378137137075991,11
1,0.16088315933789316,0.0002782634586446535,0.05304625331314399,0.045183265788422564,52
2,0.23354029332720502,3.617183205556832e-07,0.05616924388977715,0.04510066596428257,184
3,0.20550863876322648,0.001917783232547595,0.0584000767763103,0.050760821754467486,42
4,0.0,0.0,0.0,0.0,0
