,max,min,avg,median,count
0,0.1875004745520161,0.013176482617923204,0.08595849357959631,0.07525788634931721,42
1,0.2858751520336342,0.0005648621476844549,0.08357520988604789,0.06771781885440693,73
2,0.3172675818502632,0.0008497737976448217,0.08173357318746394,0.07040668477649525,194
3,0.0,0.0,0.0,0.0,0
4,0.0,0.0,0.0,0.0,0
