,max,min,avg,median,count
0,0.14700156090475852,0.0012276440675999753,0.03490176779470507,0.014666337876621046,17
1,0.07706997199205082,0.0006546213662340134,0.030974974378245652,0.026905118064848643,52
2,0.10604482800287612,0.00035339774697064065,0.031210911400611448,0.027465371414114863,113
3,0.0,0.0,0.0,0.0,0
4,0.0,0.0,0.0,0.0,0
