,max,min,avg,median,count
0,0.10792354340785915,0.0006545737696790298,0.031126722126200778,0.024702154881180594,25
1,0.08707393068999571,0.00010208337604309886,0.024755387504017387,0.02191354149854558,107
2,0.10964816857180275,0.00023550820050181166,0.026559299139512944,0.02151005956491125,64
3,0.0,0.0,0.0,0.0,0
4,0.0,0.0,0.0,0.0,0
