,max,min,avg,median,count
0,0.39222434451386773,0.003607246426845855,0.1384685984268671,0.10737376828512078,41
1,0.19244121964047667,0.000441297187625795,0.06355992584295106,0.05714010913530547,213
2,0.25452275060238155,0.00015129646707527774,0.04890062967752772,0.042324914813813036,95
3,0.0,0.0,0.0,0.0,0
4,0.0,0.0,0.0,0.0,0
