,max,min,avg,median,count
0,0.11660513115422412,0.0002804223309791361,0.03147778779107019,0.024322796153626258,30
1,0.13701507151235975,0.0004241694226033807,0.03409644837966369,0.02869860080316318,63
2,0.11749962492745107,2.421771492207854e-05,0.031703294722939014,0.024450010470983705,94
3,0.02998500545155404,0.007202774892575404,0.018593890172064722,0.018593890172064722,2
4,0.0,0.0,0.0,0.0,0
