,max,min,avg,median,count
0,0.13646274780028433,0.00021380623793774498,0.03263940204688522,0.022224579237831173,47
1,0.1652950462566321,6.0684481178913524e-05,0.031031321971911944,0.022745059239121283,225
2,0.07632544136545627,0.0006616549712296921,0.028462507819669226,0.022831105746186707,67
3,0.0,0.0,0.0,0.0,0
4,0.0,0.0,0.0,0.0,0
