,max,min,avg,median,count
0,0.1374515996377023,0.0013335802546673415,0.04679134155360438,0.04001729495111755,44
1,0.19018822316521647,0.0005920122566257171,0.04385029959903645,0.033666577541678726,82
2,0.15082616639928087,0.0002699880236001465,0.04937399687748112,0.046782544274594585,227
3,0.0,0.0,0.0,0.0,0
4,0.0,0.0,0.0,0.0,0
