,max,min,avg,median,count
0,0.2054966844303407,0.0033923849388296113,0.05050671373843726,0.03355655083539229,47
1,0.17915342439576468,4.37698651137417e-05,0.045301826869458876,0.038180909073614766,228
2,0.11742328823057195,0.0003196552050180578,0.03436847821816673,0.024680961276144574,75
3,0.0,0.0,0.0,0.0,0
4,0.0,0.0,0.0,0.0,0
