,max,min,avg,median,count
0,0.14763517679256866,0.0071953802325694545,0.04518833298400006,0.03823709253577387,21
1,0.2271581410737833,0.0010228710043651693,0.04592702807538776,0.03449656541629871,84
2,0.205802896516522,0.0013374708549089539,0.04922370614623301,0.03576795549073067,73
3,0.0,0.0,0.0,0.0,0
4,0.0,0.0,0.0,0.0,0
