,max,min,avg,median,count
0,0.2254333427536371,0.003093367859165517,0.0473305096887635,0.03743607599663463,35
1,0.14749630152828735,0.0004411271517729495,0.04159619546290617,0.03127109044912965,148
2,0.10260359074315693,0.0008883077598973256,0.045084216359877506,0.04660924211870639,63
3,0.0,0.0,0.0,0.0,0
4,0.0,0.0,0.0,0.0,0
