,max,min,avg,median,count
0,0.10458552768748229,0.0062661129970540295,0.040247821373989544,0.03261630056454908,14
1,0.35395652754177037,0.0009549610406504,0.05547067024670132,0.042780468093126585,138
2,0.146305534602135,0.00042500803684767513,0.05009117524754049,0.04429790236464331,77
3,0.0,0.0,0.0,0.0,0
4,0.0,0.0,0.0,0.0,0
