,max,min,avg,median,count
0,0.09213776689543243,0.008760002659157102,0.036134456811714934,0.021486691741339686,10
1,0.044704780679150506,0.004862550209966328,0.020266264581881854,0.0179245836666033,6
2,0.3037791915531095,0.00022406914398037536,0.033423884364416984,0.02569207063719449,179
3,0.0,0.0,0.0,0.0,0
4,0.0,0.0,0.0,0.0,0
