,max,min,avg,median,count
0,0.12875536286741365,0.002721132439358878,0.03188128787560737,0.025839992402857708,25
1,0.12266900800517616,0.0001250462927566448,0.036656947741140145,0.029621959788563718,94
2,0.12680155120400732,0.0008083296182592034,0.03878773949978487,0.03009500344553717,103
3,0.0,0.0,0.0,0.0,0
4,0.0,0.0,0.0,0.0,0
