,max,min,avg,median,count
0,0.0770894505306401,0.0028310352212849547,0.03319301044625959,0.02859548918831601,27
1,0.18315749016958172,0.0018791846192893669,0.039764776547655735,0.03625484478947675,84
2,0.15161496838656466,0.0005193451494660778,0.03961904536041953,0.03646834957566776,244
3,0.0,0.0,0.0,0.0,0
4,0.0,0.0,0.0,0.0,0
