,max,min,avg,median,count
0,0.17866267133402583,0.001101402612558721,0.04502822610527721,0.03460003331229695,37
1,0.20404906348778662,0.002255514738804208,0.051800581167073985,0.041576429777649096,77
2,0.6410388117479698,0.00010406405796718811,0.05612966743150521,0.04447709197619004,156
3,0.0,0.0,0.0,0.0,0
4,0.0,0.0,0.0,0.0,0
