,max,min,avg,median,count
0,0.08825607326710586,0.00043006784873332647,0.033246330478276145,0.02917959887047722,23
1,0.12467732753892058,4.61291020670063e-05,0.03257801439926106,0.024974309890455026,113
2,0.1122157278754795,0.001283631154869147,0.034128512458665085,0.030071025170973487,38
3,0.0,0.0,0.0,0.0,0
4,0.0,0.0,0.0,0.0,0
