,max,min,avg,median,count
0,0.17996714569296604,0.001670211307273758,0.07460079214680206,0.0645780498508766,48
1,0.2425996902220195,0.0016090141797325203,0.06821372876269659,0.05734934345704634,131
2,0.2865857043204762,0.00035437664623985216,0.06693278192430409,0.05954459472086064,179
3,0.015516903883775135,0.015516903883775135,0.015516903883775135,0.015516903883775135,1
4,0.0,0.0,0.0,0.0,0
