,max,min,avg,median,count
0,0.3641521972228257,0.00033387611947351906,0.11237969121658001,0.08389541608246291,39
1,0.22760523677420597,0.0008020059308819368,0.10410592944615962,0.1101005760462658,68
2,0.26630338540054455,0.000402868544253834,0.07863602757320313,0.060838416669800985,247
3,0.0,0.0,0.0,0.0,0
4,0.0,0.0,0.0,0.0,0
