,max,min,avg,median,count
0,0.1511401401020704,0.004471104448811009,0.03667668708931314,0.02895269024132907,18
1,0.4190128438856089,0.0006912049852201552,0.03654282617591299,0.025497273602135006,139
2,0.10786615712294274,0.0019462217543032428,0.025982956498075794,0.022782440298198755,35
3,0.0,0.0,0.0,0.0,0
4,0.0,0.0,0.0,0.0,0
