,max,min,avg,median,count
0,0.05866858961127486,0.0010565972727823256,0.02596812734829874,0.026336227024555015,17
1,0.10705183604677955,0.0003566750374156902,0.027426220984269355,0.018708830131786317,72
2,0.09502566221094601,2.5587416229108984e-05,0.02601973703757574,0.020611847090296752,103
3,0.0,0.0,0.0,0.0,0
4,0.0,0.0,0.0,0.0,0
