,max,min,avg,median,count
0,0.10698439818297523,9.392653321183804e-05,0.030259171178260554,0.029433371060503498,20
1,0.10483298859255895,0.0006830483750163121,0.031372370029041675,0.023022270589136806,109
2,0.07931497256235923,0.002419230975253293,0.024349152885220188,0.020696297984879576,47
3,0.0,0.0,0.0,0.0,0
4,0.0,0.0,0.0,0.0,0
