,max,min,avg,median,count
0,0.33403203555450056,0.0014988849382545288,0.07074623424869624,0.04231701118822651,40
1,0.5378056642627588,0.00013530711124766373,0.04948745683925519,0.03440650993684802,108
2,0.3445020735555921,0.0003455297501526792,0.040476123321375505,0.03255739568390074,211
3,0.0,0.0,0.0,0.0,0
4,0.0,0.0,0.0,0.0,0
