,max,min,avg,median,count
0,0.09914878009825666,0.006845323205742872,0.03159454889453312,0.020603415736370288,7
1,0.13058515513810048,0.0032855311008047495,0.05042663166042355,0.02878959278623791,12
2,0.3371934811501505,0.000375423458169066,0.04993957659069489,0.03250921533484645,183
3,0.5706199453880871,0.0007907416539351298,0.05133321878374908,0.03628824924461159,48
4,0.0,0.0,0.0,0.0,0
