,max,min,avg,median,count
0,0.3495447234533736,0.0012545879129842793,0.08707300573017838,0.070564343885821,47
1,0.3358067072189738,0.00046688086571046645,0.07561026276402774,0.0521194389065648,75
2,0.5105558053049092,0.0006376470302713461,0.08195329932359449,0.0549521051745845,216
3,0.0,0.0,0.0,0.0,0
4,0.0,0.0,0.0,0.0,0
