,max,min,avg,median,count
0,0.27919962797213516,0.006782237059690189,0.06318477185700465,0.04035699711878269,49
1,0.2129454243992445,0.0004620781404235432,0.06739227323964676,0.06252197842327119,74
2,0.49197379661980944,0.000353695368830648,0.06530313644065074,0.05417218039880985,185
3,0.21020987718986803,0.021788869315133363,0.07510091783008957,0.0412963761574511,10
4,0.0,0.0,0.0,0.0,0
