,max,min,avg,median,count
0,0.1743781203079067,0.002624901539763209,0.049474475912801893,0.04945058455514777,28
1,0.19302750449740202,0.001368966481333871,0.045237062354504975,0.04156032800105926,77
2,0.2980064018605703,0.0010240312835643113,0.044356720485278466,0.035532611668963085,82
3,0.0,0.0,0.0,0.0,0
4,0.0,0.0,0.0,0.0,0
