,max,min,avg,median,count
0,0.2588522193622358,0.0011041296989321707,0.06939840367343564,0.05236375136405629,43
1,0.32090788279736726,0.00018361828548642134,0.07260787278434239,0.06573129786345858,138
2,0.21953158837868653,0.0005863852973530513,0.06995884574467824,0.05932459981212472,176
3,0.0,0.0,0.0,0.0,0
4,0.0,0.0,0.0,0.0,0
