,max,min,avg,median,count
0,0.09059541486989088,0.0040606143654153565,0.03203319934104085,0.025281362857274895,23
1,0.08949082114001732,0.0007442563999559654,0.02869987679743412,0.026874016563599053,51
2,0.08534226481569616,1.5262000335908748e-05,0.026407485959385902,0.022051048465944044,99
3,0.0,0.0,0.0,0.0,0
4,0.0,0.0,0.0,0.0,0
