,max,min,avg,median,count
0,0.1632165591255733,0.00898741505238291,0.060170653470413726,0.05383558592944752,45
1,0.2349991993659147,0.0013497673933568675,0.06023707832829866,0.047461205891295336,63
2,0.4093466732804768,0.0007970043292161402,0.06433803363126926,0.05118172298886863,167
3,0.11214520270774536,0.0022114900857310047,0.055425789202607524,0.05044523983228878,9
4,0.0,0.0,0.0,0.0,0
