,max,min,avg,median,count
0,0.2133792313118892,4.2197914071282264e-05,0.06630575752425273,0.0504631745862221,51
1,0.19219749935080518,0.0003553192298193311,0.06322084417892974,0.05552979573401631,203
2,0.20007960707071115,0.0004400555028146413,0.05591002539621257,0.0506488256658069,109
3,0.08311185673386985,0.08311185673386985,0.08311185673386985,0.08311185673386985,1
4,0.0,0.0,0.0,0.0,0
