,max,min,avg,median,count
0,0.23303500738163266,0.0014455032597032306,0.08053631936070156,0.053323382376186966,43
1,0.2352408332829516,0.002031976985060606,0.062053767318442976,0.0489214202330314,81
2,0.3434181630214801,0.0015966600261396009,0.07569619182016002,0.056550993581905386,177
3,0.0,0.0,0.0,0.0,0
4,0.0,0.0,0.0,0.0,0
