,max,min,avg,median,count
0,0.18174378468434627,0.002106426775832824,0.032081012029216226,0.024764530938745498,27
1,0.15420240755513293,0.0002462940269058692,0.0367183912024246,0.029425351561623677,55
2,0.21133523865105497,0.00012875819921927503,0.03298603980695582,0.026316745081892443,110
3,0.0,0.0,0.0,0.0,0
4,0.0,0.0,0.0,0.0,0
