,max,min,avg,median,count
0,0.11560614497318647,0.01019858427727663,0.042395776915216364,0.03697933723634796,19
1,0.10605365464661033,0.00046135698505812085,0.03137688605303847,0.02342916821329925,62
2,0.19306120794409792,0.0013266489393158891,0.04349633668183065,0.03479667304208153,94
3,0.0,0.0,0.0,0.0,0
4,0.0,0.0,0.0,0.0,0
