,max,min,avg,median,count
0,0.3360144410649245,0.0017300662799543786,0.12124775273963719,0.12136464033840089,30
1,0.2737046399749575,0.0015889386833459818,0.0776908932160074,0.05856694336416051,149
2,0.26598033450863146,0.00048248154248406385,0.07702490627530162,0.06506179495885715,181
3,0.0,0.0,0.0,0.0,0
4,0.0,0.0,0.0,0.0,0
