,max,min,avg,median,count
0,0.2278170030298196,0.0023975038639150767,0.05717938935148797,0.0375666635021714,28
1,0.17667598724616373,0.0010767842751845005,0.05479321643992563,0.04438723764350776,55
2,0.1682018223170639,0.00015017160102436257,0.04495289165402726,0.038233238454795364,108
3,0.10519045843138328,0.01268189563538919,0.04922683234682922,0.029808142973715195,3
4,0.0,0.0,0.0,0.0,0
