,max,min,avg,median,count
0,0.1260399323112343,0.0022799162653129204,0.04273588029168293,0.03270928768888207,31
1,0.1386342946001824,0.0011001586941265778,0.038473515038161786,0.030795570731264595,65
2,0.21267671772576224,8.843990305653119e-05,0.047409644850362295,0.04037134707073808,138
3,0.0,0.0,0.0,0.0,0
4,0.0,0.0,0.0,0.0,0
