,max,min,avg,median,count
0,0.1809634952093286,0.0058060650276989915,0.0347264215955347,0.020857191597664512,26
1,0.09696639460856211,0.0004792654790049591,0.02817406638494956,0.023178227145124474,109
2,0.146305534602135,0.001508004089523351,0.029078724274208097,0.021751066645858873,88
3,0.0,0.0,0.0,0.0,0
4,0.0,0.0,0.0,0.0,0
