,max,min,avg,median,count
0,0.09017835881475354,0.00033219328691942186,0.037513632727363015,0.03491324656511635,26
1,0.1641860205122286,0.0006904878746762091,0.04032980812694041,0.032442231767094466,48
2,0.16757084371986872,0.0006891532068579923,0.04674765691618954,0.0413025376924089,103
3,0.0,0.0,0.0,0.0,0
4,0.0,0.0,0.0,0.0,0
