,max,min,avg,median,count
0,0.16597931893199727,0.003515923783402173,0.055552730677147936,0.04363033791403214,37
1,0.1925537884853423,6.399413453661633e-05,0.05192858954223279,0.03742632470076904,98
2,0.23338211195645073,0.00020991261035913352,0.055584776910023496,0.04748495551594485,130
3,0.0,0.0,0.0,0.0,0
4,0.0,0.0,0.0,0.0,0
