,max,min,avg,median,count
0,0.12193704203381309,0.0007005059496151111,0.030331086026092365,0.017592403789856433,17
1,0.10905613305989134,0.000659617460002631,0.0328643438887679,0.025976683886484737,69
2,0.1139934321644471,0.00020888937324745226,0.03934554485028038,0.03447964788901674,95
3,0.0,0.0,0.0,0.0,0
4,0.0,0.0,0.0,0.0,0
