,max,min,avg,median,count
0,0.1796131328738513,0.002971568207548707,0.057525187937852856,0.05135356571782919,33
1,0.16497683214635725,0.000123395530066751,0.04427911331657274,0.02955335804046822,79
2,0.1318252205850486,0.0015728887081594368,0.044534381763266406,0.037871058995018594,132
3,0.0,0.0,0.0,0.0,0
4,0.0,0.0,0.0,0.0,0
