,max,min,avg,median,count
0,0.09041389200263054,0.002148566501161046,0.03670357259132649,0.03562352056455621,22
1,0.12185805966381555,0.00018439178953040717,0.03128019903700659,0.023522805021516362,63
2,0.13087495891604292,0.0003386261278131852,0.031232010698127474,0.027608142231240765,85
3,0.0,0.0,0.0,0.0,0
4,0.0,0.0,0.0,0.0,0
