,max,min,avg,median,count
0,0.30706755318454604,0.007562160139157737,0.05305572315564353,0.027181148835092254,18
1,0.124778727506672,0.00021606447582866542,0.02838059899981587,0.019020318257103944,91
2,0.23751615871372708,3.028399671936892e-05,0.03277763048336152,0.023273437113275,81
3,0.0,0.0,0.0,0.0,0
4,0.0,0.0,0.0,0.0,0
