,max,min,avg,median,count
0,0.10003166148099338,0.0010362649181458019,0.04211520206560155,0.0375687465774013,50
1,0.1833015064583868,0.0007295931529698887,0.0400916165303723,0.030123782253282397,167
2,0.14444509524272908,0.00013797850711889923,0.03739585419761833,0.03058717793405546,152
3,0.0,0.0,0.0,0.0,0
4,0.0,0.0,0.0,0.0,0
