,max,min,avg,median,count
0,0.1537842428845083,0.002435927455775158,0.06977372965047447,0.07245686808824715,23
1,0.14535142761112427,0.0004339550079508733,0.05242776275618925,0.04906093309873398,79
2,0.1535325349929776,5.132334012206274e-05,0.0448828198214258,0.03752611504941851,226
3,0.05567781404775277,0.05567781404775277,0.05567781404775277,0.05567781404775277,1
4,0.0,0.0,0.0,0.0,0
