,max,min,avg,median,count
0,0.14658123296237632,0.0005025269310369898,0.03894127755935434,0.02728227102603562,22
1,0.17273833947181252,7.042303029425526e-05,0.03518376700145282,0.02378522138507915,86
2,0.18712085147012306,0.00031420775772795297,0.042075647599692886,0.034838368584365564,152
3,0.0,0.0,0.0,0.0,0
4,0.0,0.0,0.0,0.0,0
