,max,min,avg,median,count
0,0.06997764205883893,0.003993291773523799,0.029410179979841158,0.024617903936752814,16
1,0.09496542062381812,0.0004722301171298768,0.03655258239597239,0.027224186327730507,40
2,0.35731413254733296,4.554851888531663e-06,0.03672367927100091,0.027101775507031415,131
3,0.0,0.0,0.0,0.0,0
4,0.0,0.0,0.0,0.0,0
