,max,min,avg,median,count
0,0.44060796555030945,0.0003572267615474234,0.058372438607084624,0.03311769604658252,48
1,0.13139331503381832,0.0005646368713290352,0.042409481863999385,0.03999204381033876,94
2,0.18241571467598594,0.0007067656337555621,0.03972908702557142,0.03573749397962671,227
3,0.03497531403002366,0.0013849332947796077,0.01834715646738206,0.018514189272362487,4
4,0.0,0.0,0.0,0.0,0
