,max,min,avg,median,count
0,0.12474411478193162,0.002484095619250003,0.039082793067306124,0.036607194508933766,21
1,0.17506691389790208,0.0020300006939884927,0.03850140161540908,0.03347676199316266,48
2,0.18864455076281225,0.0009635078995956537,0.047185649200758156,0.0473655544936195,95
3,0.0,0.0,0.0,0.0,0
4,0.0,0.0,0.0,0.0,0
