,max,min,avg,median,count
0,0.11284978251106503,0.006208641734687419,0.037871250379152205,0.033016155119489576,21
1,0.07489714655131186,0.0006681890616328673,0.025163924549819586,0.017935520135609808,47
2,0.0973786830841871,0.0007846081653128853,0.033389368850746816,0.03029839294123486,102
3,0.0,0.0,0.0,0.0,0
4,0.0,0.0,0.0,0.0,0
