,max,min,avg,median,count
0,0.17683418687983887,0.005466373095423876,0.05165636657041855,0.03493805005949305,24
1,0.2925302706925079,0.0022593407686748845,0.05515429909562065,0.04578556310477883,81
2,0.19354256996998245,0.0001300353983635371,0.06058132581552662,0.04812711480424794,95
3,0.0,0.0,0.0,0.0,0
4,0.0,0.0,0.0,0.0,0
