,max,min,avg,median,count
0,0.5336831578012402,0.00021624014155998555,0.10695186933098164,0.07608022754787395,45
1,0.28235014165312944,0.0004459470765951978,0.07877134135045616,0.059989301027593464,145
2,0.2868540816483885,9.95119793181808e-05,0.07605964212604396,0.055135914400854844,183
3,0.0,0.0,0.0,0.0,0
4,0.0,0.0,0.0,0.0,0
