,max,min,avg,median,count
0,0.16308400717383464,0.00019560578705383628,0.04376632658135858,0.03174565064650402,41
1,0.1553795666148375,0.002347656285746807,0.04973670054563499,0.041743870070237526,59
2,0.19873888850955862,0.0003147777950315762,0.050383409040427325,0.03817670536023863,156
3,0.1412768549601162,0.0026836298470790197,0.06348957187417864,0.062370460924053794,8
4,0.0,0.0,0.0,0.0,0
