,max,min,avg,median,count
0,0.07868846429618877,0.0027585400599915502,0.029691007546237297,0.027353639071853394,24
1,0.1726363295702961,0.0005124884349940646,0.03569102495355653,0.025290212308897657,74
2,0.18903801566026346,0.00048746908496577284,0.03499894363996098,0.02976904438553336,93
3,0.017584198016466986,0.017584198016466986,0.017584198016466986,0.017584198016466986,1
4,0.0,0.0,0.0,0.0,0
