,max,min,avg,median,count
0,0.25239686421043045,0.004810671730370511,0.10632503523819035,0.10309898213036164,24
1,0.20377674297913007,0.00028050639882199553,0.06089702897701488,0.05046299682592762,235
2,0.1758866557448724,0.002006473661389528,0.055260145584401135,0.0463081976499188,117
3,0.0348295134086809,0.0348295134086809,0.0348295134086809,0.0348295134086809,1
4,0.0,0.0,0.0,0.0,0
