,max,min,avg,median,count
0,0.2426567252511429,0.0013356798445283919,0.06685776907284785,0.0539863130646627,57
1,0.21367506699272218,0.00021606447582866542,0.07239148220367343,0.061741357161646616,175
2,0.24577192719141625,0.001571209641732287,0.07930748877647581,0.07301404864438041,143
3,0.0,0.0,0.0,0.0,0
4,0.0,0.0,0.0,0.0,0
