,max,min,avg,median,count
0,0.04758385345294683,0.0009701212410821834,0.022560220138726512,0.02395323139394554,18
1,0.16494039151496961,0.0002382920023113893,0.04563825534243779,0.030679563166231955,99
2,0.1540180251499802,0.00030278452725485057,0.03802425667403269,0.03496499252438162,89
3,0.0,0.0,0.0,0.0,0
4,0.0,0.0,0.0,0.0,0
