,max,min,avg,median,count
0,0.12821006663372664,0.008024579104589731,0.06208201642326604,0.06028741708222169,10
1,0.23475726535323693,0.0036115762785331987,0.06182526656990027,0.040481765442791466,16
2,0.355136470745123,0.00021473629420422127,0.052320284257164174,0.040724675775721766,202
3,0.13622304764127272,0.000315205620057767,0.04723379382857272,0.03699925709948758,47
4,0.0,0.0,0.0,0.0,0
