,max,min,avg,median,count
0,0.2082461967356717,0.004730825163864923,0.08536226162823134,0.07337956950524982,22
1,0.18203384206780657,0.00030333693387101077,0.051319405026625076,0.04140512243360803,61
2,0.17063358209289067,0.0006211808513865466,0.054957851263703505,0.04683125379545241,128
3,0.06965101277052937,0.005898793890352315,0.03777490333044085,0.03777490333044085,2
4,0.0,0.0,0.0,0.0,0
