,max,min,avg,median,count
0,0.09290445337298142,0.006050636485278289,0.036377553813845644,0.03713828201375829,17
1,0.13462903987672517,4.465444228508492e-05,0.0379555753126597,0.0335818490797447,70
2,0.21249091929908842,0.00010249050063506117,0.0378034060620557,0.029251145818438774,76
3,0.0,0.0,0.0,0.0,0
4,0.0,0.0,0.0,0.0,0
