,max,min,avg,median,count
0,0.14771675002382242,0.0014363558898187615,0.03476175114428633,0.016414433994304582,18
1,0.17601354503716768,0.0015775259739062367,0.03071597971172724,0.023615473935519677,52
2,0.0993996993965774,7.606563150654054e-06,0.030738864791500824,0.02419204978362456,109
3,0.0,0.0,0.0,0.0,0
4,0.0,0.0,0.0,0.0,0
