,max,min,avg,median,count
0,0.08168247668574286,0.002881410398009487,0.03427669701015458,0.032743887380913134,25
1,0.14986935424306153,0.004273570485011704,0.04801163632118339,0.04227415285624658,47
2,0.16587862236960116,0.0005576236300475766,0.04833001900418363,0.038554179483498624,114
3,0.0,0.0,0.0,0.0,0
4,0.0,0.0,0.0,0.0,0
