,max,min,avg,median,count
0,0.16457637648372855,0.0005256769566955824,0.055347951563125566,0.04854653850284911,32
1,0.18020796163310096,0.0008001182955236578,0.049687393235044675,0.048656089578381204,88
2,0.1899703894959187,0.0007960497766253755,0.05471893341925884,0.043130051024264,116
3,0.0,0.0,0.0,0.0,0
4,0.0,0.0,0.0,0.0,0
