,max,min,avg,median,count
0,0.1016293006306569,0.001323082708894094,0.037476274407552794,0.0336013863611287,41
1,0.19345815439427355,0.00038579703612399383,0.03405169287803603,0.028307536326008263,220
2,0.10626053786719913,0.00017766390334075002,0.03641621820612367,0.03119740391599991,122
3,0.0,0.0,0.0,0.0,0
4,0.0,0.0,0.0,0.0,0
