,max,min,avg,median,count
0,0.1575508025649547,0.001112653498657314,0.032851813437031106,0.026027855134275142,18
1,0.09143605657405944,0.0010860623280240735,0.036390803161434934,0.035409998227024654,43
2,0.1319358665045269,0.0012590669799195334,0.03321956393081833,0.028263276859069802,108
3,0.0,0.0,0.0,0.0,0
4,0.0,0.0,0.0,0.0,0
