,max,min,avg,median,count
0,0.23554740675089525,0.0007209578640122327,0.05832780294981917,0.04674626468849655,21
1,0.12155115787561302,0.0010880937944646913,0.037730137616107204,0.03237454823528387,40
2,0.14312154601105262,0.0005114549885734417,0.04269501615974324,0.03498349518754219,120
3,0.0,0.0,0.0,0.0,0
4,0.0,0.0,0.0,0.0,0
