,max,min,avg,median,count
0,0.0975207476338677,0.0017720198152610805,0.03369896320144472,0.029991753538840028,41
1,0.1726363295702961,0.0011010147998340057,0.038423963582911114,0.032005835711854676,184
2,0.1376647923475417,0.00023779254567005885,0.03407659799688923,0.028179458124139755,161
3,0.0,0.0,0.0,0.0,0
4,0.0,0.0,0.0,0.0,0
