,max,min,avg,median,count
0,0.189571962071601,0.0038336630288972016,0.055144234853400816,0.051639981777858154,28
1,0.30470059743562394,0.0006535648481644691,0.05019590122590234,0.03956685850586481,96
2,0.1934926507550543,0.0010407593172290903,0.05038731984394072,0.04219482221616391,68
3,0.0,0.0,0.0,0.0,0
4,0.0,0.0,0.0,0.0,0
