,max,min,avg,median,count
0,0.12989486904592837,0.0022385744793385716,0.05657024141218618,0.04424837794245488,17
1,0.3156828060572854,0.003195935980069368,0.06740015150484335,0.05104545076456065,65
2,0.25300704113158556,0.003180077025098463,0.06297328400575315,0.04869240304567357,88
3,0.0,0.0,0.0,0.0,0
4,0.0,0.0,0.0,0.0,0
