,max,min,avg,median,count
0,0.06890627050671128,0.00023025896695137244,0.024906549214463405,0.01740794846262579,18
1,0.11575216054060876,0.0003579299399462611,0.03468368702107787,0.03102212569369359,95
2,0.16571836987529964,6.907314792464478e-05,0.033332837920581504,0.026359389497785143,55
3,0.0,0.0,0.0,0.0,0
4,0.0,0.0,0.0,0.0,0
