,max,min,avg,median,count
0,0.1270375165574775,0.012467172170646967,0.060573634405934454,0.04870428614465054,9
1,0.09332263163340977,0.0014287730017002948,0.04312001630557369,0.03912537213941674,41
2,0.18007384272305005,0.00010406405796718811,0.056242646374622285,0.04872762929799822,172
3,0.16459676853583438,2.9229291890431768e-05,0.04412411364953731,0.028722507697426958,28
4,0.0,0.0,0.0,0.0,0
