,max,min,avg,median,count
0,0.18886406864900618,0.0009921075410311714,0.04634233265580727,0.03907211725578201,26
1,0.19843407381325676,0.00043688496055994085,0.05330901308343974,0.03674169007463137,60
2,0.20830060937811773,0.00015346363768503656,0.04923502489757851,0.03690368474305952,92
3,0.0,0.0,0.0,0.0,0
4,0.0,0.0,0.0,0.0,0
