,max,min,avg,median,count
0,0.18469903166156623,0.001758045657771642,0.0813458495163517,0.0648021669095146,11
1,0.15212533506823298,0.000123395530066751,0.07425775641871683,0.073187119879799,41
2,0.16146855741005078,7.194307410132303e-05,0.06003242255399958,0.047970576902470564,175
3,0.0,0.0,0.0,0.0,0
4,0.0,0.0,0.0,0.0,0
