,max,min,avg,median,count
0,0.06268290607567793,0.0017155547424135228,0.03524280190784363,0.03418089199143257,8
1,0.2238027688450646,0.0018360127675495206,0.037170703665054636,0.032282268423006064,73
2,0.16882330364547427,0.00020891243737439734,0.03548219576582311,0.029182520349983927,144
3,0.03786413721687105,0.03786413721687105,0.03786413721687105,0.03786413721687105,1
4,0.0,0.0,0.0,0.0,0
