,max,min,avg,median,count
0,0.08826812693158269,0.00014913882071945184,0.03604765628519321,0.030175794888686814,24
1,0.08584511124773292,0.001098716769661337,0.030846807287406037,0.02691114595185208,78
2,0.11412491378130082,0.00022095490270436402,0.03156390647708949,0.023210179024610825,58
3,0.0,0.0,0.0,0.0,0
4,0.0,0.0,0.0,0.0,0
