,max,min,avg,median,count
0,0.1502348448759071,8.089505146093647e-07,0.046057227098978665,0.038080053862992305,29
1,0.18964712923173851,0.00013853803254511489,0.04914781623805897,0.037329878489241894,106
2,0.16346508307187374,0.0003290253139505155,0.052661705314161714,0.04737942583485602,257
3,0.0,0.0,0.0,0.0,0
4,0.0,0.0,0.0,0.0,0
