,max,min,avg,median,count
0,0.07499638368425965,0.0007341376995770471,0.028781199744237606,0.023906573298166672,20
1,0.09988285797070455,0.00013260273483598728,0.032553653590072416,0.030184882993313074,40
2,0.24108920737957124,3.231878208424464e-05,0.03214347882249908,0.023632681358090834,105
3,0.0,0.0,0.0,0.0,0
4,0.0,0.0,0.0,0.0,0
