,max,min,avg,median,count
0,0.15627743977261957,0.006472139150145263,0.07109374329222229,0.0757254125956961,37
1,0.21597607190314744,4.6632636677725044e-05,0.06030222308087009,0.04993529146311265,68
2,0.3218399461677797,0.00145034751152226,0.06335471158473575,0.05535924412998782,121
3,0.1501004398648901,0.0018735275739071406,0.07115543697240008,0.06806699399609412,6
4,0.0,0.0,0.0,0.0,0
