,max,min,avg,median,count
0,0.5336831578012402,0.0001564420692093956,0.08370177674997646,0.0430706921193797,49
1,0.28161208602609283,0.0011046672957167533,0.0704147542127137,0.05543387397487444,94
2,0.30008763888635803,0.0001313654972926752,0.07078930057665894,0.050775720239062176,248
3,0.0,0.0,0.0,0.0,0
4,0.0,0.0,0.0,0.0,0
