,max,min,avg,median,count
0,0.16630018399807445,0.006122070340874247,0.08768455109053537,0.08363784441391087,36
1,0.20359349294669318,0.003977798811302894,0.07262294221678238,0.06438305172989346,127
2,0.19311894655799405,0.0007553114864192175,0.07929026758811553,0.07166906531632383,73
3,0.0,0.0,0.0,0.0,0
4,0.0,0.0,0.0,0.0,0
