,max,min,avg,median,count
0,0.15676487669205333,0.0012224264939960292,0.034656871422463556,0.03026498012557062,27
1,0.1261914270205131,6.72935258256819e-05,0.03910419934284244,0.03782496793242003,52
2,0.14132447894898875,0.0009174676620951833,0.03311302394889477,0.028209463318306705,104
3,0.0,0.0,0.0,0.0,0
4,0.0,0.0,0.0,0.0,0
