,max,min,avg,median,count
0,0.2992616513292325,0.0006302998327217456,0.06948826989952242,0.0442001064875743,25
1,0.2805400339246446,0.001220320640774472,0.10211951050701153,0.08390936502538088,75
2,0.41352753475178067,0.00022479760543067851,0.09258570855095957,0.06685047089624743,200
3,0.0,0.0,0.0,0.0,0
4,0.0,0.0,0.0,0.0,0
