,max,min,avg,median,count
0,0.09059541486989088,0.00208854570972631,0.026586680258896392,0.02401303107713087,36
1,0.08457892787499277,2.3816554003339433e-05,0.03206098157483912,0.025289041978675816,91
2,0.15740436350879605,3.231878208424464e-05,0.027315342321845636,0.01760026226780574,122
3,0.0,0.0,0.0,0.0,0
4,0.0,0.0,0.0,0.0,0
