,max,min,avg,median,count
0,0.09505358856943834,0.003992468082032802,0.042671661966845534,0.034716128067124895,33
1,0.2554475849977085,0.0003791980086727861,0.045456922525542905,0.03363115974825958,59
2,0.355136470745123,0.00048171220954596074,0.047946841426356406,0.038040994085365765,146
3,0.0,0.0,0.0,0.0,0
4,0.0,0.0,0.0,0.0,0
