,max,min,avg,median,count
0,0.129770994712111,0.00043701426228213964,0.04070251110695662,0.03238309018775361,40
1,0.14042463159542104,0.0005596323452023286,0.048095670819707226,0.045747193397798175,128
2,0.15936475803604713,0.0032006050446460347,0.06052172956948457,0.060089215550835975,66
3,0.0,0.0,0.0,0.0,0
4,0.0,0.0,0.0,0.0,0
