,max,min,avg,median,count
0,0.43522989091865216,0.006472139150145263,0.12228001689367626,0.0811062373496048,45
1,0.20538193142757666,0.00021720183800821372,0.05841300182382035,0.04647849154213075,114
2,0.3794558011434116,0.00016047318900705556,0.05189040196415995,0.039725663985514525,236
3,0.0,0.0,0.0,0.0,0
4,0.0,0.0,0.0,0.0,0
