,max,min,avg,median,count
0,0.10194625756094249,0.00852016794019888,0.042938091017808676,0.03648614350608334,6
1,0.19456690043713407,0.0021294855654317834,0.04278082079975897,0.030671254081621357,48
2,0.2308093667246776,0.00013752889697381943,0.044994458964889066,0.028619049805766402,113
3,0.0,0.0,0.0,0.0,0
4,0.0,0.0,0.0,0.0,0
