,max,min,avg,median,count
0,0.09809513898785177,0.00238716407027664,0.036401131857720856,0.02449043282271671,20
1,0.13933958297155186,1.7379878238546778e-05,0.03839926150071465,0.033338470712288355,96
2,0.17328355735392934,0.0002076868141558833,0.031153249443327362,0.02628096699208946,63
3,0.0,0.0,0.0,0.0,0
4,0.0,0.0,0.0,0.0,0
