,max,min,avg,median,count
0,0.09229554317309735,0.005494356514776743,0.044411718023472754,0.03719018730877516,16
1,0.15084876146005333,0.0006811739410869708,0.042482969253090884,0.03600561084580049,104
2,0.12547949552688367,0.0004014147187983061,0.04074756649296902,0.035253619899656766,49
3,0.032128331277216274,0.012002685692579633,0.022065508484897953,0.022065508484897953,2
4,0.0,0.0,0.0,0.0,0
