,max,min,avg,median,count
0,0.49862757039540906,0.0006545737696790298,0.09358268224153328,0.056078123470395896,55
1,0.30743870376936167,8.093864166592828e-06,0.06895123060657875,0.05090754049991661,246
2,0.20406781076965977,0.0005794121634816832,0.06287138298284313,0.04573383269249218,97
3,0.0,0.0,0.0,0.0,0
4,0.0,0.0,0.0,0.0,0
