,max,min,avg,median,count
0,0.11468246014917068,0.002995272716096455,0.04101533592943274,0.025734990521003025,29
1,0.26612479142529083,0.0002007552960531297,0.034805947308067006,0.023401873674150503,182
2,0.24208941228612402,5.794108905448847e-05,0.032898208527535715,0.025698878444533734,189
3,0.0,0.0,0.0,0.0,0
4,0.0,0.0,0.0,0.0,0
