,max,min,avg,median,count
0,0.06532520177796239,0.0019387137175980091,0.030821163451466127,0.029005536730630752,16
1,0.06071865204476463,0.00043759436733366785,0.035040643112845604,0.03690577177121537,28
2,0.1934580235870462,7.66343663917912e-05,0.033310273121780094,0.02497677966401205,111
3,0.018048690616110242,0.01533638706464722,0.01669253884037873,0.01669253884037873,2
4,0.0,0.0,0.0,0.0,0
