,max,min,avg,median,count
0,0.15342054287613893,0.00029667362871915075,0.04519528217638279,0.029670190358635794,41
1,0.2042798577919631,0.00038627512925440356,0.051632108068037086,0.03876789830308208,104
2,0.211021785226151,0.0009124876281885107,0.05258555332754159,0.041954604022843615,108
3,0.07361848440723309,0.03708309295086133,0.05535078867904721,0.05535078867904721,2
4,0.0,0.0,0.0,0.0,0
