,max,min,avg,median,count
0,0.17679428090849356,0.0001518294149125212,0.05032166148696902,0.039550318215353986,38
1,0.276053853629182,0.0003547885718333709,0.0548574324780813,0.040997163501221116,71
2,0.5000278217930261,0.0006624905391803894,0.06221059407559019,0.05140353974846608,121
3,0.06203531457219451,0.010939713044275705,0.045721408412777394,0.054955303017319684,4
4,0.0,0.0,0.0,0.0,0
