,max,min,avg,median,count
0,0.1743781203079067,0.002863676602926761,0.044490190051907526,0.03894531428207155,51
1,0.11724885122105996,0.0001451380716393972,0.03555331794695372,0.03269043478936668,141
2,0.125249623002839,0.00011836758370872827,0.03482910261542951,0.0317997819140857,206
3,0.01209290249869144,0.002495321816351172,0.007294112157521306,0.007294112157521306,2
4,0.0,0.0,0.0,0.0,0
