,max,min,avg,median,count
0,0.14942718804460317,0.002810938383423652,0.05073301156968967,0.04409283290769042,30
1,0.2910289573234395,0.002086109904355082,0.05801238950231929,0.0470920330446168,95
2,0.15661303990580594,0.0005576418040435527,0.048269720406556325,0.042464121116601874,62
3,0.0,0.0,0.0,0.0,0
4,0.0,0.0,0.0,0.0,0
