,max,min,avg,median,count
0,0.18254456882488798,0.0026511783370794548,0.06361776834239241,0.056503113440430075,23
1,0.18880390323842966,0.000341876567638606,0.05057956726259058,0.04341812580498825,63
2,0.1267413271010647,2.043662879764337e-05,0.043230445281409104,0.038393274155655105,93
3,0.0,0.0,0.0,0.0,0
4,0.0,0.0,0.0,0.0,0
