,max,min,avg,median,count
0,0.13941989343162986,0.003606669754425552,0.048466749053846805,0.03308221595948367,31
1,0.20008895352105174,1.9277583330587046e-05,0.04495564654243237,0.03688957642079792,98
2,0.1444759999658482,0.0009880358010180776,0.043514594957892234,0.03390179019106457,130
3,0.0,0.0,0.0,0.0,0
4,0.0,0.0,0.0,0.0,0
