,max,min,avg,median,count
0,0.09992682048246364,0.0014540829986888022,0.03317883420756337,0.024967751251484517,28
1,0.13498604846442783,0.00036415108987228193,0.03318923266198024,0.02875925144345852,108
2,0.29194010961593403,0.00045355106733700995,0.032781989839422904,0.02683170311506938,263
3,0.0,0.0,0.0,0.0,0
4,0.0,0.0,0.0,0.0,0
