,max,min,avg,median,count
0,0.43458890424234164,0.0007642402449155474,0.06417153835491919,0.044486710779719225,61
1,0.28916056111613236,0.000194846121949069,0.061040427483011465,0.044526144763618596,239
2,0.2341616576208382,0.00018566883561044377,0.06359031217670962,0.05177636321951653,101
3,0.0,0.0,0.0,0.0,0
4,0.0,0.0,0.0,0.0,0
