,max,min,avg,median,count
0,0.36070680116323356,0.0026131274315282834,0.06283198152199714,0.049701762856355414,74
1,0.19574822024727995,6.72935258256819e-05,0.05684106797887502,0.05448198592043907,224
2,0.14778324592705191,0.0002210098468904245,0.0530785921234724,0.05127373354762209,104
3,0.0,0.0,0.0,0.0,0
4,0.0,0.0,0.0,0.0,0
