,max,min,avg,median,count
0,0.11739087279521622,0.0014540829986888022,0.0462888919072128,0.03692213819882829,27
1,0.1347355975774277,0.0005194231750574696,0.042593536104036024,0.033466224290075425,65
2,0.29382136109407025,0.0005104891897553392,0.042096539403325785,0.036508200381573146,311
3,0.0,0.0,0.0,0.0,0
4,0.0,0.0,0.0,0.0,0
