,max,min,avg,median,count
0,0.34780356086545705,0.010786879885941151,0.07827867675945255,0.05207392155350469,11
1,0.09920358750633022,0.004682910972195317,0.04182511221539083,0.04364781063254025,19
2,0.3347796475548221,0.0002076868141558833,0.04065312027703788,0.03137690485907418,370
3,0.0,0.0,0.0,0.0,0
4,0.0,0.0,0.0,0.0,0
