,max,min,avg,median,count
0,0.11660513115422412,0.0006201398693489782,0.03262484394278624,0.02776015562231844,50
1,0.19172832797392692,4.649616147098305e-05,0.03577383602615775,0.03055413043250524,200
2,0.2308093667246776,8.328711811214198e-05,0.033386337842793684,0.02480090079908812,153
3,0.0487737533400883,0.0487737533400883,0.0487737533400883,0.0487737533400883,1
4,0.0,0.0,0.0,0.0,0
