,max,min,avg,median,count
0,0.08772610307523851,2.384005762770501e-05,0.024126519909195194,0.018705853884406473,24
1,0.14995469338047637,0.0004850677327487561,0.028368939291709964,0.021321857384539386,67
2,0.11157492500276474,0.001656458529928282,0.026409839513284083,0.018948125654901102,59
3,0.0,0.0,0.0,0.0,0
4,0.0,0.0,0.0,0.0,0
