,max,min,avg,median,count
0,0.13407879605491252,0.007500939444349209,0.04336871879021706,0.03420098488523096,50
1,0.119691805061056,0.00035948517020532633,0.03394610084078887,0.030334989159555587,98
2,0.1866849407982902,5.662684640111917e-05,0.034629760638782967,0.028454761715405025,250
3,0.07773790277679518,0.008324680511416048,0.029818228712876753,0.016605165781647887,4
4,0.0,0.0,0.0,0.0,0
