,max,min,avg,median,count
0,0.5532949977622402,0.000156613238213098,0.11439107059873932,0.10213955934794824,54
1,0.29513279809786225,4.61291020670063e-05,0.08831532999224105,0.06192965817223135,152
2,0.24816069566637836,0.0009174676620951833,0.07615205811140406,0.06229115014267339,192
3,0.09498341026637067,0.01765737518115746,0.05659755529052526,0.05715188042404763,3
4,0.0,0.0,0.0,0.0,0
