,max,min,avg,median,count
0,0.49862757039540906,0.005096104047325683,0.11731759542073812,0.09285316419647922,57
1,0.3828529371180423,0.0007451399518516933,0.08404154959313573,0.06498683305432279,306
2,0.2117586133892801,0.003769011708351134,0.07225999696321742,0.060282137278614804,40
3,0.0,0.0,0.0,0.0,0
4,0.0,0.0,0.0,0.0,0
