,max,min,avg,median,count
0,0.1517659072081155,0.0009710000380266716,0.05637909957125206,0.051062894541443984,25
1,0.14657259413750606,0.0015667417018162366,0.053934767860548016,0.04376956938340887,51
2,0.3527646504490106,0.0008380997961728106,0.07797678385268673,0.06718145762629271,176
3,0.0,0.0,0.0,0.0,0
4,0.0,0.0,0.0,0.0,0
