,max,min,avg,median,count
0,0.43458890424234164,9.468908041628675e-06,0.04565341485519708,0.02819996991913224,50
1,0.14964347175297196,0.0014857339377128275,0.03760950321104178,0.030039245116298956,100
2,0.28017898151445486,8.813737689114621e-05,0.03979171592397889,0.031341238826856875,204
3,0.0,0.0,0.0,0.0,0
4,0.0,0.0,0.0,0.0,0
