,max,min,avg,median,count
0,0.11723183767680066,0.0006548450235358024,0.04058954957464929,0.03442975263175572,59
1,0.198023638492124,0.0004792654790049591,0.05029637662223469,0.04241289685080966,191
2,0.13036094807372667,0.00045784017361193293,0.039975255660442674,0.03282482386032925,152
3,0.0,0.0,0.0,0.0,0
4,0.0,0.0,0.0,0.0,0
