,max,min,avg,median,count
0,0.09344253176047912,0.006078744717180062,0.03529716557179999,0.03140117112269143,27
1,0.16958875245218075,0.00012414486938354494,0.032323264713288696,0.024999108355330417,66
2,0.27022726692523746,0.00014317765648389115,0.03351646168168914,0.025610539911667188,310
3,0.0,0.0,0.0,0.0,0
4,0.0,0.0,0.0,0.0,0
