,max,min,avg,median,count
0,0.5422428918571103,0.004548681144046222,0.119751813574269,0.06156000919615126,48
1,0.2718517915699915,8.830759414026156e-05,0.061741752464150416,0.0536132575084578,248
2,0.23805491613575497,3.3434150516877223e-06,0.05234727570258588,0.04059482075825534,106
3,0.0,0.0,0.0,0.0,0
4,0.0,0.0,0.0,0.0,0
