,max,min,avg,median,count
0,0.6770959986159685,0.0008756870938481756,0.0997282000508017,0.0791650446152046,51
1,0.24142769719882087,0.0003579299399462611,0.0811298617608163,0.062184152818880414,124
2,0.25414837288887876,8.901563862949957e-05,0.06627998299289434,0.050178038910365576,221
3,0.06263954256939275,0.011396042306643596,0.041594306945846114,0.05074733596150201,3
4,0.0,0.0,0.0,0.0,0
