,max,min,avg,median,count
0,0.10332356894186488,0.0005126158734055861,0.03566525197064524,0.035069099618454176,29
1,0.15388893880990268,0.00017758379098267805,0.0380378087772559,0.02840130979513978,54
2,0.35700346501311275,0.00022960190466649996,0.052980796172065525,0.03824161172517227,149
3,0.0,0.0,0.0,0.0,0
4,0.0,0.0,0.0,0.0,0
