,max,min,avg,median,count
0,0.12859155297554434,0.00012531478899970104,0.03332033259162097,0.02637063814621263,73
1,0.190582511154793,0.0008489186875907502,0.04248436567549768,0.033383757648803684,146
2,0.14995170757105422,5.8869630170574734e-05,0.036727082523310486,0.027983757678468803,190
3,0.0,0.0,0.0,0.0,0
4,0.0,0.0,0.0,0.0,0
