,max,min,avg,median,count
0,0.0777821621376581,0.0013351632338368315,0.026453683265248308,0.01736197877183925,17
1,0.08506591289433438,4.072443052888928e-05,0.02766251924003805,0.02481916276628058,72
2,0.1282339998452589,6.293199447091504e-05,0.03293474043434142,0.02266428484511832,52
3,0.0,0.0,0.0,0.0,0
4,0.0,0.0,0.0,0.0,0
