,max,min,avg,median,count
0,0.0991882296040437,0.002669194856067906,0.03958437316230868,0.03719953224475686,20
1,0.11667330109518723,0.0008441641003013566,0.039478272252785405,0.03877140211678894,35
2,0.2619593673313638,2.6863529202777062e-05,0.03178923423562602,0.023925135635124297,117
3,0.0,0.0,0.0,0.0,0
4,0.0,0.0,0.0,0.0,0
