,max,min,avg,median,count
0,0.09577359376640228,0.002214958446771146,0.03372739409027632,0.03274212545480887,20
1,0.11144763332775272,0.0027904235751563355,0.039262858781946255,0.0324287900886931,39
2,0.10963475550766648,5.262782819717987e-06,0.03278996215226207,0.02600345734316283,82
3,0.06518617746025816,0.014839824437285036,0.0326491422591083,0.0179214248797817,3
4,0.0,0.0,0.0,0.0,0
