,max,min,avg,median,count
0,0.12400248955721839,0.004089052491432586,0.04567853205005004,0.043507804831815225,29
1,0.12882251981108966,8.830759414026156e-05,0.03603369221088679,0.03198695037853299,187
2,0.11480371058181327,0.00012899394035390286,0.03592588988935207,0.029540794386121217,175
3,0.0,0.0,0.0,0.0,0
4,0.0,0.0,0.0,0.0,0
