,max,min,avg,median,count
0,0.10791975703802478,0.002210874233564477,0.048709176284793765,0.03860382683417054,23
1,0.08969099657492093,0.0010395254636029966,0.03083824659907739,0.023534167137550126,55
2,0.11029893339287912,6.262820481600388e-05,0.03054609656046611,0.02592054423237406,78
3,0.0,0.0,0.0,0.0,0
4,0.0,0.0,0.0,0.0,0
