,max,min,avg,median,count
0,0.43141352518211973,0.001003686565871227,0.09229848218679983,0.06512936991447549,58
1,0.3547800271764448,0.00038550836813027123,0.07838158692194497,0.05597112379952257,196
2,0.28621017669505755,0.00010897691456051903,0.06285480223660618,0.04275582441885006,152
3,0.0,0.0,0.0,0.0,0
4,0.0,0.0,0.0,0.0,0
