,max,min,avg,median,count
0,0.17995161329610648,0.01562386869123736,0.09161774808566892,0.09373006196278107,20
1,0.2088989518030152,0.0014953509234171196,0.07355202691195549,0.06553398244603406,33
2,0.1509885503709187,0.0019502687109662054,0.05607690934348291,0.049562037665482554,155
3,0.0,0.0,0.0,0.0,0
4,0.0,0.0,0.0,0.0,0
