,max,min,avg,median,count
0,0.17995161329610648,0.004352302436694018,0.06136140198538386,0.04573000216891853,23
1,0.15560849506353897,0.0015683362381896369,0.037879514150574625,0.027515519004701193,46
2,0.13889661059208383,7.073372799760801e-05,0.0403743849673041,0.03703821672914121,128
3,0.03778067416610493,0.027838840842744832,0.03280975750442488,0.03280975750442488,2
4,0.0,0.0,0.0,0.0,0
