,max,min,avg,median,count
0,0.11156062770472844,4.2197914071282264e-05,0.04058604477292787,0.03516007671615974,54
1,0.1805432194102834,0.0003199644739254128,0.0365494309127298,0.03101692957804482,162
2,0.13176027150161687,0.00019424020342699984,0.03617706632199752,0.03216454822303603,193
3,0.08186110055246267,0.030701760605503035,0.05628143057898285,0.05628143057898285,2
4,0.0,0.0,0.0,0.0,0
