,max,min,avg,median,count
0,0.2003140327124621,0.003807400342273294,0.05880224874403834,0.04887964658736556,22
1,0.17251256746383267,0.00040631260453315784,0.045090188531080384,0.038455525188316325,85
2,0.3106371301191893,0.0021639161690761794,0.04912640892457068,0.039291374768180495,118
3,0.0,0.0,0.0,0.0,0
4,0.0,0.0,0.0,0.0,0
