,max,min,avg,median,count
0,0.2656554562669154,0.0009137489217823579,0.09564789037089755,0.07560049390428741,13
1,0.14772023280678617,0.01623326700313909,0.05883833035727423,0.043969540120957336,9
2,0.2946046717776833,0.00048797826869817555,0.05691481975763415,0.046678993631738365,207
3,0.0,0.0,0.0,0.0,0
4,0.0,0.0,0.0,0.0,0
