,max,min,avg,median,count
0,0.2800176299458562,0.0028539015302467235,0.09357443422656501,0.10930908126690939,38
1,0.2690987466166718,0.00020064833997834237,0.06393012172933651,0.05280637527423672,171
2,0.21696462607504108,0.0003848958597399315,0.05805758898779072,0.043105080753508204,196
3,0.1145266177120672,0.04197894116724916,0.07825277943965818,0.07825277943965818,2
4,0.0,0.0,0.0,0.0,0
