,max,min,avg,median,count
0,0.24887065507787653,0.0020905508587563183,0.07546279159559433,0.06202509069389006,52
1,0.18796631115732726,0.0006912049852201552,0.07510442400322878,0.06391060886994186,99
2,0.28301328202177933,0.00010249050063506117,0.06246893544020558,0.055283832381908725,256
3,0.15155518366306903,0.0045972153207731025,0.058489454057577925,0.03890270862323479,4
4,0.0,0.0,0.0,0.0,0
