,max,min,avg,median,count
0,0.15020505494487216,0.000307361174400851,0.04861952025840469,0.037177154957732605,30
1,0.11373353140534588,0.0012515219155451991,0.04164889580638824,0.030853317217334104,69
2,0.17691695048104567,0.00021418635046771577,0.049623108664252624,0.037654864036548524,124
3,0.0,0.0,0.0,0.0,0
4,0.0,0.0,0.0,0.0,0
