,max,min,avg,median,count
0,0.12466892117665654,4.0821329831811746e-05,0.0381443023591176,0.031328320330837475,24
1,0.11331520801734984,0.0001644286362412208,0.026941694989206493,0.02174627201349883,48
2,0.2775115997937018,0.00021330412335611557,0.03940254409845115,0.03168161059550109,102
3,0.0,0.0,0.0,0.0,0
4,0.0,0.0,0.0,0.0,0
