,max,min,avg,median,count
0,0.4261182485957485,0.0058060650276989915,0.11271161901498596,0.08029853341627531,47
1,0.32012003543335565,4.649616147098305e-05,0.06593627330354788,0.05923885804899301,104
2,0.18864455076281225,7.194307410132303e-05,0.05947471386622343,0.04744982170489014,258
3,0.0,0.0,0.0,0.0,0
4,0.0,0.0,0.0,0.0,0
