,max,min,avg,median,count
0,0.14692369854176385,0.0010349672650372481,0.04545192004083754,0.04593845858659359,19
1,0.10674837588995581,0.0008613418370160587,0.035778915807462376,0.03276115987959125,38
2,0.16887687497595955,0.0013075197799674542,0.04938623440032177,0.043879536990008385,167
3,0.0,0.0,0.0,0.0,0
4,0.0,0.0,0.0,0.0,0
