,max,min,avg,median,count
0,0.10322107021377752,0.0013759643019655664,0.03146570809317229,0.02938142648593784,24
1,0.20743549551124382,0.00029391242722298194,0.03501057531900357,0.025665785199390827,65
2,0.1318745831485069,0.0008721462333462698,0.03412958377190486,0.026866778017043916,91
3,0.0,0.0,0.0,0.0,0
4,0.0,0.0,0.0,0.0,0
