,max,min,avg,median,count
0,0.10689288804278252,0.004962748265998732,0.040605003893430136,0.026850071781270874,8
1,0.10274652950179383,0.0035040887558820248,0.04853860272436286,0.04759728795052296,25
2,0.6141148999101496,0.0011606630857886916,0.048191988103761234,0.03760317986151698,173
3,0.13667151128421806,0.003169027765469346,0.053221965997305824,0.055767054368892205,7
4,0.0,0.0,0.0,0.0,0
