,max,min,avg,median,count
0,0.07545440820164272,0.008341070181414185,0.0457709615033042,0.04822927942843023,8
1,0.25519997898594354,0.0006534968103861112,0.05451747472713419,0.05075640270492005,64
2,0.1968760473643654,0.0005516472444715832,0.05574277077904707,0.04131500791486763,72
3,0.0,0.0,0.0,0.0,0
4,0.0,0.0,0.0,0.0,0
