,max,min,avg,median,count
0,0.16269202222433937,0.0022152856846177956,0.04018819557260609,0.02821632031578594,25
1,0.22919564872841003,0.0013053576656222583,0.051548575815714634,0.039556120424408966,93
2,0.1315071690281644,0.0006871348430293884,0.03693523679627321,0.029731189855402795,39
3,0.0,0.0,0.0,0.0,0
4,0.0,0.0,0.0,0.0,0
