,max,min,avg,median,count
0,0.08855780156026768,0.003848907825428607,0.04004876057634286,0.03548991268606185,18
1,0.13716045827912185,0.0008043570296554552,0.03387130411887004,0.028546411115554126,49
2,0.11911000408093243,0.002334999075332071,0.03160561979635776,0.02411485044740249,69
3,0.0,0.0,0.0,0.0,0
4,0.0,0.0,0.0,0.0,0
