,max,min,avg,median,count
0,0.13414565326076874,0.006368292800315092,0.04579105647598443,0.04030257722915632,16
1,0.12796518261851778,0.0006214354257328987,0.03563034706005277,0.03646447783568423,48
2,0.1323680649799952,0.00013332960415520493,0.04155903119542241,0.037227879908462796,75
3,0.0,0.0,0.0,0.0,0
4,0.0,0.0,0.0,0.0,0
