,max,min,avg,median,count
0,0.10392569653146824,0.0007244360613504677,0.04430616335560602,0.047778517867260555,18
1,0.12042751702863531,2.1205328177182005e-05,0.042948863567984205,0.035624060882415994,37
2,0.21080311298779478,0.00021939260475174207,0.05186158237269244,0.03928415363838217,89
3,0.11966854872260228,0.004760667431059932,0.05054483072391348,0.027205276018078216,3
4,0.0,0.0,0.0,0.0,0
