,max,min,avg,median,count
0,0.0726407734657283,0.0050109615939292595,0.03491106786112793,0.03817089699581891,16
1,0.07331570977749179,0.0002797284252106598,0.03048758819600196,0.023852556568433065,37
2,0.15137536685925046,0.00012909549617705444,0.03360779812716252,0.02899438132917866,92
3,0.0,0.0,0.0,0.0,0
4,0.0,0.0,0.0,0.0,0
