,max,min,avg,median,count
0,0.510479803610295,0.0011335178341769698,0.08583496860010002,0.06361225244979032,51
1,0.3670161739886625,0.0007241501272688068,0.07310043602202185,0.06199286554147407,97
2,0.22224926623017088,0.00018623902500600672,0.06292722860608929,0.051371065576756,270
3,0.0,0.0,0.0,0.0,0
4,0.0,0.0,0.0,0.0,0
