,max,min,avg,median,count
0,0.09836358228425851,0.0021151278874345517,0.03881642221707035,0.032652840424223256,40
1,0.1300642113190058,8.466753599759737e-05,0.03920360004123076,0.0320951523623893,192
2,0.23035728303717637,2.445253253105339e-05,0.03982166998524172,0.03189798231942274,191
3,0.0,0.0,0.0,0.0,0
4,0.0,0.0,0.0,0.0,0
