,max,min,avg,median,count
0,0.10338703169676047,0.0010248572314113058,0.03537891970609214,0.020645412927624736,21
1,0.13723693471355944,0.00048109070933282646,0.042222376556684274,0.034829158744349595,78
2,0.3371934811501505,0.00016855997352051204,0.04424718610211849,0.03514246743794695,97
3,0.0,0.0,0.0,0.0,0
4,0.0,0.0,0.0,0.0,0
