,max,min,avg,median,count
0,0.34078151911418114,0.004352302436694018,0.13708477274310304,0.11191013715428491,39
1,0.3185084778052917,0.000811205255301725,0.08629359903051043,0.06444893423036589,174
2,0.3148806246769456,0.0004108460606057964,0.07716040944700851,0.052603155054084666,201
3,0.18213993268010467,0.025430510181380917,0.1037852214307428,0.1037852214307428,2
4,0.0,0.0,0.0,0.0,0
