,max,min,avg,median,count
0,0.10340670935963399,0.00025022092472318117,0.04753953805591422,0.040922355443333974,16
1,0.14184922174748904,0.000612185330526382,0.04076858882039478,0.032679623701081656,62
2,0.25684924430987205,0.00021444588184919627,0.040385727374753856,0.02739641462325433,65
3,0.0,0.0,0.0,0.0,0
4,0.0,0.0,0.0,0.0,0
