,max,min,avg,median,count
0,0.07444325865174119,0.00025632597104987393,0.026105008705026658,0.022732121976600288,28
1,0.1362353520125613,0.00043688496055994085,0.023925055825717582,0.018819293773698335,100
2,0.2850029379131524,0.0003341647572836274,0.030489907429274862,0.021723823065943167,289
3,0.0,0.0,0.0,0.0,0
4,0.0,0.0,0.0,0.0,0
