,max,min,avg,median,count
0,0.34780356086545705,0.0066849014743815835,0.1028166761667826,0.07125932552560016,11
1,0.1442369220214107,0.008021059518018243,0.06623820968890587,0.08202563025223283,19
2,0.2019360881066417,0.0003839387467383541,0.05570594440677276,0.048407234467821816,388
3,0.0,0.0,0.0,0.0,0
4,0.0,0.0,0.0,0.0,0
