,max,min,avg,median,count
0,0.12989486904592837,0.005765842115266898,0.04144763892894699,0.03585276018399384,32
1,0.15766845363828724,0.0013173164250723291,0.037937680215021155,0.030141717657839566,64
2,0.20799956934200042,0.00019680561902120141,0.04160914321111631,0.03233462217302847,303
3,0.02852477192161623,0.028323214707085657,0.028423993314350943,0.028423993314350943,2
4,0.0,0.0,0.0,0.0,0
