,max,min,avg,median,count
0,0.11412561675196663,0.00022731803324577252,0.03563423970704846,0.024616765895897813,32
1,0.11062847968313143,0.0005353372660909573,0.04219890820992835,0.033061288539491446,45
2,0.3106371301191893,0.00021418635046771577,0.051680262746708956,0.03969648290241673,129
3,0.1685747613744899,0.00503895523003381,0.05432609243613593,0.0438311185934421,10
4,0.0,0.0,0.0,0.0,0
