,max,min,avg,median,count
0,0.13099373359462366,0.0007927145523147684,0.05299588616257721,0.041863797162987264,19
1,0.1968625777126145,0.0013000367851696353,0.0567373675372879,0.05174761707547168,48
2,0.2163618278016108,0.0006499900750657935,0.06741314868976485,0.05873655548971818,156
3,0.0,0.0,0.0,0.0,0
4,0.0,0.0,0.0,0.0,0
