,max,min,avg,median,count
0,0.3489413567415334,0.0014540665186533568,0.06555492461812142,0.04422460422015242,31
1,0.15821830989051433,0.0002665758594339802,0.05375432543887839,0.04506120301218484,204
2,0.23097193041499606,0.00015205566155181987,0.060465273312521724,0.050519753801067734,183
3,0.0,0.0,0.0,0.0,0
4,0.0,0.0,0.0,0.0,0
