,max,min,avg,median,count
0,0.3489413567415334,0.0013798550934073885,0.05143929418204083,0.0382397750005513,28
1,0.12418863686412707,0.000948796709477949,0.041899947938059755,0.031226478029998155,67
2,0.1542584862977571,0.00015415607754205187,0.0395267544096726,0.034369419031603295,324
3,0.0,0.0,0.0,0.0,0
4,0.0,0.0,0.0,0.0,0
