,max,min,avg,median,count
0,0.11350135383660269,0.004386676949651627,0.034358136314715855,0.016140300067337167,12
1,0.07607089554046848,0.0019924848222782543,0.02326601700274156,0.015482305572086038,24
2,0.11830675248065961,0.000751042088252649,0.03852064578371434,0.033110884011848925,88
3,0.02334903903590025,0.004844956263830872,0.01409699764986556,0.01409699764986556,2
4,0.0,0.0,0.0,0.0,0
