,max,min,avg,median,count
0,0.13359663061840396,1.6057402485731327e-05,0.0389344635464631,0.03387069575606309,54
1,0.12574072047723867,4.836892453778274e-05,0.03243806408811252,0.027867388109151615,209
2,0.1616382061519958,0.00032655744782066895,0.03865735751093554,0.03355339625666204,159
3,0.14245187627020175,0.14245187627020175,0.14245187627020175,0.14245187627020175,1
4,0.0,0.0,0.0,0.0,0
