,max,min,avg,median,count
0,0.14370038330809118,0.0038814408572574906,0.05453584918825981,0.05126280791648888,18
1,0.15346436780581615,0.00013300241265758165,0.05185242344731196,0.05219619265939698,43
2,0.2792508808640777,0.0002793193185168346,0.050191783477660165,0.04011513457167325,147
3,0.0,0.0,0.0,0.0,0
4,0.0,0.0,0.0,0.0,0
