,max,min,avg,median,count
0,0.23993895714105404,0.008793179018139174,0.07884191437471838,0.06702579688920848,33
1,0.2867993934867578,0.00018733924350636524,0.0695850799228461,0.056426423308978846,116
2,0.3022016021207924,0.0016484663192364156,0.07705027853722884,0.06742881331274984,67
3,0.0,0.0,0.0,0.0,0
4,0.0,0.0,0.0,0.0,0
