,max,min,avg,median,count
0,0.07536654843035603,0.011036686354771038,0.03666050216085652,0.018424107579426807,5
1,0.16730973854585451,0.002307579632123358,0.04224178281320477,0.03255360235152595,40
2,0.1916305188143124,0.0015891144733202404,0.04338933497933483,0.03204517564332681,87
3,0.0,0.0,0.0,0.0,0
4,0.0,0.0,0.0,0.0,0
