,max,min,avg,median,count
0,0.07353366495844843,0.001784546345454001,0.023333630995175658,0.0166365702409026,19
1,0.09988651008075293,0.0014789129760808804,0.024958924038079592,0.022516111753858228,47
2,0.12988766073081826,0.00012763525996041224,0.0288401689766016,0.023640344682092855,67
3,0.0,0.0,0.0,0.0,0
4,0.0,0.0,0.0,0.0,0
