,max,min,avg,median,count
0,0.19446724015052633,0.003776107762062802,0.053407720082471605,0.04145789278554767,41
1,0.17736626884450452,0.0005423843005066635,0.043420367196231255,0.03571240628160807,157
2,0.19201956607105858,0.000221448449748626,0.04961839088101015,0.04143628936317274,224
3,0.0,0.0,0.0,0.0,0
4,0.0,0.0,0.0,0.0,0
