,max,min,avg,median,count
0,0.16040182564590896,0.0002533145923162128,0.05205146933439407,0.04653058848268342,53
1,0.1624681720295675,0.00044764110821071115,0.04143183476587858,0.03636318347250778,181
2,0.1403410823370927,0.00010785989092761205,0.045079747943688034,0.04075027416636101,188
3,0.0,0.0,0.0,0.0,0
4,0.0,0.0,0.0,0.0,0
