,max,min,avg,median,count
0,0.02677772318354339,0.0015113500386977374,0.018280593225779972,0.026552706455098787,3
1,0.09795403884427703,0.00024764560352147846,0.034305185981907994,0.026296562335700192,24
2,0.20574809927171514,9.487888184081659e-05,0.03458047490792385,0.025837636984701012,88
3,0.09686850158889518,0.0027920095338497307,0.031120993539347077,0.02750710158950429,26
4,0.0,0.0,0.0,0.0,0
