,max,min,avg,median,count
0,0.13051518412080787,0.00867789156308958,0.0467249491334658,0.04215015671036107,8
1,0.28806723316183486,0.004927292524959171,0.06190040857350324,0.048988468453515115,36
2,0.4898240844282239,0.0014846638211552718,0.05999779932162017,0.049092921240361215,131
3,0.15592524898030022,0.004218612473373683,0.05584481498429832,0.007390583499221066,3
4,0.0,0.0,0.0,0.0,0
