,max,min,avg,median,count
0,0.15437865866702197,0.00033387611947351906,0.05979674175112043,0.05354253766645132,47
1,0.1289220122582439,0.0009831199856044658,0.03918211184779923,0.0333993281143299,128
2,0.5662858989834882,6.123205677225011e-05,0.04255152799226671,0.032492570639947094,247
3,0.0,0.0,0.0,0.0,0
4,0.0,0.0,0.0,0.0,0
