,max,min,avg,median,count
0,0.17783537286759837,0.007046549088132671,0.06901190375155714,0.04790213008776849,13
1,0.3369852168135914,0.0001414734287586067,0.08623063303457387,0.07296086148438466,160
2,0.30188362131688007,0.0014051981739474381,0.06987607435053379,0.05135151215155233,250
3,0.0,0.0,0.0,0.0,0
4,0.0,0.0,0.0,0.0,0
