,max,min,avg,median,count
0,0.3120891441656978,0.005303518829905613,0.11194231006343879,0.11367881864278925,31
1,0.40298106009816687,0.0019797421220806946,0.10501675984941232,0.09264385666595032,58
2,0.4191382427217799,0.001192510403134515,0.09380975311694333,0.07998698482586342,148
3,0.0,0.0,0.0,0.0,0
4,0.0,0.0,0.0,0.0,0
