,max,min,avg,median,count
0,0.0879242672822503,0.004008697602512476,0.03715310981433221,0.0350730190099603,27
1,0.13732842004771978,0.002457221521534981,0.035437093778651604,0.028515756296070907,74
2,0.21133523865105497,0.0006378557192420131,0.03577748607935394,0.02706333601749388,105
3,0.016644382962892695,0.0023729009975210135,0.009166532681303656,0.008482314083497257,3
4,0.0,0.0,0.0,0.0,0
