,max,min,avg,median,count
0,0.1311887028045756,0.00253475171038399,0.04789376686376023,0.047658997423744597,32
1,0.19018822316521647,0.00014789236235459612,0.049815972234046414,0.04433731855773889,184
2,0.16259017903458564,6.907314792464478e-05,0.04708614115647913,0.04057942141532811,208
3,0.0,0.0,0.0,0.0,0
4,0.0,0.0,0.0,0.0,0
