,max,min,avg,median,count
0,0.06650204129974238,0.023866370209756113,0.047879316735774294,0.05057442771679933,4
1,0.15550666850126033,0.0033891000563304064,0.036314008451213915,0.03265379429491786,35
2,0.17179913337294764,0.0002017607473957969,0.03517149593714966,0.027922097675939967,83
3,0.0,0.0,0.0,0.0,0
4,0.0,0.0,0.0,0.0,0
