,max,min,avg,median,count
0,0.0967950060028206,0.016306222894270066,0.04225889228254373,0.01875492543905294,6
1,0.08556271519563524,0.00014935969612913465,0.027167489604302673,0.021100079712494044,56
2,0.11008242535584868,0.00027921908123095494,0.03275621052272648,0.027567264796586877,77
3,0.0,0.0,0.0,0.0,0
4,0.0,0.0,0.0,0.0,0
