,max,min,avg,median,count
0,0.11449205218212238,0.0019361600647380339,0.047619270203589525,0.045511860169599086,48
1,0.31929687192121453,0.00037032217459462345,0.04474798916373944,0.03934905967703273,144
2,0.3693237578352564,0.0002482859702111376,0.048724842533866185,0.04187244786115056,238
3,0.0,0.0,0.0,0.0,0
4,0.0,0.0,0.0,0.0,0
