,max,min,avg,median,count
0,0.13103632701013135,0.003742971944953247,0.05060804233406816,0.04557300475796118,18
1,0.2042601488470197,0.00023077934498460753,0.0517045032959904,0.04264815766380766,57
2,0.15980312560731044,0.00017002843270013808,0.04909894073725056,0.03979629030355675,133
3,0.0,0.0,0.0,0.0,0
4,0.0,0.0,0.0,0.0,0
