,max,min,avg,median,count
0,0.11718803461617777,0.0028538155728559927,0.045055192956013464,0.02952568083389893,11
1,0.1908577301979896,0.0023795649382723112,0.04726189681375565,0.0362359608931748,44
2,0.16332754897500598,1.7251792502979848e-05,0.04248235047817591,0.03216571511455079,141
3,0.0,0.0,0.0,0.0,0
4,0.0,0.0,0.0,0.0,0
