,max,min,avg,median,count
0,0.29734368610285716,0.004134417927218523,0.05787919319076818,0.033779249337052446,25
1,0.1749347732815831,0.004612557251308234,0.037213100916263564,0.027178356422310007,48
2,0.16971882716141992,0.0006750176595221111,0.03907517825871541,0.028949738131324173,123
3,0.0,0.0,0.0,0.0,0
4,0.0,0.0,0.0,0.0,0
