,max,min,avg,median,count
0,0.13901988769918094,0.001478842341497187,0.03671107632569857,0.03220483074822072,42
1,0.09116530769184705,0.0006481159101647417,0.03026482954076175,0.02487246177098523,145
2,0.11412491378130082,9.817521585057766e-05,0.02982075078934613,0.02524077571082585,121
3,0.0,0.0,0.0,0.0,0
4,0.0,0.0,0.0,0.0,0
