,max,min,avg,median,count
0,0.08515015254758425,0.005125047501360434,0.041691668376350834,0.05062694473594698,5
1,0.19843407381325676,0.000741441493870106,0.037066283892858994,0.028890302358574867,39
2,0.13906453819432088,0.0002048899729928741,0.03329563506063505,0.024633732824515024,94
3,0.0,0.0,0.0,0.0,0
4,0.0,0.0,0.0,0.0,0
