,max,min,avg,median,count
0,0.3364360389791059,0.0013504798066522352,0.11812959472364568,0.10557475818854062,70
1,0.24038285176667898,0.00017601519629173492,0.0696347296833442,0.058503340011974256,290
2,0.23707444866719465,0.0010997603146637835,0.05531271210447484,0.036789100888878296,70
3,0.0,0.0,0.0,0.0,0
4,0.0,0.0,0.0,0.0,0
