,max,min,avg,median,count
0,0.16539231137104096,0.00018296897622340278,0.050665054375336825,0.03992810640586429,73
1,0.21869397237446625,0.00022925789614235565,0.05128053786914983,0.04621709394677979,112
2,0.16465507488723366,9.792827466438138e-06,0.0459825891866755,0.03985925509367165,240
3,0.0,0.0,0.0,0.0,0
4,0.0,0.0,0.0,0.0,0
