,max,min,avg,median,count
0,0.08236055130918109,0.006491343726631924,0.04142665903325054,0.034878851497581895,15
1,0.13918050819994018,0.00936555716416904,0.043081899215431485,0.03770069599076977,36
2,0.1275798528718255,0.00027685881096149793,0.03702990445284613,0.025248175893168127,140
3,0.0,0.0,0.0,0.0,0
4,0.0,0.0,0.0,0.0,0
