,max,min,avg,median,count
0,0.19615915448989987,0.0025490796358962364,0.07438044623781497,0.06288367815110325,13
1,0.3620095272830699,0.0008048255190451495,0.06942967709252394,0.035469096416833296,26
2,0.36512262865527073,1.1688019607554225e-18,0.0716581131787014,0.04653449404760111,96
3,0.18124742979796776,0.021167878627331767,0.09228437571409248,0.0744378187169779,3
4,0.0,0.0,0.0,0.0,0
