,max,min,avg,median,count
0,0.08836820558687618,0.007125490925399398,0.045001361973193876,0.0439293138860561,12
1,0.12232837187701058,0.00021197185069291477,0.03251103053895229,0.028841591622705793,42
2,0.11575818493761907,0.0015315663903007802,0.03947141819810681,0.03742211228179209,77
3,0.0,0.0,0.0,0.0,0
4,0.0,0.0,0.0,0.0,0
