,max,min,avg,median,count
0,0.07643591573390912,0.0028913829008979817,0.03545947578651026,0.029911938381445746,17
1,0.11266430507089305,0.0036664794495965217,0.03216779588872834,0.023716283012533763,24
2,0.1048398292452015,0.00017721288954789804,0.030217573451078398,0.026184553501711127,89
3,0.04271275228306664,0.020760978906983685,0.034519612162732825,0.04008510529814815,3
4,0.0,0.0,0.0,0.0,0
