,max,min,avg,median,count
0,0.18449886137421714,0.001737742890053467,0.07951197226479055,0.07319940742211395,22
1,0.2052821881782282,0.004072601975734937,0.0502934285910009,0.04078576429127977,39
2,0.1784314014642626,8.729246953339413e-05,0.05578513586689856,0.05094059766549923,103
3,0.0,0.0,0.0,0.0,0
4,0.0,0.0,0.0,0.0,0
