,max,min,avg,median,count
0,0.13212099470104316,0.005779628800617333,0.05200932157450566,0.03960373639580359,17
1,0.17710318853687607,0.0003162670956101872,0.05216831568480886,0.04324426263015867,54
2,0.15642148383116097,0.000835201801637893,0.046520349836139306,0.03903987582488044,96
3,0.0,0.0,0.0,0.0,0
4,0.0,0.0,0.0,0.0,0
