,max,min,avg,median,count
0,0.07773960785679415,0.0017327692736484538,0.03638175480358711,0.03876814806045166,37
1,0.13973028364142348,2.3816554003339433e-05,0.04175499007585462,0.038584613382291216,132
2,0.2716708226132924,0.00023550820050181166,0.04150397763693006,0.03833411078088666,262
3,0.0,0.0,0.0,0.0,0
4,0.0,0.0,0.0,0.0,0
