,max,min,avg,median,count
0,0.11148016038931818,0.01172186901471192,0.05317551133940287,0.047762299234616404,5
1,0.12517174493578342,0.0006374557807432273,0.03467640763586432,0.02481038748046813,38
2,0.14534720649367974,0.001710146387677005,0.033832974584376604,0.03080719147180696,78
3,0.0,0.0,0.0,0.0,0
4,0.0,0.0,0.0,0.0,0
