,max,min,avg,median,count
0,0.014780286344444341,0.004652514284921825,0.009716400314683083,0.009716400314683083,2
1,0.25725959068207915,0.0014120608604557758,0.0398628965451544,0.020453110292070243,57
2,0.1354117705196738,0.00020655755767421899,0.03184427565195671,0.026108195561008102,101
3,0.18124742979796776,0.0007784161918571987,0.03110255046434441,0.012002685692579633,21
4,0.0,0.0,0.0,0.0,0
