,max,min,avg,median,count
0,0.07900098633367458,0.00045231048063471956,0.021784406326806022,0.018551457935018084,19
1,0.12423282647634297,0.0049028952139799215,0.03536683166765604,0.029129286009703652,46
2,0.0895032232648243,0.0007067547706087191,0.029528917165151422,0.026845869096450523,65
3,0.0,0.0,0.0,0.0,0
4,0.0,0.0,0.0,0.0,0
