,max,min,avg,median,count
0,0.09333261739800548,0.010331688888764389,0.04182813012518348,0.03636970491536841,15
1,0.09373928969120132,0.001452424432320006,0.03956238247025826,0.0361694225620749,40
2,0.09992231294431372,0.0001343338618079979,0.03856487996944799,0.03245746521649669,59
3,0.0431728340049592,0.03281320280584398,0.03799301840540159,0.03799301840540159,2
4,0.0,0.0,0.0,0.0,0
