,max,min,avg,median,count
0,0.36398232074240916,0.004471104448811009,0.09916855133401867,0.06770851784920345,42
1,0.18693331201045196,0.0011779371470847064,0.058822725231585715,0.04807818193218935,144
2,0.21040512082321952,0.00010511943962335082,0.06205499388299544,0.05139169370259132,252
3,0.0,0.0,0.0,0.0,0
4,0.0,0.0,0.0,0.0,0
