,max,min,avg,median,count
0,0.07177266686470497,0.0006890642284215877,0.029211801630985985,0.03235359001678749,15
1,0.08158416235438229,0.0018692269937526976,0.031053586210847934,0.031135743020879594,37
2,0.16393750786049138,0.0009579290290493537,0.041123025646297856,0.03982359526142942,60
3,0.0,0.0,0.0,0.0,0
4,0.0,0.0,0.0,0.0,0
