,max,min,avg,median,count
0,0.14386942917923803,0.002750267455239844,0.03671007358572999,0.025181544821015204,21
1,0.10299098865748961,0.002400526618495869,0.03334885326917948,0.03162715846704483,46
2,0.09089038603520194,1.1258336499522169e-05,0.033084151641911454,0.03284434317875996,58
3,0.0,0.0,0.0,0.0,0
4,0.0,0.0,0.0,0.0,0
