,max,min,avg,median,count
0,0.36398232074240916,0.002388809380558138,0.09332188219015768,0.05733498363697312,48
1,0.22220546926187512,0.0004307109987030457,0.06274163545289659,0.05427241065037481,240
2,0.23425440944593973,0.0010367785947441297,0.06864302484240987,0.05518271340545518,152
3,0.0,0.0,0.0,0.0,0
4,0.0,0.0,0.0,0.0,0
