,max,min,avg,median,count
0,0.1518665246065918,0.00023373529033841227,0.04035555424360893,0.025957746509254483,11
1,0.10550110752808575,0.00012137526765334866,0.029349830077203504,0.023025184020138444,53
2,0.11955065228018838,2.0626845860583347e-05,0.030711187155094317,0.02762887166752649,58
3,0.0,0.0,0.0,0.0,0
4,0.0,0.0,0.0,0.0,0
