,max,min,avg,median,count
0,0.18431744138288028,0.0006031208962962841,0.05108249690076243,0.04081587071152953,73
1,0.19780621385340108,0.0004722301171298768,0.05383858376130781,0.045998220291100886,358
2,0.1184174607140222,0.007157258810360713,0.04339237690197358,0.03645711104094771,11
3,0.0,0.0,0.0,0.0,0
4,0.0,0.0,0.0,0.0,0
