,max,min,avg,median,count
0,0.254152990353868,0.0004825925755329143,0.03923143394484385,0.03015074416421793,79
1,0.14730998083312455,0.0006811739410869708,0.037263875796681695,0.03234657826349523,200
2,0.17651647944902196,3.3434150516877223e-06,0.030005287033020453,0.024155157156239986,167
3,0.0,0.0,0.0,0.0,0
4,0.0,0.0,0.0,0.0,0
