,max,min,avg,median,count
0,0.0872163572423105,0.007237214241866517,0.028673095819905983,0.015459135783549842,9
1,0.12605945282350145,0.0036363892573628926,0.04282203018818683,0.04223423234221081,44
2,0.15842746901257154,2.0636072992880468e-05,0.03130135202318958,0.027014471735468393,347
3,0.13687194271887052,0.003610085308527104,0.042536432697069436,0.028713003625923408,5
4,0.0,0.0,0.0,0.0,0
