,max,min,avg,median,count
0,0.645449746122632,0.0006677040959259043,0.11151537689962922,0.08026874283928553,56
1,0.23015895543172885,0.0018336279000036781,0.0708478002742092,0.057777254613398735,236
2,0.2345450168723883,3.808095548289717e-18,0.05899154343097621,0.04676392729599786,147
3,0.0,0.0,0.0,0.0,0
4,0.0,0.0,0.0,0.0,0
