,max,min,avg,median,count
0,0.15576759917388938,0.000852661309928443,0.05610764973563429,0.04454927403940406,57
1,0.23796396512903725,0.0009431435673162258,0.054730315975185684,0.043050895848523583,187
2,0.16698353459963158,4.7896679469921486e-05,0.05547447498471141,0.051660078073349394,196
3,0.018724375409780142,0.018724375409780142,0.018724375409780142,0.018724375409780142,1
4,0.0,0.0,0.0,0.0,0
