,max,min,avg,median,count
0,0.11038623119539168,0.007676955054289174,0.03448024028391343,0.026127597341732565,8
1,0.1257791773406289,0.0016320890201479317,0.03973238428881039,0.030467646209276,27
2,0.23637001806717875,0.000516893190002766,0.039770508772137,0.029930326790989264,123
3,0.09973314970192892,0.003169027765469346,0.037612041499989854,0.03417390428415536,29
4,0.0,0.0,0.0,0.0,0
