,max,min,avg,median,count
0,0.0728240659441496,0.0013757004234752409,0.02426867898448426,0.01457727054863989,22
1,0.07522574394127819,0.00019530534034611186,0.026358267922838474,0.022679082667312788,45
2,0.16128698832352656,0.000402192216578849,0.03710320303006967,0.025467614033631555,63
3,0.0,0.0,0.0,0.0,0
4,0.0,0.0,0.0,0.0,0
