,max,min,avg,median,count
0,0.510479803610295,0.0027326476110925563,0.08463058048949629,0.06455415199032587,52
1,0.4699912116405655,5.030052924472444e-05,0.0774627318905202,0.06454599009839031,102
2,0.25684924430987205,0.00027921908123095494,0.06432452031243537,0.05412641947782843,289
3,0.0,0.0,0.0,0.0,0
4,0.0,0.0,0.0,0.0,0
