,max,min,avg,median,count
0,0.129471846757021,0.001048747516858458,0.028921218270607632,0.023708695531036376,52
1,0.2925302706925079,0.0004596982402660977,0.03311284986378459,0.019019188628113352,126
2,0.1737994428000659,0.0004166958754365695,0.02819252652485742,0.02270559115565028,178
3,0.0,0.0,0.0,0.0,0
4,0.0,0.0,0.0,0.0,0
