,max,min,avg,median,count
0,0.15895326670799426,0.0011543404842443128,0.05253891757315721,0.0382837142307343,30
1,0.1318116544291289,0.0008283581125871231,0.04827698248980209,0.04711355837718203,76
2,0.17223884391850386,0.0015671050383930468,0.047804523116589094,0.03822173608605637,77
3,0.0,0.0,0.0,0.0,0
4,0.0,0.0,0.0,0.0,0
