,max,min,avg,median,count
0,0.08650876694339567,0.004054692126246949,0.04095603137608743,0.031928161575562934,18
1,0.08395135535703595,0.00022471281957972417,0.027517585810058177,0.02027295590936348,29
2,0.14875652005355347,0.00028179980183490333,0.035663109211102856,0.030239202195596483,72
3,0.0,0.0,0.0,0.0,0
4,0.0,0.0,0.0,0.0,0
