,max,min,avg,median,count
0,0.23889307489312267,0.00045231048063471956,0.06261287865583738,0.04913041469628682,67
1,0.179511228181408,0.0002783066076346395,0.06355615605598418,0.05237451019933131,139
2,0.23802495750396785,0.0012989428883418022,0.0762885039258713,0.06565426705772165,236
3,0.0,0.0,0.0,0.0,0
4,0.0,0.0,0.0,0.0,0
