,max,min,avg,median,count
0,0.14386942917923803,0.003785000894806628,0.030731528472470352,0.024525577508729857,30
1,0.10480863197235733,0.0008431301725693121,0.029532980751568204,0.02613655253126305,67
2,0.2900080684259518,0.00014869162391267896,0.03371747015460897,0.02516460234792209,103
3,0.0,0.0,0.0,0.0,0
4,0.0,0.0,0.0,0.0,0
