,max,min,avg,median,count
0,0.0438047382490679,0.0006353685637201656,0.019703556947599926,0.018692487204929248,10
1,0.1123206577899483,2.2029005278352183e-05,0.03181901312170234,0.027879705056600444,51
2,0.19740124182900193,3.028399671936892e-05,0.03204934717386358,0.025495731606030515,142
3,0.0,0.0,0.0,0.0,0
4,0.0,0.0,0.0,0.0,0
