,max,min,avg,median,count
0,0.11284978251106503,0.0013585321098441426,0.0253955780040932,0.016989490605915036,68
1,0.14336615915504328,5.217253905606757e-05,0.0208274390701639,0.01133059696231422,122
2,0.15929316997226212,4.206608027383065e-06,0.027367415714885452,0.019382754140711646,256
3,0.0,0.0,0.0,0.0,0
4,0.0,0.0,0.0,0.0,0
