,max,min,avg,median,count
0,0.12807001653612646,0.0023616228980058813,0.03935991611333365,0.03653831241592423,14
1,0.08628624656038222,0.002837650118896026,0.0328379340380963,0.030477868729593106,28
2,0.12678304977367427,0.0010536503207103569,0.03736245239206948,0.033528226733764946,64
3,0.0,0.0,0.0,0.0,0
4,0.0,0.0,0.0,0.0,0
