,max,min,avg,median,count
0,0.18072253227934895,0.002669194856067906,0.04925007026589657,0.04417353682688715,23
1,0.10774564520350766,0.0023795649382723112,0.03872118945242285,0.03159460557593077,60
2,0.22652664688472343,5.154624786983191e-07,0.04095344954431786,0.0354509597273613,126
3,0.0,0.0,0.0,0.0,0
4,0.0,0.0,0.0,0.0,0
