,max,min,avg,median,count
0,0.4682125826616845,2.9850922506062026e-05,0.10590953212750562,0.07588282722523072,51
1,0.2046446083064014,0.0002493801104439211,0.05521494299260244,0.04617692947485995,169
2,0.17645681337890043,0.00035559475309470995,0.05983952604525839,0.049715275107703426,229
3,0.0,0.0,0.0,0.0,0
4,0.0,0.0,0.0,0.0,0
