,max,min,avg,median,count
0,0.16161961710929781,5.3959554339622636e-05,0.030966322596480106,0.022238841245146964,54
1,0.10240686275411401,0.00012991676804848573,0.027253550992625126,0.02166528612159268,133
2,0.19270666663658295,0.0006090335529548687,0.03367502464632272,0.027333144281567315,263
3,0.0,0.0,0.0,0.0,0
4,0.0,0.0,0.0,0.0,0
