,max,min,avg,median,count
0,0.2208896262594491,0.0015113500386977374,0.0768961774048563,0.07089048637335589,5
1,0.23872760794049488,0.000934164992271109,0.05537641390734113,0.04992690271091242,90
2,0.3218399461677797,0.0017200772802428018,0.05160220576516552,0.047287590504342496,62
3,0.14861268054964502,0.0013915055609741674,0.050046201474005264,0.04568837504437071,15
4,0.0,0.0,0.0,0.0,0
