,max,min,avg,median,count
0,0.27413665996937564,0.0014080746967057387,0.06324265505244225,0.055732306633974535,81
1,0.2461717978431611,2.6813409888148595e-05,0.05726526603119453,0.050900914587411285,331
2,0.14011015290040515,0.0009992611562846725,0.048344479989846395,0.03806903837004031,39
3,0.0,0.0,0.0,0.0,0
4,0.0,0.0,0.0,0.0,0
