,max,min,avg,median,count
0,0.13190093577943665,0.0010622708778974547,0.0373419466553111,0.030188792548051575,20
1,0.153662598741146,0.00215522953419948,0.03161192009596171,0.02343069708296583,28
2,0.1348793799838853,0.0006167621419226675,0.026776414549799486,0.018884667060367205,70
3,0.0,0.0,0.0,0.0,0
4,0.0,0.0,0.0,0.0,0
