,max,min,avg,median,count
0,0.2843660744882693,0.0031491312853074395,0.06543116139038557,0.05355127425124137,64
1,0.39813111990866445,0.0001250462927566448,0.04979219503959715,0.03534012724277792,303
2,0.18124552406350897,0.0005433473923517136,0.03980488805497789,0.03020541913373591,82
3,0.0,0.0,0.0,0.0,0
4,0.0,0.0,0.0,0.0,0
