,max,min,avg,median,count
0,0.1009869573956615,0.0037181932852937273,0.03700897110373248,0.02763222381700592,21
1,0.11271737374203776,0.0019313097324973262,0.03737123336289843,0.030217744804090747,60
2,0.21839218390758164,0.0008005076105852019,0.039586005380426045,0.03195236068192979,92
3,0.14861268054964502,0.04073411431721751,0.09805850357327184,0.10144360971311239,4
4,0.0,0.0,0.0,0.0,0
