,max,min,avg,median,count
0,0.24287755879609607,0.0013806326298744722,0.07653870195745384,0.05227323403459955,41
1,0.16227771357166157,0.00011903188979600002,0.05223767773898292,0.04912103122668887,191
2,0.20415810874533225,3.1902115070311976e-05,0.05471083914250983,0.04601306900919262,166
3,0.0,0.0,0.0,0.0,0
4,0.0,0.0,0.0,0.0,0
