,max,min,avg,median,count
0,0.043521093438899164,0.0026207376096261978,0.028257632139755625,0.03344434875524857,4
1,0.16874177818732983,0.00972292001770088,0.05788311389736787,0.04495363378523677,23
2,0.23637154101295196,0.0016304180034748257,0.044416483745299155,0.032803029740542985,91
3,0.0,0.0,0.0,0.0,0
4,0.0,0.0,0.0,0.0,0
