,max,min,avg,median,count
0,0.3641521972228257,4.0821329831811746e-05,0.09607626429127794,0.06215492682402313,50
1,0.24472451530738631,0.002115275582378049,0.07594069406927138,0.06830870505942123,143
2,0.2522584418428968,0.00014317765648389115,0.06413111179379638,0.04871517733289226,259
3,0.0,0.0,0.0,0.0,0
4,0.0,0.0,0.0,0.0,0
