,max,min,avg,median,count
0,0.06764728725580939,2.6870836750398593e-05,0.022976470514205653,0.014894647293641447,12
1,0.10700871731365826,0.0009728957916909568,0.025915160639934286,0.021707932902664505,28
2,0.13492401183056543,0.0006574654482247945,0.04108327897577089,0.03415029732449155,59
3,0.0,0.0,0.0,0.0,0
4,0.0,0.0,0.0,0.0,0
