,max,min,avg,median,count
0,0.07414236909906625,0.003558884125363994,0.040663269767257385,0.050524869497933105,11
1,0.09801799524943142,0.009595518032164456,0.04302723338402317,0.04330398850841902,19
2,0.20595697576172603,0.00017721288954789804,0.04210235083208998,0.03629852724627017,380
3,0.0,0.0,0.0,0.0,0
4,0.0,0.0,0.0,0.0,0
