,max,min,avg,median,count
0,0.09285316419647922,0.0007035004086428538,0.031372138411501535,0.02284544390595233,42
1,0.1805432194102834,1.7379878238546778e-05,0.03333088601217621,0.027306726672488256,266
2,0.09830107917825837,0.00020872992688649502,0.03300814392448552,0.027710220460311488,147
3,0.0,0.0,0.0,0.0,0
4,0.0,0.0,0.0,0.0,0
