,max,min,avg,median,count
0,0.08391648521494618,1.9507146384433775e-05,0.02693145319684969,0.0164777897800764,75
1,0.13383514915083927,2.2455801147389683e-06,0.03020991720713995,0.024145284747018516,110
2,0.13754611164720346,2.0366614677473456e-05,0.02741001859867195,0.02236666294705915,268
3,0.0,0.0,0.0,0.0,0
4,0.0,0.0,0.0,0.0,0
