,max,min,avg,median,count
0,0.08030169664756505,0.000974638748380571,0.030349654504713237,0.02494105280301916,8
1,0.05703567488981772,0.00012343632224625414,0.02093398072168782,0.017970932833116616,37
2,0.11218668373304996,5.554111704837491e-05,0.03381670181604936,0.028105725936610343,49
3,0.0,0.0,0.0,0.0,0
4,0.0,0.0,0.0,0.0,0
