,max,min,avg,median,count
0,0.1120725322328518,0.001249727784562816,0.0415613242786526,0.038494950227302614,14
1,0.2280737099086805,0.0006474828864780504,0.04171269828765671,0.02773084817118992,38
2,0.16421207169899468,0.000684712905033425,0.04658469940600895,0.02997420022240166,55
3,0.0,0.0,0.0,0.0,0
4,0.0,0.0,0.0,0.0,0
