,max,min,avg,median,count
0,0.11199095777432609,0.0005256769566955824,0.05755804891965892,0.06209475220391522,23
1,0.21675280566611807,0.0008521921603288303,0.04643096213761909,0.04494442646507109,59
2,0.1860575331870631,0.00040135353377331365,0.05135618423104064,0.043048343108186,91
3,0.0,0.0,0.0,0.0,0
4,0.0,0.0,0.0,0.0,0
