,max,min,avg,median,count
0,0.18174378468434627,0.0013757004234752409,0.04521783939546301,0.038022840205422834,42
1,0.10864936153681484,0.0003700333717490849,0.04060645270286905,0.038267529516427735,75
2,0.205802896516522,1.9517480846428768e-05,0.03912651367064535,0.029549222008765138,108
3,0.0,0.0,0.0,0.0,0
4,0.0,0.0,0.0,0.0,0
