,max,min,avg,median,count
0,0.09366826323029957,0.006904741544341069,0.04815622289138251,0.04223614231552431,15
1,0.12633916741961104,0.0002902113165426652,0.04388491604816256,0.0375710481963626,24
2,0.13310740324109713,0.00030002529341726053,0.04293509102888458,0.03422970710575075,53
3,0.0,0.0,0.0,0.0,0
4,0.0,0.0,0.0,0.0,0
