,max,min,avg,median,count
0,0.18469903166156623,0.003558884125363994,0.0773593063699964,0.07707430830618045,12
1,0.18333732978366388,0.0003041940818943541,0.05818122537078306,0.04595627792408718,68
2,0.16820668764621133,0.00012277468380830975,0.04481330998780336,0.03674812015703503,379
3,0.0,0.0,0.0,0.0,0
4,0.0,0.0,0.0,0.0,0
