,max,min,avg,median,count
0,0.07497686030493772,0.0027325196036643933,0.03208665477931958,0.029201093624524343,15
1,0.10293768891780329,0.002506229344706411,0.033153187409167215,0.028110855074614836,32
2,0.07658003395869074,0.0002830806540357908,0.024799153401485887,0.013550986192957033,54
3,0.0,0.0,0.0,0.0,0
4,0.0,0.0,0.0,0.0,0
