,max,min,avg,median,count
0,0.1432247461207652,0.01411811778389655,0.07660869729929168,0.04539156057472425,5
1,0.13593661768940485,0.031028911315084243,0.06064882555752866,0.052901258168863326,11
2,0.2237096206188457,0.0005265235588332445,0.05448693613890827,0.04224967077144838,88
3,0.026510732932220487,0.0013587553291020337,0.01393474413066126,0.01393474413066126,2
4,0.0,0.0,0.0,0.0,0
