,max,min,avg,median,count
0,0.09807262435018999,0.0008088267371079052,0.04086486940923855,0.04531316440119691,14
1,0.09439649923900528,0.0009559304233942213,0.03447950388341308,0.031093203484689563,30
2,0.10849159300854999,0.0008334283795909672,0.034380726384353306,0.030773678983482173,60
3,0.0,0.0,0.0,0.0,0
4,0.0,0.0,0.0,0.0,0
