,max,min,avg,median,count
0,0.09703968675348786,0.0012224264939960292,0.031095618088321935,0.023945143869931355,21
1,0.0837719574478489,2.1205328177182005e-05,0.029363873212234617,0.029267800202064525,55
2,0.15442515076740768,0.0004461796168910526,0.03778786737866767,0.03270393495484979,52
3,0.0,0.0,0.0,0.0,0
4,0.0,0.0,0.0,0.0,0
