,max,min,avg,median,count
0,0.08614087306430035,0.007268187488637345,0.04952341097978616,0.058342560047067095,9
1,0.14749038756346333,0.004211895768374586,0.053009987707494856,0.05490300149217346,40
2,0.14186090981525215,0.0006848490676582375,0.05059393696048487,0.04717560891228372,53
3,0.0,0.0,0.0,0.0,0
4,0.0,0.0,0.0,0.0,0
