,max,min,avg,median,count
0,0.1729758843540853,0.0010145744886700205,0.04668817483088529,0.04652434488940747,59
1,0.18204082161210192,0.00020809312275390642,0.050078596453726774,0.04261993499493534,273
2,0.25641120421567754,0.00037684213904492017,0.045057096952539434,0.038286290615281576,132
3,0.0,0.0,0.0,0.0,0
4,0.0,0.0,0.0,0.0,0
