,max,min,avg,median,count
0,0.09862699814127823,0.013920107577744499,0.05779049511548126,0.05994034884001976,9
1,0.10956531204514067,0.0002971683684275342,0.037184406447166585,0.03266229672477691,89
2,0.15504753190337262,0.0005928904701993831,0.03945160090488872,0.0350090057278014,74
3,0.0,0.0,0.0,0.0,0
4,0.0,0.0,0.0,0.0,0
