,max,min,avg,median,count
0,0.4581931964129991,0.0009165777398810697,0.06499151517104214,0.04979735169563494,45
1,0.2065284288271,0.0004346937976269309,0.05256586759779694,0.04513423293954354,274
2,0.1903005767959447,5.5661013536205476e-05,0.057814580546012226,0.05048575257519462,146
3,0.0,0.0,0.0,0.0,0
4,0.0,0.0,0.0,0.0,0
