,max,min,avg,median,count
0,0.05809388134558877,0.005000608329040044,0.03012325405811998,0.027275272499731114,3
1,0.10274915355398297,0.0002593334289760481,0.02505821936191337,0.01959818159371915,29
2,0.1091077479511628,0.0005594832960578113,0.02965752966839318,0.02518991500727958,60
3,0.0,0.0,0.0,0.0,0
4,0.0,0.0,0.0,0.0,0
