,max,min,avg,median,count
0,0.09961607171489563,0.0007643332765918504,0.03180824040948011,0.022600680307291482,9
1,0.2271581410737833,9.498788836989855e-05,0.029593555134804068,0.018421077477802004,68
2,0.23931153432345598,0.00020891243737439734,0.03670152778273286,0.02713763672396349,77
3,0.0,0.0,0.0,0.0,0
4,0.0,0.0,0.0,0.0,0
