,max,min,avg,median,count
0,0.46795530637422944,1.9994982781371148e-05,0.05029369284754184,0.029996651492680076,74
1,0.1962848796793519,2.2029005278352183e-05,0.052050166181031206,0.03850805430782439,148
2,0.20007960707071115,2.0366614677473456e-05,0.05955467495675932,0.043432694555112214,240
3,0.0,0.0,0.0,0.0,0
4,0.0,0.0,0.0,0.0,0
