,max,min,avg,median,count
0,0.11752383747611861,0.0004873090872004284,0.039602136162256614,0.03178342691375895,20
1,0.09625079970119102,0.0007313886054939871,0.03269651847721543,0.02822489275024114,61
2,0.11868966000478395,0.0025347269987054727,0.03506861669593643,0.02424060145870085,32
3,0.0,0.0,0.0,0.0,0
4,0.0,0.0,0.0,0.0,0
