,max,min,avg,median,count
0,0.16468175091891968,0.0015029889065535703,0.051589213679284776,0.0398903836135638,79
1,0.29932757447390224,2.1887351896569422e-05,0.05815597609427727,0.048951553509598844,320
2,0.1821999381120555,1.7251792502979848e-05,0.05289556450040816,0.0428361210014741,67
3,0.0,0.0,0.0,0.0,0
4,0.0,0.0,0.0,0.0,0
