,max,min,avg,median,count
0,0.14771675002382242,0.0006841840295098822,0.02961089582784673,0.021527929966799336,18
1,0.11131737616652922,0.002830002250036839,0.029633226364156308,0.024271085890563954,27
2,0.19409019375051897,0.0004551493794736948,0.03343120858722872,0.029267892342212366,123
3,0.02506529446748108,0.0013915055609741674,0.014879618970190203,0.016530837926152783,4
4,0.0,0.0,0.0,0.0,0
