,max,min,avg,median,count
0,0.4581931964129991,0.001808688826347448,0.062456767867013874,0.05222944746851221,62
1,0.1875523151583343,0.00029584036262043234,0.045144431050342285,0.03893392136702309,293
2,0.16464483381096043,0.00021330412335611557,0.050744845901687714,0.04492424149379856,114
3,0.0,0.0,0.0,0.0,0
4,0.0,0.0,0.0,0.0,0
