,max,min,avg,median,count
0,0.06831958814294246,0.01260040052839976,0.042457451993059704,0.04376258957886206,8
1,0.12587397774681866,0.00025898211199693456,0.041557877664602706,0.035964903078075455,38
2,0.12425265804617552,3.467020447141167e-05,0.03819951557077462,0.03780248056808628,67
3,0.0,0.0,0.0,0.0,0
4,0.0,0.0,0.0,0.0,0
