,max,min,avg,median,count
0,0.08406262086110039,0.0008803942331857327,0.03453407684270198,0.03457641283752996,21
1,0.11364401348287306,0.001935624030547534,0.04178557698442734,0.0402141722203011,42
2,0.13889661059208383,2.043662879764337e-05,0.036321233246985024,0.03161506237636923,122
3,0.0,0.0,0.0,0.0,0
4,0.0,0.0,0.0,0.0,0
