,max,min,avg,median,count
0,0.10655303324697421,0.013210765184398055,0.05181683443157917,0.04916728233897215,11
1,0.0931512175547703,0.0004908450907226853,0.03057839282948476,0.023670346608245976,33
2,0.13571391532343322,0.0020191336693407553,0.029507469551704538,0.02631066584164237,48
3,0.0,0.0,0.0,0.0,0
4,0.0,0.0,0.0,0.0,0
