,max,min,avg,median,count
0,0.1172368154066973,0.001843272299557297,0.045705276975727016,0.04528425126018206,24
1,0.19332744618459502,0.0016115766554842944,0.04342859145497988,0.040961917602763215,50
2,0.23112353893851348,0.0003773097982304192,0.05341578188398684,0.045644107932212206,90
3,0.0,0.0,0.0,0.0,0
4,0.0,0.0,0.0,0.0,0
