,max,min,avg,median,count
0,0.06879308935576323,0.00022990960064898008,0.020969677167340977,0.019419143682102027,23
1,0.12780858250459637,0.0007276657728488135,0.026879456816032255,0.0209514879643085,32
2,0.11418803374818466,0.00021199691939811663,0.028642812371059232,0.020181176053222845,92
3,0.0,0.0,0.0,0.0,0
4,0.0,0.0,0.0,0.0,0
