,max,min,avg,median,count
0,0.1627745306357808,0.004652514284921825,0.05800520751834633,0.062306863342701226,11
1,0.2147330514050591,0.0012131783205208502,0.06351684157177899,0.05694298525617378,181
2,0.2865857043204762,0.0004014147187983061,0.07158656956732465,0.05863166873701432,230
3,0.20951650588014,0.0006259408257311472,0.06603339316892169,0.05104454117916454,49
4,0.0,0.0,0.0,0.0,0
