,max,min,avg,median,count
0,0.13503803397151687,0.00863847968722808,0.05417946366926293,0.04145396538541155,12
1,0.23026760759671308,0.0013652928111591775,0.06044341990863667,0.03912132650772483,14
2,0.3123104012972061,0.0010431540239124108,0.0626676697064955,0.047816183667941776,75
3,0.0,0.0,0.0,0.0,0
4,0.0,0.0,0.0,0.0,0
