,max,min,avg,median,count
0,0.058848539290916914,0.013543574288815382,0.037447732675017525,0.0371595939475116,8
1,0.08275041917841071,0.001050860610977467,0.030890413150089314,0.02696623579794162,25
2,0.11099865336789866,0.00043013271461818305,0.03407241320683171,0.02867135033330075,63
3,0.0,0.0,0.0,0.0,0
4,0.0,0.0,0.0,0.0,0
