,max,min,avg,median,count
0,0.07334071139131114,0.005059404908309043,0.04456388734535829,0.04821081971346351,16
1,0.1794031311803988,0.00021924702928885527,0.044417538304630313,0.026514844483379773,41
2,0.2990243535129659,0.000583380756276096,0.0542502252193935,0.04143290679838198,104
3,0.0,0.0,0.0,0.0,0
4,0.0,0.0,0.0,0.0,0
