,max,min,avg,median,count
0,0.10094622717096476,0.00836631268036302,0.05067964675648335,0.0554644344153324,12
1,0.11856426843715534,0.0006884955850846831,0.042894186858640035,0.04070206474294901,30
2,0.14920388501857657,6.552210762711194e-05,0.033418917021234715,0.026092724717933224,63
3,0.009890081101740757,0.009890081101740757,0.009890081101740757,0.009890081101740757,1
4,0.0,0.0,0.0,0.0,0
