,max,min,avg,median,count
0,0.10351836426783116,0.0027625456256338467,0.04652017997869615,0.04128475653484853,6
1,0.07439021936260125,0.0008736020431882924,0.030517603309118003,0.02841077467933361,20
2,0.15928615058442325,0.0015968071306347762,0.03897309938306954,0.032891670562613405,60
3,0.0,0.0,0.0,0.0,0
4,0.0,0.0,0.0,0.0,0
