,max,min,avg,median,count
0,0.08079028423758314,0.0007174598315090089,0.021213514154756346,0.009518712850447763,19
1,0.16151175033025345,0.00023728764058857893,0.033531628450704815,0.02047621344687537,42
2,0.20574809927171514,0.0009759111231518364,0.03963018196861552,0.029284038228145196,102
3,0.0,0.0,0.0,0.0,0
4,0.0,0.0,0.0,0.0,0
