,max,min,avg,median,count
0,0.10921929741880237,5.909352527873474e-05,0.04074832432066866,0.03484786851679574,52
1,0.13961295928439565,0.00015338452582831216,0.03808157296189704,0.03088192608683087,163
2,0.14875652005355347,5.554111704837491e-05,0.03739381548352729,0.02979075495825849,265
3,0.0,0.0,0.0,0.0,0
4,0.0,0.0,0.0,0.0,0
