,max,min,avg,median,count
0,0.2229779780085418,0.0010145744886700205,0.07546005630686412,0.0604799258104907,55
1,0.18227751980426446,0.0004807480869208395,0.06293789718253139,0.05425280043871507,110
2,0.23793137234469905,1.3642692918688103e-05,0.055748510698773186,0.043110780911609796,314
3,0.0,0.0,0.0,0.0,0
4,0.0,0.0,0.0,0.0,0
