,max,min,avg,median,count
0,0.25694958545429436,0.0008706682491930917,0.06713496874540531,0.04155749860310434,17
1,0.23554640332825205,0.00045233592428972066,0.03712999777102336,0.027202254050641382,60
2,0.1683090496558011,0.0008173584101945342,0.04870651772266978,0.04404414670760261,48
3,0.0,0.0,0.0,0.0,0
4,0.0,0.0,0.0,0.0,0
