,max,min,avg,median,count
0,0.18886406864900618,0.0007840738001964613,0.03645422869329935,0.027887509037832433,50
1,0.15199863893156468,0.0011530054953234222,0.029563323701151206,0.02412766234164362,97
2,0.14850701296846452,5.3359365688398056e-05,0.0333455245450922,0.022664705109463553,139
3,0.0,0.0,0.0,0.0,0
4,0.0,0.0,0.0,0.0,0
