,max,min,avg,median,count
0,0.05707300729601343,0.0021197584407622733,0.02301906052737117,0.015015120475520439,11
1,0.10647324573744596,0.0030046597295531868,0.039581685622983344,0.03920045272632808,20
2,0.13989323952152902,0.002284438628584754,0.044352454309149095,0.042094741898224444,60
3,0.0,0.0,0.0,0.0,0
4,0.0,0.0,0.0,0.0,0
