,max,min,avg,median,count
0,0.09054006539492902,0.0006755306442762877,0.03428433098223859,0.029912527624738935,20
1,0.1449484726488162,0.0026197565413959537,0.049747251371419526,0.037782510511258444,38
2,0.19259850494356107,0.00023816439433597394,0.060312251154557565,0.05094532590548364,99
3,0.0,0.0,0.0,0.0,0
4,0.0,0.0,0.0,0.0,0
