,max,min,avg,median,count
0,0.08838054192361107,0.006255817960016327,0.04093583554454851,0.031075284093438345,13
1,0.13424318903678573,0.00018439178953040717,0.031171899681320805,0.02044863465083105,209
2,0.12873459980111362,0.0001928711328480918,0.029951341352766232,0.024411536991389503,225
3,0.026281521103898017,0.026281521103898017,0.026281521103898017,0.026281521103898017,1
4,0.0,0.0,0.0,0.0,0
