,max,min,avg,median,count
0,0.15534864174135485,0.027294896502834908,0.06649521501177909,0.04703945499958612,6
1,0.16599896366402717,0.0016979996671835965,0.04364642299515206,0.03537496398738551,53
2,0.1596995626951794,0.0004285686953519647,0.03574317985287427,0.030670766188722862,76
3,0.11787065635534397,0.005236337373783203,0.045731934700234345,0.03400971498443388,23
4,0.0,0.0,0.0,0.0,0
