,max,min,avg,median,count
0,0.10189298259951625,0.006703003852934365,0.03854992643304079,0.03134653164931954,11
1,0.13953584978231418,0.0012225008073588545,0.04389119985151179,0.033345067088390024,28
2,0.18013061012697718,0.00019315877686683643,0.04792342510073782,0.03531218188017776,60
3,0.0,0.0,0.0,0.0,0
4,0.0,0.0,0.0,0.0,0
