,max,min,avg,median,count
0,0.26246808062543736,1.6057402485731327e-05,0.04443726942573769,0.033126365406844646,60
1,0.14989025287772498,0.00021357231712782978,0.03897298131887257,0.03192503255392863,258
2,0.3347796475548221,0.0016826424459570884,0.04416806285026553,0.03545512364830656,162
3,0.039281434883595145,0.039281434883595145,0.039281434883595145,0.039281434883595145,1
4,0.0,0.0,0.0,0.0,0
