,max,min,avg,median,count
0,0.08836820558687618,0.00023373529033841227,0.02533197496651981,0.02005942975654468,41
1,0.14956451454891884,0.00035612746821668924,0.03014009240185058,0.02145970158653935,157
2,0.1651871955486303,0.00016047318900705556,0.030182645088788585,0.023448483522913812,190
3,0.0,0.0,0.0,0.0,0
4,0.0,0.0,0.0,0.0,0
