,max,min,avg,median,count
0,0.10195046253269541,4.22394217907442e-05,0.03868261189222698,0.03791004074007822,33
1,0.1641860205122286,0.0013907649181212078,0.04663181517418906,0.03715881189258866,71
2,0.3253826294080379,2.6863529202777062e-05,0.041649975189240546,0.027985747528074957,122
3,0.0,0.0,0.0,0.0,0
4,0.0,0.0,0.0,0.0,0
