,max,min,avg,median,count
0,0.08240006569019838,0.004139409955285674,0.03315015496415583,0.03214773449044575,12
1,0.1303216117210208,0.0029951229278904414,0.032676421701984516,0.024742272538042925,40
2,0.10496153262382349,0.0015662662333911482,0.04177983208368336,0.03166893128393839,34
3,0.0,0.0,0.0,0.0,0
4,0.0,0.0,0.0,0.0,0
