,max,min,avg,median,count
0,0.24796563661014104,0.0023311015767306545,0.09065363966496894,0.08170987078181362,40
1,0.22225414624295983,0.001452424432320006,0.06541953310547001,0.05500285420423471,189
2,0.2100341494220169,0.00030278452725485057,0.0638258945925068,0.05229541889869543,254
3,0.0,0.0,0.0,0.0,0
4,0.0,0.0,0.0,0.0,0
