,max,min,avg,median,count
0,0.14021931529186168,0.0001247205347380198,0.037440365571732415,0.024641826706747288,14
1,0.11806832308695074,0.0019440179870596711,0.0361579842168576,0.02974587277444555,50
2,0.1260613427255059,0.0005352703210547228,0.030854100262864843,0.026386459514743072,39
3,0.0,0.0,0.0,0.0,0
4,0.0,0.0,0.0,0.0,0
