,max,min,avg,median,count
0,0.15553710390255987,0.013744640739358896,0.04958468754890588,0.040439730984877215,15
1,0.1187694832213559,0.0007230610045564323,0.049037473700571085,0.04301464041236647,28
2,0.23132915776747984,0.0004588444057341662,0.04702121854926699,0.03245025914847762,103
3,0.0,0.0,0.0,0.0,0
4,0.0,0.0,0.0,0.0,0
