,max,min,avg,median,count
0,0.0975467811782156,0.004187144083940244,0.042186107825149935,0.03366354517658731,10
1,0.15060612148567679,0.00014292161760887204,0.0380861742950227,0.03246106517999055,27
2,0.08872764412571574,0.0017750654615076493,0.0321313882866473,0.028718538251183926,51
3,0.04943678188556082,0.04943678188556082,0.04943678188556082,0.04943678188556082,1
4,0.0,0.0,0.0,0.0,0
