,max,min,avg,median,count
0,0.11929699470612624,0.004187396380258379,0.03886466073203619,0.022970567860184837,10
1,0.2088054867130455,0.001071301624949426,0.04231682115880365,0.035180188269013875,23
2,0.20350918179559802,0.000510808881792057,0.042570764287280335,0.03336872708370589,72
3,0.0,0.0,0.0,0.0,0
4,0.0,0.0,0.0,0.0,0
