,max,min,avg,median,count
0,0.3199627898906587,0.000156613238213098,0.03551616909400272,0.034039520381412634,57
1,0.10226954230851733,2.376138465496406e-05,0.03232684516142073,0.02681930382141605,107
2,0.1878137490269185,4.049470529127256e-05,0.034334446211517544,0.026799970020287375,313
3,0.06343975550714094,0.0025450015161073286,0.02875534634977674,0.021039716074580713,9
4,0.0,0.0,0.0,0.0,0
