,max,min,avg,median,count
0,0.13597145147373504,0.006641954850432989,0.06792851630402827,0.07175420037127148,5
1,0.3168535881914057,0.0039557793183938195,0.05885532992751492,0.04210800254348703,27
2,0.2489616397700122,0.0007324526521409445,0.04713678202863437,0.0312916275354244,50
3,0.0,0.0,0.0,0.0,0
4,0.0,0.0,0.0,0.0,0
