,max,min,avg,median,count
0,0.12780273762395356,0.0020018935282370173,0.03845504027091613,0.0313215706023441,26
1,0.11161038664173326,0.0006471724859636535,0.03333670397610165,0.0248147266536758,47
2,0.227552074937907,0.0009055768089244674,0.051994956824876704,0.044686488985781925,69
3,0.07823886659252062,0.01498529693579765,0.04731843573728419,0.04873114368353429,3
4,0.0,0.0,0.0,0.0,0
