,max,min,avg,median,count
0,0.10111644269959941,0.001458869422796869,0.0281062477959144,0.024456847940251256,15
1,0.08684929064776105,0.0003347990734909566,0.031044945190136414,0.026568189410340046,58
2,0.11927265577961507,0.0003454061152929105,0.027516931410646844,0.02426930275643878,48
3,0.0,0.0,0.0,0.0,0
4,0.0,0.0,0.0,0.0,0
