,max,min,avg,median,count
0,0.12258859320876082,0.0006028118217427527,0.03699494182651832,0.026904409337563454,38
1,0.3371136742405554,0.0006397793786930253,0.03415187565746514,0.02617652146386903,207
2,0.1006146704195224,0.0017568025474933606,0.03323851413637435,0.02804761066276796,76
3,0.0,0.0,0.0,0.0,0
4,0.0,0.0,0.0,0.0,0
