,max,min,avg,median,count
0,0.18350217270851635,4.310014521662692e-05,0.050797864735626384,0.04003427865421521,15
1,0.2779701425505807,0.000155122312086779,0.045279784780643664,0.034612790204461966,28
2,0.21340175099267067,0.00036528633359274147,0.050280556516157655,0.03824998166594924,111
3,0.0,0.0,0.0,0.0,0
4,0.0,0.0,0.0,0.0,0
