,max,min,avg,median,count
0,0.18384602583644188,0.0008784809347744095,0.04347305138762558,0.022414161632246927,22
1,0.1797148291865411,0.002281577691629687,0.03702040621639725,0.03135805448476034,41
2,0.15264772911827718,0.00022420543054298,0.04896100941765057,0.03832547305454846,84
3,0.12138463517163328,0.006547828213718523,0.05037305658011985,0.036779881467563794,4
4,0.0,0.0,0.0,0.0,0
