,max,min,avg,median,count
0,0.14021931529186168,0.0015029889065535703,0.04076602967986008,0.030913151150079518,80
1,0.1580604347557008,0.00011186593255046132,0.04222413788558359,0.035536197813202414,237
2,0.23267557203707367,0.0003823838196914963,0.042998872136878974,0.034818484247969864,172
3,0.0,0.0,0.0,0.0,0
4,0.0,0.0,0.0,0.0,0
