,max,min,avg,median,count
0,0.2734642142194227,0.0008159232533480307,0.051177875924768246,0.04560765097682795,83
1,0.12817062832982462,0.0014470405707763024,0.047416137988451124,0.04564787078427827,118
2,0.23637154101295196,0.00028179980183490333,0.04547318164552474,0.03752806363671944,292
3,0.0,0.0,0.0,0.0,0
4,0.0,0.0,0.0,0.0,0
