,max,min,avg,median,count
0,0.1009869573956615,0.0014151350170446136,0.03598974960857296,0.038003949742036164,18
1,0.09851492282207842,0.001260389362077269,0.041008358867041905,0.03697336805107318,34
2,0.1091549119225442,0.0005116449210717538,0.036232000917029085,0.03329964272105371,97
3,0.11783448181597878,0.015905496205558207,0.06459051430021885,0.0735409985402464,6
4,0.0,0.0,0.0,0.0,0
