,max,min,avg,median,count
0,0.10340670935963399,0.0018217324262112477,0.027144106590200827,0.02301154107044617,79
1,0.1440135148661149,6.855457240958903e-05,0.030450946945374924,0.02371193876850508,236
2,0.14296544948132514,0.0005188547025745242,0.02952666470563545,0.023100778698290646,176
3,0.0,0.0,0.0,0.0,0
4,0.0,0.0,0.0,0.0,0
