,max,min,avg,median,count
0,0.08181866599865112,0.006250584912942043,0.04145537507163272,0.042461862286617566,12
1,0.14520685153022822,0.0024987493723409716,0.04011112356461176,0.025237242611696006,26
2,0.08965125333500287,0.00015389499037994712,0.035749200018098184,0.03531280412738709,44
3,0.007918319722268112,0.007918319722268112,0.007918319722268112,0.007918319722268112,1
4,0.0,0.0,0.0,0.0,0
