,max,min,avg,median,count
0,0.07834677406832855,0.0106345875584436,0.03592415469016805,0.03022649845427807,11
1,0.2088054867130455,0.0007978266704562173,0.049735412785025954,0.037510698110720664,59
2,0.12384927937877131,0.0034859581745066387,0.03884082935805162,0.02850051283741974,21
3,0.0,0.0,0.0,0.0,0
4,0.0,0.0,0.0,0.0,0
