,max,min,avg,median,count
0,0.05684692648679169,0.0005033767847345832,0.03379395094191408,0.031349504431377906,7
1,0.11269865346867729,0.0018403273500643186,0.04777597811204559,0.04124812062860751,16
2,0.14500354561443893,0.0011817657680999781,0.04229816012591156,0.028228865263029937,50
3,0.0,0.0,0.0,0.0,0
4,0.0,0.0,0.0,0.0,0
