,max,min,avg,median,count
0,0.06581443185198427,0.004921992795772899,0.027952116798814333,0.032606370972461565,9
1,0.08566277554232267,0.0021833893101853115,0.02858357889213168,0.023224870760732923,20
2,0.1356797563717841,0.0008536876084120921,0.03735923273215525,0.035076650951306736,53
3,0.0,0.0,0.0,0.0,0
4,0.0,0.0,0.0,0.0,0
