,max,min,avg,median,count
0,0.2395848467478829,0.0045898172242321384,0.08464995380474917,0.060748243267209776,8
1,0.09569563139319946,0.0248147266536758,0.0608410424243238,0.06455133844568889,6
2,0.19289437484469169,0.0002118830050750118,0.05161622896715698,0.03731862331791304,136
3,0.0,0.0,0.0,0.0,0
4,0.0,0.0,0.0,0.0,0
