,max,min,avg,median,count
0,0.26987688522745573,0.0007341376995770471,0.09057392895685844,0.0738767251135893,51
1,0.28678182046086453,0.0006779777478839936,0.07848601483295892,0.05521453448007632,99
2,0.3096268908736495,5.3359365688398056e-05,0.07191018959421018,0.05624412946582691,348
3,0.0,0.0,0.0,0.0,0
4,0.0,0.0,0.0,0.0,0
