,max,min,avg,median,count
0,0.2158207451223344,0.03120993313208444,0.09882457709263713,0.08709594388339835,5
1,0.3167422873117221,0.0010395521983220923,0.08739530351478893,0.08566251496686342,62
2,0.203817752211229,0.002207162208861807,0.06259519952647605,0.054515946353445865,58
3,0.2203303128377142,0.0003201232839022081,0.06833330129758004,0.04767740756093711,14
4,0.0,0.0,0.0,0.0,0
