,max,min,avg,median,count
0,0.05572160807590052,0.003733340285442081,0.021384232734611992,0.012135931559713032,8
1,0.10320954994350694,0.007780946264627885,0.04124836820813731,0.0295813156412586,15
2,0.20894330286652027,0.0007347038959613153,0.034514289928443936,0.025578187289514463,60
3,0.0,0.0,0.0,0.0,0
4,0.0,0.0,0.0,0.0,0
