,max,min,avg,median,count
0,0.1846224788242213,0.021978869919055777,0.09234300518643726,0.08244166752992826,18
1,0.32941718988653823,0.006404330129806108,0.09987164569627482,0.08206139697010122,37
2,0.41507491491145126,0.0010102704892346877,0.09041263190146934,0.07146203288747237,86
3,0.0,0.0,0.0,0.0,0
4,0.0,0.0,0.0,0.0,0
