,max,min,avg,median,count
0,0.08895784784539745,0.0040945086614341385,0.03187711005806157,0.0247629628189922,11
1,0.05876753822560813,0.0002736998875647974,0.026858384437679128,0.02490634159982104,24
2,0.07121773230121096,0.0007416025845965839,0.021700741856441105,0.014720030382195317,47
3,0.0045226088906202165,0.0045226088906202165,0.0045226088906202165,0.0045226088906202165,1
4,0.0,0.0,0.0,0.0,0
