,max,min,avg,median,count
0,0.16326293695845132,0.011850431223483686,0.0657370683830625,0.056198331921988434,9
1,0.3168535881914057,0.003232651859415712,0.0497232518391596,0.038831936704547425,30
2,0.1492823291303928,0.000268054830939521,0.03400832176493368,0.03209984644747469,43
3,0.0,0.0,0.0,0.0,0
4,0.0,0.0,0.0,0.0,0
