,max,min,avg,median,count
0,0.1394974715202835,0.0006166714452460783,0.053936279403415506,0.05115393332433366,43
1,0.18880390323842966,0.0006884955850846831,0.03508336257254123,0.03147732815813319,89
2,0.20057548999379501,2.6906172449135504e-05,0.042308907542730805,0.03312803711770206,273
3,0.0,0.0,0.0,0.0,0
4,0.0,0.0,0.0,0.0,0
