,max,min,avg,median,count
0,0.3191433563108098,0.009669793415639462,0.07951398415771335,0.0701628929992284,22
1,0.2686932573202238,0.0009026033238989569,0.09293756844523449,0.0724544213153813,31
2,0.34610981641566246,0.0005367824239096746,0.08334592047539978,0.06979547334280643,97
3,0.0,0.0,0.0,0.0,0
4,0.0,0.0,0.0,0.0,0
