,max,min,avg,median,count
0,0.08271301149105859,0.0031715688287091834,0.03302172347695976,0.027329685188906,12
1,0.19766471927293564,0.00042719739103070097,0.05244688584773314,0.031027411842213096,22
2,0.23540296269172498,0.0016721250853439869,0.05007540841647108,0.0368878043728722,56
3,0.0,0.0,0.0,0.0,0
4,0.0,0.0,0.0,0.0,0
