,max,min,avg,median,count
0,0.028838511380902557,0.0002207252176532636,0.012618594155552637,0.0030888373116568276,5
1,0.09292230942029342,6.592702641387004e-06,0.030685363766102192,0.023476890417166836,42
2,0.15289020063987144,0.0011160831583777837,0.023063900154810715,0.015267532139289768,30
3,0.0,0.0,0.0,0.0,0
4,0.0,0.0,0.0,0.0,0
