,max,min,avg,median,count
0,0.14913606201340354,0.004554359586243996,0.06339205590411177,0.05286475666805247,16
1,0.20271775814829956,0.00037648574437084336,0.06498367740849806,0.04466969141113912,42
2,0.22791827520007618,0.0013130579886287868,0.06278495942751787,0.05306180815992983,79
3,0.0,0.0,0.0,0.0,0
4,0.0,0.0,0.0,0.0,0
