,max,min,avg,median,count
0,0.8369347367159041,0.04653211887198877,0.37769901960843216,0.34444388622709576,22
1,0.8625756001856,0.05310133668097353,0.32987062349902047,0.2607016971834378,36
2,0.8366541242330306,0.005742315687351714,0.27812019027403867,0.22803347632372895,105
3,0.0,0.0,0.0,0.0,0
4,0.0,0.0,0.0,0.0,0
