,max,min,avg,median,count
0,0.4140392577196316,0.0014291610948497712,0.06521432445980098,0.04218298765487736,85
1,0.18954433392458986,0.00025603964268638144,0.07211334858088948,0.05793603009931698,119
2,0.21446561144910203,0.00047042041849861476,0.05726046324004769,0.04649447200441882,300
3,0.0,0.0,0.0,0.0,0
4,0.0,0.0,0.0,0.0,0
