,max,min,avg,median,count
0,0.17801784345387972,0.0012276440675999753,0.047490648393701526,0.03357588352631504,84
1,0.17759747022636882,0.00032507790849893077,0.048461132305818784,0.045110945378399644,118
2,0.24577192719141625,0.00015268425817320614,0.041847426186165416,0.034668151445076095,299
3,0.0,0.0,0.0,0.0,0
4,0.0,0.0,0.0,0.0,0
