,max,min,avg,median,count
0,0.205428126828254,0.005468841893149422,0.06524216753778407,0.0338159494504132,19
1,0.2382799756691904,0.00617940475130611,0.09874067813510792,0.07772480866868167,40
2,0.30406615147062965,0.0024170292330963107,0.09601380290864435,0.09030821879799007,84
3,0.25686281802236377,0.07632242772957731,0.16659262287597054,0.16659262287597054,2
4,0.0,0.0,0.0,0.0,0
