,max,min,avg,median,count
0,0.35169862928077666,0.00023025896695137244,0.056720667696750514,0.03953219147481036,87
1,0.1804406532884669,0.0006530344581352781,0.053026361890171916,0.04381919466359123,213
2,0.19054067883272177,0.0001928711328480918,0.05069848950662166,0.04232361242291219,204
3,0.0,0.0,0.0,0.0,0
4,0.0,0.0,0.0,0.0,0
