,max,min,avg,median,count
0,0.45689470796601783,0.00047422599375997085,0.07207164323985278,0.04916728233897215,85
1,0.20939192605481374,0.0013767835736230149,0.07104212731361438,0.05685941655031741,119
2,0.40817345463872173,0.0008334283795909672,0.0630999300559157,0.04904052583245394,300
3,0.0,0.0,0.0,0.0,0
4,0.0,0.0,0.0,0.0,0
