,max,min,avg,median,count
0,0.11701935413124442,0.0047013316721205125,0.04897952133437597,0.03677231754224229,8
1,0.18832771998060924,0.0007944640555434043,0.055146776421843534,0.04637860147099422,22
2,0.2498051320783909,0.00579287587939896,0.06423950037671437,0.045017957985560096,48
3,0.0,0.0,0.0,0.0,0
4,0.0,0.0,0.0,0.0,0
