,max,min,avg,median,count
0,0.10132779307318825,0.002594954401413928,0.049129977808770244,0.052264065360374354,8
1,0.1387033317805079,0.0005701488717237828,0.03727568849163468,0.03022009040803015,38
2,0.3022016021207924,0.00035441500869200666,0.05335937511316899,0.042757204318695466,93
3,0.0,0.0,0.0,0.0,0
4,0.0,0.0,0.0,0.0,0
