,max,min,avg,median,count
0,0.11640284744594492,0.0022048865231644958,0.037417340658349466,0.01663560599044836,13
1,0.1170169719260937,4.604634057399142e-05,0.037372156383835786,0.027998776347332575,88
2,0.12656905571218446,0.0010010156074956756,0.03608783106256035,0.023301742844611183,41
3,0.0,0.0,0.0,0.0,0
4,0.0,0.0,0.0,0.0,0
