,max,min,avg,median,count
0,0.10765317555815353,0.0012743835856712181,0.03242887078583762,0.030211810264839892,14
1,0.13301306923145148,0.0016492601894755117,0.03914855591510037,0.03606645157111639,81
2,0.1470981198166734,0.0029969707471366415,0.041576935128167326,0.03190042887268613,36
3,0.0,0.0,0.0,0.0,0
4,0.0,0.0,0.0,0.0,0
