,max,min,avg,median,count
0,0.21953980813127566,0.005455844147668953,0.05933403319283783,0.04610587588648027,12
1,0.16840799509814403,0.0010261497682103869,0.03741184212138577,0.03001914814335764,26
2,0.23833730950526608,8.056144801192497e-05,0.05049796755905442,0.042424461916461216,64
3,0.0,0.0,0.0,0.0,0
4,0.0,0.0,0.0,0.0,0
