,max,min,avg,median,count
0,0.13563019350412037,0.0007718740359817833,0.03944449729751211,0.03653895088032566,71
1,0.2471522247880864,0.0006078524286826487,0.03919205965298587,0.03316561921362711,181
2,0.19644690125913683,2.0626845860583347e-05,0.047117457528197945,0.04048920758301438,203
3,0.0,0.0,0.0,0.0,0
4,0.0,0.0,0.0,0.0,0
