,max,min,avg,median,count
0,0.21066453450768938,0.006146282231413519,0.04133862704950602,0.018479111746184575,11
1,0.109195495311165,0.0008023726713309524,0.0418056055892404,0.031400751808257736,29
2,0.13054128172804796,0.0014766511376215197,0.03529941163077359,0.03047176538687437,70
3,0.0,0.0,0.0,0.0,0
4,0.0,0.0,0.0,0.0,0
