,max,min,avg,median,count
0,0.04887078890968161,0.004711138070007457,0.021445287194116664,0.02079046618159266,11
1,0.08493216749304809,0.0011394977368192971,0.025999097943394313,0.02024083240136626,23
2,0.09064693347185065,0.004480992240204435,0.033545168913477294,0.029793231259400935,40
3,0.026898239079291255,0.026898239079291255,0.026898239079291255,0.026898239079291255,1
4,0.0,0.0,0.0,0.0,0
