,max,min,avg,median,count
0,0.16222071813237074,0.03344439927799165,0.06147803472423896,0.037765607291085725,5
1,0.1220587448179045,0.012343877483109441,0.05814285118124095,0.06319803628667212,19
2,0.2146259641100291,0.000920466924953617,0.0500195299706427,0.03893539727509908,70
3,0.0,0.0,0.0,0.0,0
4,0.0,0.0,0.0,0.0,0
