,max,min,avg,median,count
0,0.19615915448989987,0.001228913051278577,0.05087190047782055,0.04594699396838465,44
1,0.15974884546511992,0.0007969661864051105,0.049419704247507,0.043257702257812364,220
2,0.20830060937811773,0.0006048850744426161,0.04391806486308986,0.03476707473076101,240
3,0.0050966594559761725,0.0050966594559761725,0.0050966594559761725,0.0050966594559761725,1
4,0.0,0.0,0.0,0.0,0
