,max,min,avg,median,count
0,0.17324942032154048,0.000939130272332725,0.08507487785759804,0.09256755382805154,8
1,0.23570243723216935,0.013200476469550108,0.09821513085336875,0.08969226244203858,21
2,0.30620369253460555,0.0005971782644784103,0.08901795398042288,0.08135441811783499,103
3,0.002897746842967687,0.002897746842967687,0.002897746842967687,0.002897746842967687,1
4,0.0,0.0,0.0,0.0,0
