,max,min,avg,median,count
0,0.39636487010743465,0.0070847883806958245,0.13789476440224566,0.10796543352412691,20
1,0.39939067854505444,0.005942304481088176,0.08074664955633692,0.05527591746161428,36
2,0.18583672552925173,0.0030597031472144784,0.07107953507156461,0.0638842455844129,92
3,0.04761096781641586,0.019181021925409082,0.02924713819725792,0.020949424849948814,3
4,0.0,0.0,0.0,0.0,0
