,max,min,avg,median,count
0,0.28001294005736055,0.0030888373116568276,0.06546939921448193,0.03871301615019933,52
1,0.299067985639731,0.0008048255190451495,0.06342630956373117,0.051771778549963766,115
2,0.2258678799078711,0.00010988648582482106,0.05321521974652612,0.045265650940460436,342
3,0.0,0.0,0.0,0.0,0
4,0.0,0.0,0.0,0.0,0
