,max,min,avg,median,count
0,0.06170596296767179,0.0003778329053202252,0.018984987156149557,0.006771438640948419,9
1,0.10375299710701583,0.0026201737028719602,0.033114758366660516,0.025351518492423356,25
2,0.14251305976700068,5.295716730045169e-05,0.03360328116843734,0.024209092897109964,45
3,0.0,0.0,0.0,0.0,0
4,0.0,0.0,0.0,0.0,0
