,max,min,avg,median,count
0,0.09252748516249497,0.0010898213040207263,0.032549361438828014,0.023675469019124207,13
1,0.10705183604677955,0.0002670983453042027,0.030879215487977417,0.0218309880889278,69
2,0.3127896572943257,7.051998836421086e-05,0.033796719171711585,0.026875929474086385,429
3,0.0,0.0,0.0,0.0,0
4,0.0,0.0,0.0,0.0,0
