,max,min,avg,median,count
0,0.07206282836166195,0.001758045657771642,0.031849525051122936,0.023769047808684333,6
1,0.1076069875797888,0.003978212174395159,0.03879259719279718,0.03646642609614644,17
2,0.1661149499962777,0.00011658619739291213,0.04226427631698074,0.03665038870468678,123
3,0.0,0.0,0.0,0.0,0
4,0.0,0.0,0.0,0.0,0
