,max,min,avg,median,count
0,0.2843660744882693,0.00021078215477944183,0.053806322027312045,0.03706197748591111,60
1,0.17220021112072406,0.00045298041924809947,0.05084456028156945,0.043931402787211374,109
2,0.1764931507458022,8.813737689114621e-05,0.045804800360902204,0.03863043465258964,330
3,0.10906092563730069,0.006700379311990998,0.05638264293386327,0.06440684579866403,9
4,0.0,0.0,0.0,0.0,0
