,max,min,avg,median,count
0,0.05415015934783404,0.002108592850991814,0.021396853451558676,0.01379523424912662,13
1,0.09335601693067969,0.008625556266481036,0.041964686429794194,0.03355049471159822,18
2,0.31249678682237286,0.00011907833715898709,0.0352770994236479,0.020682013400269247,54
3,0.0,0.0,0.0,0.0,0
4,0.0,0.0,0.0,0.0,0
