,max,min,avg,median,count
0,0.1559993375347022,0.001514297436970691,0.04994496317534416,0.03576843418520067,22
1,0.6771991775797206,0.000950360552646323,0.08741850196821606,0.0689313249484762,70
2,0.16959006188701808,0.002382397623177112,0.06559139993769691,0.0558105261535027,32
3,0.0,0.0,0.0,0.0,0
4,0.0,0.0,0.0,0.0,0
