,max,min,avg,median,count
0,0.11652080828732192,0.002386927829866437,0.03432290599874978,0.02169262683275606,11
1,0.20854504799878743,0.006606016033110158,0.05343281846641827,0.038927370031534785,23
2,0.1773354137809165,0.000726545157579017,0.0424413641270151,0.03698545711704468,46
3,0.0,0.0,0.0,0.0,0
4,0.0,0.0,0.0,0.0,0
