,max,min,avg,median,count
0,0.17576668178325983,0.004649945930472796,0.0684392936525413,0.06503500579179597,15
1,0.15084027158833097,4.6632636677725044e-05,0.04308386818813633,0.03583087513613997,48
2,0.2007455182525854,7.073372799760801e-05,0.048633733917775694,0.0399913379820459,91
3,0.0,0.0,0.0,0.0,0
4,0.0,0.0,0.0,0.0,0
