,max,min,avg,median,count
0,0.4102601157554197,0.0006939169008310355,0.10199969455517004,0.06660519718054038,56
1,0.21966864654710433,0.0020125249545684715,0.07234729893349542,0.0664032135928346,184
2,0.2971852135929024,2.445253253105339e-05,0.058744674871722226,0.043998214508388894,274
3,0.0,0.0,0.0,0.0,0
4,0.0,0.0,0.0,0.0,0
