,max,min,avg,median,count
0,0.7574844919818169,0.020815223828752883,0.3157018430854813,0.24662997913843773,14
1,0.7694011579740869,0.006686095622098148,0.18446074667901124,0.15187682200364855,26
2,0.9015227691204698,0.0016060432183449646,0.25804855302695884,0.19962733569040003,108
3,0.0,0.0,0.0,0.0,0
4,0.0,0.0,0.0,0.0,0
