,max,min,avg,median,count
0,0.12683503661107076,0.00436923422277286,0.04499455123235399,0.049389574230961096,9
1,0.17187332383049214,0.0003325486622529404,0.04278450181228183,0.031363429819901825,20
2,0.16109812125453551,0.0012350339295349622,0.037891828996138695,0.029978834367433038,40
3,0.0,0.0,0.0,0.0,0
4,0.0,0.0,0.0,0.0,0
