,max,min,avg,median,count
0,0.620352048389381,0.0006841840295098822,0.14990616240096652,0.11339677044029142,48
1,0.4643106615435669,2.376138465496406e-05,0.07943518465500331,0.06157130575004095,206
2,0.35896807324671226,0.0006714132863755555,0.07410856227454136,0.05631261031180429,256
3,0.06181284854120224,0.02622623931925565,0.04679998048121995,0.05236085358320195,3
4,0.0,0.0,0.0,0.0,0
