,max,min,avg,median,count
0,0.17015966671644703,0.0007970666295771928,0.05757140127475976,0.04353449579274905,10
1,0.22597991541884402,0.0012936623563059443,0.07167088392460917,0.07601174680119419,22
2,0.2649092137395209,0.0007354074488981074,0.06486872187889717,0.056516287576557814,87
3,0.0,0.0,0.0,0.0,0
4,0.0,0.0,0.0,0.0,0
