,max,min,avg,median,count
0,0.5422428918571103,0.002866212516307563,0.12369996315775184,0.09328867051041588,57
1,0.24910961818134844,3.484719168403334e-06,0.07295583891450706,0.05929104803709835,297
2,0.19670307239125764,0.00024176794025599992,0.06271268020804703,0.049522022456230747,161
3,0.0,0.0,0.0,0.0,0
4,0.0,0.0,0.0,0.0,0
