,max,min,avg,median,count
0,0.08027083621930652,0.010114006484773331,0.042849748421559,0.0363249481771264,10
1,0.16169155822309955,0.0005619340061259013,0.03213374995718372,0.02236261387354949,96
2,0.3731740550499802,0.0002036949389288372,0.03734243189726654,0.027022803932300717,325
3,0.2584076576840827,0.0005978654978588999,0.03226597519184403,0.02538772533558939,76
4,0.0,0.0,0.0,0.0,0
