,max,min,avg,median,count
0,0.13940442282284973,0.024875037852934642,0.08129892782860916,0.07858328545197368,7
1,0.3211125893000391,0.0021100619878412935,0.05811561196042975,0.04275369433679219,24
2,0.30295321524813373,0.004629190154308243,0.07564050171328687,0.041339166169601926,40
3,0.0,0.0,0.0,0.0,0
4,0.0,0.0,0.0,0.0,0
