,max,min,avg,median,count
0,0.04404685867713663,0.014924900341662991,0.02765817754520204,0.025830475581004264,4
1,0.16366594022892014,0.0026016079268973294,0.039723737091563495,0.01978673030834452,20
2,0.10155268681281907,4.3472709224202194e-05,0.03553482490834531,0.027924096939233506,38
3,0.0,0.0,0.0,0.0,0
4,0.0,0.0,0.0,0.0,0
