,max,min,avg,median,count
0,0.09234426638148802,0.009575131329005608,0.04501498225624336,0.03987578642707132,6
1,0.1510452583398971,0.004109003088313642,0.06384562087818413,0.06396577854570512,25
2,0.41398704097219563,0.00037992239688318906,0.07069599494254156,0.04198353601757535,87
3,0.04702172891668281,0.04702172891668281,0.04702172891668281,0.04702172891668281,1
4,0.0,0.0,0.0,0.0,0
