,max,min,avg,median,count
0,0.51735667465531,0.0074119538343106325,0.08324851342180739,0.036856468666444805,21
1,0.6843218575946208,0.0006049725599785835,0.06035144324144951,0.04095652343124552,68
2,0.2633066555891842,0.0023635341674176657,0.05960694678423997,0.04151253030895503,33
3,0.0,0.0,0.0,0.0,0
4,0.0,0.0,0.0,0.0,0
