,max,min,avg,median,count
0,0.17172666722652516,0.0035102320871527896,0.09476725957819071,0.103279677477215,8
1,0.30281437283045015,0.0011713635803157027,0.0989765493175175,0.0742250730276652,26
2,0.5007454986905122,0.0022046664883731914,0.09517562570527474,0.07829931634799225,91
3,0.0,0.0,0.0,0.0,0
4,0.0,0.0,0.0,0.0,0
