,max,min,avg,median,count
0,0.4218791216368811,0.0010565972727823256,0.08689203918699452,0.03660696748118217,52
1,0.26758486679254767,0.0006229479894955214,0.07055431707098402,0.05572241552879248,82
2,0.32898867419439437,0.0008068529189156614,0.0765750766428129,0.053757094886308116,383
3,0.0,0.0,0.0,0.0,0
4,0.0,0.0,0.0,0.0,0
