,max,min,avg,median,count
0,0.17408507089621678,0.019778751924690394,0.08534067810475518,0.07374944479905676,4
1,0.1117075587873033,0.011631077304508956,0.04036612889919795,0.02600087446527372,8
2,0.17707243719103613,0.0002951082605342921,0.042006652266306815,0.03055360739675026,61
3,0.0,0.0,0.0,0.0,0
4,0.0,0.0,0.0,0.0,0
