,max,min,avg,median,count
0,0.1144971200383379,0.001843272299557297,0.04650977570765069,0.050484670362535525,26
1,0.16319160844669844,0.0013303206967512828,0.049342283934850975,0.03751885823914524,42
2,0.14956984996805273,0.0002793193185168346,0.0533298309682434,0.04936580635735425,79
3,0.0,0.0,0.0,0.0,0
4,0.0,0.0,0.0,0.0,0
