,max,min,avg,median,count
0,0.1755782709624126,0.0007597264908185395,0.05851478721401406,0.04584837297181192,54
1,0.1847641644293282,0.00014292161760887204,0.046703877996435925,0.04207058276760353,205
2,0.2575023093075927,0.00010069969502945789,0.04534129777974896,0.034048650599513175,257
3,0.0,0.0,0.0,0.0,0
4,0.0,0.0,0.0,0.0,0
