,max,min,avg,median,count
0,0.23889307489312267,0.0005033767847345832,0.05212609879196933,0.04175079121223854,84
1,0.24705333805521945,0.0014862471148899543,0.0523626526334759,0.04442754702731888,137
2,0.1984541084963234,0.00015729481218134138,0.05754454620329994,0.04742463357831456,295
3,0.0,0.0,0.0,0.0,0
4,0.0,0.0,0.0,0.0,0
