,max,min,avg,median,count
0,0.08686691545401103,0.00035057314349160295,0.026152932809347877,0.021809212304335263,17
1,0.19266196673103578,0.00033376693827602083,0.03906500022967784,0.028011926132176897,103
2,0.07520483567798203,0.0008136962782385293,0.026597060594670326,0.022919105799193804,13
3,0.0,0.0,0.0,0.0,0
4,0.0,0.0,0.0,0.0,0
