,max,min,avg,median,count
0,0.13597145147373504,0.001088075133495077,0.03100274938096392,0.02066102896521352,45
1,0.17317674305705685,0.0004264723094922441,0.03170447455106546,0.01972413683763752,72
2,0.18954824087818833,0.0004554289447651349,0.029196898772880404,0.02231874078468584,306
3,0.0,0.0,0.0,0.0,0
4,0.0,0.0,0.0,0.0,0
