,max,min,avg,median,count
0,0.04533857093310792,0.020445371800494275,0.032787579399833414,0.03257879546589805,3
1,0.09039529502225185,0.001254747748080419,0.025354244813763603,0.01573226890337964,15
2,0.11556571110200545,0.0042787696532608985,0.03496004428015316,0.028123400929378085,41
3,0.0,0.0,0.0,0.0,0
4,0.0,0.0,0.0,0.0,0
