,max,min,avg,median,count
0,0.21138249163007075,0.0006084811808123258,0.09481134912914996,0.09408019056065933,11
1,0.15808817745652892,0.003705716718683381,0.060118796606196324,0.060687234771506435,20
2,0.41398704097219563,0.0005946693867135142,0.064974460998549,0.04256017421631934,82
3,0.0,0.0,0.0,0.0,0
4,0.0,0.0,0.0,0.0,0
