,max,min,avg,median,count
0,0.06919748718155944,0.012278463704468726,0.03273128350257308,0.025154344240496243,5
1,0.10772261955728606,0.0003958055596585235,0.0390327020900994,0.031131311114896747,38
2,0.11882581585736801,0.0043358520193512535,0.039088492760684504,0.03212183261208186,18
3,0.0,0.0,0.0,0.0,0
4,0.0,0.0,0.0,0.0,0
