,max,min,avg,median,count
0,0.13940442282284973,3.223102126169794e-05,0.030435360589538014,0.023980323724436994,82
1,0.25519997898594354,0.00027936078147515643,0.03317550209355702,0.02303636709377651,136
2,0.11602062468521981,6.293199447091504e-05,0.03218158161299502,0.026423974196073462,281
3,0.0,0.0,0.0,0.0,0
4,0.0,0.0,0.0,0.0,0
