,max,min,avg,median,count
0,0.11519345196886027,0.0007174010607825999,0.04340278965111198,0.03915192796451273,56
1,0.1908577301979896,0.0003919945104375821,0.046726268737968056,0.038616708399139235,148
2,0.18829113333194877,7.66343663917912e-05,0.03964947116737338,0.03402645009623363,318
3,0.0,0.0,0.0,0.0,0
4,0.0,0.0,0.0,0.0,0
