,max,min,avg,median,count
0,0.18829358343542418,0.0001247205347380198,0.05358376931481789,0.030443126159104838,11
1,0.12593436846851863,0.0006277688846526254,0.03592925969628876,0.026358543080749496,41
2,0.09310193202165588,0.0019795764559782086,0.028102554891031837,0.021368376574562097,28
3,0.0,0.0,0.0,0.0,0
4,0.0,0.0,0.0,0.0,0
