,max,min,avg,median,count
0,0.1234813508310756,0.002756912916599678,0.038122567601221034,0.029916826854225816,23
1,0.13259940740610057,0.0002193746167462744,0.04236464983597554,0.033525417254516014,60
2,0.19907350127511048,0.002319882062577,0.048599904667847076,0.03544427780518202,61
3,0.0,0.0,0.0,0.0,0
4,0.0,0.0,0.0,0.0,0
