,max,min,avg,median,count
0,0.08534766261180407,5.719284918689356e-05,0.020146171991902547,0.013659304245945445,16
1,0.15236355535271018,0.0006571222048263576,0.03405228122438709,0.022453654599063684,48
2,0.11747179373970203,0.00031951771294097477,0.03363307928254266,0.029350164105309978,51
3,0.0,0.0,0.0,0.0,0
4,0.0,0.0,0.0,0.0,0
