,max,min,avg,median,count
0,0.12848163737805066,0.018965148548384846,0.07148897934841576,0.06360607404414298,6
1,0.31773922226496626,0.002131215263115342,0.09083077016040689,0.06927769564559312,37
2,0.49380610760497495,0.0012906011696477832,0.09666417509245093,0.06400212578576406,71
3,0.0,0.0,0.0,0.0,0
4,0.0,0.0,0.0,0.0,0
