,max,min,avg,median,count
0,0.09961607171489563,0.0002207252176532636,0.034738583950221905,0.03228357071901829,53
1,0.18832771998060924,0.0005453729334701673,0.04614348211249046,0.03952558280126578,82
2,0.36512262865527073,0.0001313654972926752,0.04052241608452636,0.0320091422525946,378
3,0.0,0.0,0.0,0.0,0
4,0.0,0.0,0.0,0.0,0
