,max,min,avg,median,count
0,0.20484663493194485,0.010286377044029037,0.0728954763966024,0.057652077393685414,10
1,0.15282163446430835,0.0013040408892585277,0.07370827389873617,0.08070703638551971,27
2,0.430464159744154,0.00030514521993637444,0.06743522969023043,0.04813551121084681,63
3,0.0,0.0,0.0,0.0,0
4,0.0,0.0,0.0,0.0,0
