,max,min,avg,median,count
0,0.1206627874157316,0.0022543595025139277,0.04612114203556848,0.03980245563543794,63
1,0.20724937783774283,0.00012638978335790364,0.035706614736287515,0.029671783965187118,258
2,0.17616242754279945,4.3472709224202194e-05,0.041492857509611944,0.034904628310760424,205
3,0.0,0.0,0.0,0.0,0
4,0.0,0.0,0.0,0.0,0
