,max,min,avg,median,count
0,0.046476751711044456,0.0028252875088305867,0.02765488155668852,0.025510905026425734,5
1,0.25901434356822395,0.0023891069497322852,0.04255916910646564,0.023228824824414816,31
2,0.0685057582857966,0.0005128942895219262,0.028896051920819035,0.025683760229052395,18
3,0.0,0.0,0.0,0.0,0
4,0.0,0.0,0.0,0.0,0
