,max,min,avg,median,count
0,0.019333919858614056,0.0036478865187125524,0.013248468632383426,0.015006034076103549,4
1,0.06045235770944419,0.00028804852494117,0.019898925629339877,0.013370693332565567,11
2,0.11345695657119693,5.654620153608709e-05,0.03436847611534337,0.023613196026664174,52
3,0.0,0.0,0.0,0.0,0
4,0.0,0.0,0.0,0.0,0
