,max,min,avg,median,count
0,0.0648021669095146,0.019778751924690394,0.03322905569007096,0.030353451327622537,14
1,0.10954772387074257,0.0004005508874655037,0.04055542416589647,0.04025947494080366,65
2,0.21080311298779478,5.262782819717987e-06,0.03774175847074284,0.030924127327551853,449
3,0.0,0.0,0.0,0.0,0
4,0.0,0.0,0.0,0.0,0
