,max,min,avg,median,count
0,0.2164607213828547,0.005637609804776515,0.0801936592554391,0.06658854869258493,17
1,0.1860577961889154,0.004357396611602892,0.06920545918330614,0.05832391401620359,22
2,0.28043345402609804,0.004185442590856605,0.05875784853846592,0.0397850803352671,57
3,0.0,0.0,0.0,0.0,0
4,0.0,0.0,0.0,0.0,0
