,max,min,avg,median,count
0,0.05377187182276157,0.004105402675656946,0.023435900259246682,0.01793316326928411,4
1,0.07874449992759967,0.006366546231518783,0.04267364177138262,0.044537102820547826,13
2,0.16821006707318428,0.0009329585972356157,0.05237055698369187,0.034299817039858224,48
3,0.0,0.0,0.0,0.0,0
4,0.0,0.0,0.0,0.0,0
