,max,min,avg,median,count
0,0.082754594153128,0.031699873128509484,0.04946092085628676,0.033928295287222826,3
1,0.10586763933902639,0.0005309260142371677,0.04103925336831551,0.04108250284147093,16
2,0.11781686686128344,0.0004011742899492778,0.04545348101945522,0.04360634889516618,49
3,0.0,0.0,0.0,0.0,0
4,0.0,0.0,0.0,0.0,0
