,max,min,avg,median,count
0,0.18170432330443229,0.024010663068349803,0.06511567695818227,0.04281496213243924,11
1,0.14671923034624146,0.0053277322310441005,0.05859528885629665,0.05164467877633101,20
2,0.2377606846208972,0.00474345221924895,0.07002414019486208,0.056721482042707175,65
3,0.0,0.0,0.0,0.0,0
4,0.0,0.0,0.0,0.0,0
