,max,min,avg,median,count
0,0.07555109275419244,0.0005974778387311416,0.033964821187671,0.029855357078880207,4
1,0.11026191863522428,0.0006658164193955024,0.03871094486073612,0.026799644871786803,23
2,0.09709080904752379,0.0013934850836168893,0.028523707631255498,0.024623070703223872,47
3,0.0,0.0,0.0,0.0,0
4,0.0,0.0,0.0,0.0,0
