,max,min,avg,median,count
0,0.24647388870297127,9.468908041628675e-06,0.05362130493469207,0.04602631613286631,86
1,0.22162358009972438,0.000539772734786935,0.05836536953954503,0.0487055157308458,161
2,0.2901968045205453,0.0004551493794736948,0.06767631920794072,0.05194355921291695,279
3,0.0,0.0,0.0,0.0,0
4,0.0,0.0,0.0,0.0,0
