,max,min,avg,median,count
0,0.20914908406380606,0.017593290710071135,0.10858685965220638,0.08648721081442459,14
1,0.40298106009816687,0.00045270432514804337,0.11371177757588599,0.09799951870749068,41
2,0.3895478565257067,8.021105710298595e-05,0.08758519469033496,0.073758139049197,49
3,0.0,0.0,0.0,0.0,0
4,0.0,0.0,0.0,0.0,0
