,max,min,avg,median,count
0,0.14090919063793675,0.012992362579110742,0.07146349838267824,0.06597622015683273,4
1,0.10356567133145085,0.0010453782713841734,0.03927644482494296,0.032315409992690836,10
2,0.13748255805785708,0.0002968910672855021,0.03903397545367279,0.03042335761099018,100
3,0.0,0.0,0.0,0.0,0
4,0.0,0.0,0.0,0.0,0
