,max,min,avg,median,count
0,0.0914077667447811,5.719284918689356e-05,0.03992553794857353,0.04004677551604631,54
1,0.25725959068207915,0.00035948517020532633,0.03738604808156065,0.03388780869753831,141
2,0.17602432061932585,0.0004541595725267281,0.03634511278422794,0.029292614484933147,244
3,0.0,0.0,0.0,0.0,0
4,0.0,0.0,0.0,0.0,0
