,max,min,avg,median,count
0,0.06855182879179927,0.011290292945248321,0.030986504068115105,0.02500629730950294,6
1,0.09762334932410752,0.004416247473101247,0.03966381019825024,0.036038424942867006,18
2,0.10245089819531186,0.005928416566519451,0.03927521716512999,0.030970767759604948,29
3,0.0,0.0,0.0,0.0,0
4,0.0,0.0,0.0,0.0,0
