,max,min,avg,median,count
0,0.2158207451223344,0.008281101785022777,0.060010544841700854,0.024328231705622615,10
1,0.11836353514068844,0.0002550253947169622,0.05215587334544278,0.04016960675288132,26
2,0.16546215952802337,0.00048797826869817555,0.04440265367893475,0.03790728791008891,81
3,0.0,0.0,0.0,0.0,0
4,0.0,0.0,0.0,0.0,0
