,max,min,avg,median,count
0,0.13164740790388788,0.022418649215938908,0.07122785506968844,0.054400621048498486,9
1,0.2432711172387612,0.003618189384993104,0.07764665787017248,0.07106845891984974,33
2,0.28669562448656616,0.003221591578980831,0.0778797567462116,0.07458928485936084,56
3,0.0,0.0,0.0,0.0,0
4,0.0,0.0,0.0,0.0,0
