,max,min,avg,median,count
0,0.11981808600864569,0.00336698208277545,0.029138820552870235,0.022803184208671706,62
1,0.1716691112089931,8.538802369968301e-05,0.03143624841643787,0.026883956126765623,195
2,0.2489616397700122,0.0002048899729928741,0.033982824926109025,0.02864663006024209,274
3,0.0,0.0,0.0,0.0,0
4,0.0,0.0,0.0,0.0,0
