,max,min,avg,median,count
0,0.03472368958291757,0.01971660159206641,0.02701061521228492,0.026801084837077854,4
1,0.077071306319399,0.011633815534393799,0.04427294083463335,0.041506149584972306,12
2,0.09017058943174851,0.00208392945231937,0.04047309379947279,0.042083118273701925,36
3,0.0,0.0,0.0,0.0,0
4,0.0,0.0,0.0,0.0,0
