,max,min,avg,median,count
0,0.1459076397154116,0.0006296037771665881,0.04247765290319024,0.02741225642450222,60
1,0.1765628700502247,0.00021899827472054973,0.04019718782205318,0.03370767572457438,332
2,0.19907350127511048,2.421771492207854e-05,0.04426821688718096,0.03510369766151447,141
3,0.0,0.0,0.0,0.0,0
4,0.0,0.0,0.0,0.0,0
