,max,min,avg,median,count
0,0.17783537286759837,0.0010898213040207263,0.09731963268682284,0.10092049730146307,21
1,0.2770072043677664,0.00028804852494117,0.06070493730873942,0.04527038599841307,276
2,0.2226813435586196,0.00015346363768503656,0.05886297455856157,0.04638025022853138,237
3,0.0,0.0,0.0,0.0,0
4,0.0,0.0,0.0,0.0,0
