,max,min,avg,median,count
0,0.1694098703804554,0.0017327692736484538,0.06524941520736928,0.05664515423206366,22
1,0.3620095272830699,4.072443052888928e-05,0.03695032391049818,0.029048865741021394,351
2,0.16147127136246114,6.513996359588867e-05,0.03784913049780247,0.033165599911354926,161
3,0.0,0.0,0.0,0.0,0
4,0.0,0.0,0.0,0.0,0
