,max,min,avg,median,count
0,0.079509777598486,0.004118308776647417,0.031411657935902226,0.026213889480897958,12
1,0.08433018217280365,0.00019530534034611186,0.03261286794423832,0.02587888860481106,23
2,0.1027119089129946,0.0001202604163226902,0.04122997717271235,0.03550694859344081,23
3,0.0,0.0,0.0,0.0,0
4,0.0,0.0,0.0,0.0,0
