,max,min,avg,median,count
0,0.45861745884220306,0.00014913882071945184,0.0916178168723755,0.06284216355273668,62
1,0.21796025222265705,0.001400289653495983,0.06449152003100238,0.053174633004294425,167
2,0.2201556197374958,6.025144156675976e-05,0.06032092708492944,0.046970693109417413,306
3,0.0,0.0,0.0,0.0,0
4,0.0,0.0,0.0,0.0,0
