,max,min,avg,median,count
0,0.10232778998391405,0.011445548095220873,0.039123504444916773,0.027261462112669423,6
1,0.25380518972738314,0.0019017652068487791,0.07499467397019209,0.05437936733467963,27
2,0.2373807438054688,5.690276372297476e-06,0.06869385892057324,0.057822525663100977,58
3,0.0,0.0,0.0,0.0,0
4,0.0,0.0,0.0,0.0,0
