,max,min,avg,median,count
0,0.049929260795744605,0.0003269317968824556,0.026447742882432092,0.03146676371744972,9
1,0.19065545181912452,0.006465292237628941,0.03514275881050723,0.026389772885948067,37
2,0.08510897158580927,0.0005901714354631615,0.02404796567498038,0.010613122759518343,7
3,0.0,0.0,0.0,0.0,0
4,0.0,0.0,0.0,0.0,0
