,max,min,avg,median,count
0,0.05576614606300032,0.006695042696822649,0.02334496870482547,0.016811252656378523,7
1,0.08596092278584903,0.0002582409424651188,0.027462635410190773,0.027437719047050557,17
2,0.15823260676355638,0.006771062947368305,0.0415502567878489,0.03275579603703731,22
3,0.0,0.0,0.0,0.0,0
4,0.0,0.0,0.0,0.0,0
