,max,min,avg,median,count
0,0.18774009242784567,0.01565325354716086,0.07112115772701355,0.05217266964507027,7
1,0.2566618566584804,0.0010179757292528946,0.08230851355060993,0.0759664279080962,12
2,0.18901603631127303,0.006282819023680588,0.05919016838030653,0.04101601516385821,28
3,0.0,0.0,0.0,0.0,0
4,0.0,0.0,0.0,0.0,0
