,max,min,avg,median,count
0,0.12046419117977805,0.0065457548964679615,0.03635720612276805,0.024691916692580886,10
1,0.08394756851826612,0.00814024439333903,0.04122817829686074,0.039747965836940444,12
2,0.18404338642675871,0.0011289935069083836,0.04456224596478501,0.039339878491544106,102
3,0.0,0.0,0.0,0.0,0
4,0.0,0.0,0.0,0.0,0
