,max,min,avg,median,count
0,0.14456888396419945,0.003641732644451665,0.044171589811420595,0.02907140525795791,11
1,0.303630237692189,0.009931905584531648,0.07189769395606205,0.03816772259832323,26
2,0.46185698945340176,0.0008420299400182054,0.05365681689582487,0.03171653161177053,68
3,0.0,0.0,0.0,0.0,0
4,0.0,0.0,0.0,0.0,0
