,max,min,avg,median,count
0,0.07654489257136304,0.002763276088143635,0.04080353539494278,0.036690930338756735,6
1,0.11895007629286974,0.004483993373892775,0.033624111758569976,0.023560847789340315,21
2,0.0892127800103243,0.002766011122824349,0.04289343951835127,0.046194178830183785,20
3,0.0,0.0,0.0,0.0,0
4,0.0,0.0,0.0,0.0,0
