,max,min,avg,median,count
0,0.26246808062543736,0.0005133479791162836,0.05314077570209911,0.045811787895908236,62
1,0.1734894247366649,0.0005428301038226125,0.05674251413251914,0.051916173310955945,153
2,0.2870186396422905,0.00041374846693534317,0.04802118093313191,0.03987212688274428,315
3,0.07151107927280134,0.017506466087597282,0.03743302331074167,0.02603784061242196,7
4,0.0,0.0,0.0,0.0,0
