,max,min,avg,median,count
0,0.12467936341698863,0.002214958446771146,0.04281777276725037,0.03947097418298175,63
1,0.17397418265134196,0.00023728764058857893,0.0424053149625011,0.035005543517878206,238
2,0.14278411363716564,4.9663625683086215e-05,0.03487499921902343,0.03036327653373606,233
3,0.053740541689560675,0.0392397287147605,0.04413909167906784,0.039437004632882335,3
4,0.0,0.0,0.0,0.0,0
