,max,min,avg,median,count
0,0.082754594153128,0.0008756870938481756,0.03220910534525603,0.027401999160626765,56
1,0.17644259726899433,0.0004850677327487561,0.030693133136441238,0.02515080117761237,137
2,0.12908784575959356,0.0001489312627552252,0.030076393259742932,0.024349336611839918,344
3,0.0,0.0,0.0,0.0,0
4,0.0,0.0,0.0,0.0,0
