,max,min,avg,median,count
0,0.11477246164364993,0.007822180590374104,0.047577558052358915,0.032510910120346126,19
1,0.2624773369901918,2.2455801147389683e-06,0.057980322672145215,0.04360839668167474,256
2,0.16829394157928454,4.554851888531663e-06,0.05393231705900588,0.04443217863467677,264
3,0.05468038378892177,0.05468038378892177,0.05468038378892177,0.05468038378892177,1
4,0.0,0.0,0.0,0.0,0
