,max,min,avg,median,count
0,0.43141352518211973,0.007026889187686202,0.07831673544769954,0.05542645842833654,61
1,0.31613050215682126,0.0003958055596585235,0.09108181903196949,0.06612795920595244,118
2,0.2879996673740998,1.5528290131087426e-06,0.06232174753991757,0.047239818839010184,348
3,0.20951650588014,0.00435016191590434,0.05938041027759614,0.044304375939901296,10
4,0.0,0.0,0.0,0.0,0
