,max,min,avg,median,count
0,0.06941806431573402,0.0014303225159643914,0.03394639711666389,0.027660375629199103,20
1,0.16130811795969338,0.00503413475202747,0.04739330203626178,0.033561329806854154,19
2,0.135953638605632,0.0027124811230589342,0.05077860169807911,0.05135338697008283,67
3,0.11989167487762564,0.0003201232839022081,0.06467018863255294,0.07102365992850883,5
4,0.0,0.0,0.0,0.0,0
