,max,min,avg,median,count
0,0.06333499733816339,0.0005085196065835693,0.03780422239909253,0.04791268531288931,6
1,0.0897353474575332,0.00011024487397140399,0.03109466844951303,0.02451091878411979,17
2,0.06961598140257794,0.0023108590882416078,0.026302508671499837,0.023022469344813334,17
3,0.0,0.0,0.0,0.0,0
4,0.0,0.0,0.0,0.0,0
