,max,min,avg,median,count
0,0.18965264012835048,0.0007597264908185395,0.06675512333235256,0.05812515201551141,55
1,0.22919564872841003,0.00022471281957972417,0.042940735288135815,0.03455981243189579,226
2,0.25300704113158556,0.0005955224229233122,0.042474075973342025,0.03570795155684567,261
3,0.0,0.0,0.0,0.0,0
4,0.0,0.0,0.0,0.0,0
