,max,min,avg,median,count
0,0.559408172786092,0.005380017374594748,0.10223008009901571,0.04921362013227819,55
1,0.24227353941689805,0.0007944640555434043,0.07254457601160968,0.061516333829550816,91
2,0.3470737263130649,0.0005584384355638383,0.07763460390925124,0.05746153545787972,395
3,0.0,0.0,0.0,0.0,0
4,0.0,0.0,0.0,0.0,0
