,max,min,avg,median,count
0,0.17683418687983887,0.0022118456078330747,0.06166931188815689,0.03779317617315827,9
1,0.30984365325946583,0.003706400981213878,0.0589663100474429,0.03328134362861001,45
2,0.20167465056109715,2.4432399146205314e-05,0.04523006856614382,0.029312785590142817,24
3,0.0,0.0,0.0,0.0,0
4,0.0,0.0,0.0,0.0,0
