,max,min,avg,median,count
0,0.11533047656553487,0.00043006784873332647,0.03873519309293406,0.032243511718402826,88
1,0.16385669127486996,4.465444228508492e-05,0.04816333644911655,0.04261768022064735,244
2,0.16683900824826894,0.0023108590882416078,0.05201978675279916,0.0469563719675232,203
3,0.0,0.0,0.0,0.0,0
4,0.0,0.0,0.0,0.0,0
