,max,min,avg,median,count
0,0.19582159162262489,0.00038602249645422297,0.07229472246704577,0.04951451415132749,57
1,0.2624773369901918,0.00043952285446893416,0.06729802152244922,0.0553534034482233,155
2,0.21754848832205984,1.1258336499522169e-05,0.057573083010043526,0.043964523060520594,324
3,0.0,0.0,0.0,0.0,0
4,0.0,0.0,0.0,0.0,0
