,max,min,avg,median,count
0,0.29915479225837843,0.015118590113687908,0.11384199191080863,0.08928261066718218,9
1,0.1874083131258007,0.0037940263457664027,0.05279691853086073,0.03985861884990873,17
2,0.24718018132434083,0.004477925291891634,0.06106568214685455,0.044095197131021655,52
3,0.0,0.0,0.0,0.0,0
4,0.0,0.0,0.0,0.0,0
