,max,min,avg,median,count
0,0.09399986531113956,0.07139514096678878,0.08269750313896418,0.08269750313896418,2
1,0.2476881146862253,0.003174842377912881,0.08106833387799461,0.0730195863822156,34
2,0.6046339194099459,0.010403652170182836,0.09949346066271805,0.06534514702078087,43
3,0.0,0.0,0.0,0.0,0
4,0.0,0.0,0.0,0.0,0
