,max,min,avg,median,count
0,0.030658375763144185,0.0025269131633752903,0.013367601091729254,0.006917514348668287,3
1,0.08154293648755809,0.005398084217311116,0.040467447343796745,0.04294280155901877,10
2,0.1397985079996706,0.0013609678503297118,0.06097036485938359,0.054333482531240075,25
3,0.0,0.0,0.0,0.0,0
4,0.0,0.0,0.0,0.0,0
