,max,min,avg,median,count
0,0.11638431730830186,0.0017888565238387713,0.05246376076388007,0.06800515794056726,9
1,0.07883344218030248,0.0004185107105928368,0.02243107697781752,0.015112972244780008,12
2,0.29573933578352574,0.0012709725367430174,0.04407723664953566,0.031187719805682006,72
3,0.0,0.0,0.0,0.0,0
4,0.0,0.0,0.0,0.0,0
