,max,min,avg,median,count
0,0.09469051621582762,0.023990310044662375,0.06218069165998498,0.06502097018972494,4
1,0.12106508733035061,0.0010615696649434756,0.042424947214770976,0.0386075859664311,16
2,0.15764343465151714,0.0017015991543236273,0.057098539269885965,0.03399495224879472,29
3,0.0,0.0,0.0,0.0,0
4,0.0,0.0,0.0,0.0,0
