,max,min,avg,median,count
0,0.19450466410949224,0.0007762267174765323,0.039549921874634554,0.03855067813600519,61
1,0.11825755638333248,0.001844010820787979,0.03735369358515083,0.030408461092280393,119
2,0.20084309326232488,0.00020995735430834615,0.03768664579964621,0.030401482423221708,353
3,0.04329284808276564,0.007089032462202916,0.022972424810012125,0.02148400771440286,10
4,0.0,0.0,0.0,0.0,0
