,max,min,avg,median,count
0,0.10382932781275449,0.0017888565238387713,0.057918085420724755,0.06957569901242361,10
1,0.11991183763566533,0.0008488125144204356,0.032667955285459425,0.023513696095625532,13
2,0.1762780455159197,0.0012641377171644236,0.0453029887791435,0.03822598154152581,104
3,0.0,0.0,0.0,0.0,0
4,0.0,0.0,0.0,0.0,0
