,max,min,avg,median,count
0,0.09971283541836841,0.0032534518352004015,0.04927106847396794,0.04603206553354551,11
1,0.12106508733035061,0.0016736533557241606,0.032660142477918944,0.027827048725067444,34
2,0.19604349411912209,0.0005078548062535541,0.03489657422640004,0.021646375297587426,35
3,0.0,0.0,0.0,0.0,0
4,0.0,0.0,0.0,0.0,0
