,max,min,avg,median,count
0,0.066355450181399,0.014147282977661218,0.047594988358312,0.06228223191587579,3
1,0.3211125893000391,0.0004185107105928368,0.052658547531936536,0.03543685673782,18
2,0.1701435076740612,0.00018681700118108893,0.040765137593689764,0.033883970860382626,59
3,0.0,0.0,0.0,0.0,0
4,0.0,0.0,0.0,0.0,0
