,max,min,avg,median,count
0,0.16269202222433937,0.00022990960064898008,0.04804032010643895,0.04109535924363688,91
1,0.19456690043713407,0.0002729504099832906,0.05200751677011634,0.043454451915234664,261
2,0.20102072300595172,0.0004440835617018701,0.05747314762583689,0.045772811413325065,195
3,0.0,0.0,0.0,0.0,0
4,0.0,0.0,0.0,0.0,0
