,max,min,avg,median,count
0,0.08417516901275338,0.006629595977982102,0.04032586109380682,0.03979570085666107,12
1,0.09193881219149047,0.008848316136948878,0.044746982327049434,0.04056967359063167,18
2,0.18903801566026346,0.0003353742574030198,0.04349835855926196,0.037855513124546214,65
3,0.038584317585275675,0.01363266911395772,0.025580279707388853,0.025052066065161003,4
4,0.0,0.0,0.0,0.0,0
