,max,min,avg,median,count
0,0.11070168725347997,0.0007485560891097703,0.03683786377248972,0.03304316765660339,102
1,0.15499700096066787,0.00012750979902540478,0.03793826967878959,0.03153010961913258,391
2,0.15684541480273134,0.0005632887042521815,0.04150137921112068,0.0289783886238038,58
3,0.0,0.0,0.0,0.0,0
4,0.0,0.0,0.0,0.0,0
