,max,min,avg,median,count
0,0.2507748794515642,0.0006204873433792729,0.08768072611465252,0.06605250958534722,46
1,0.23921247812420363,0.00043734796261988884,0.06294311569156943,0.047454615558715385,313
2,0.3214030713724735,0.00020655755767421899,0.07547305530211487,0.056029047717132324,188
3,0.0,0.0,0.0,0.0,0
4,0.0,0.0,0.0,0.0,0
