,max,min,avg,median,count
0,0.18774009242784567,0.0008803942331857327,0.05161679048434971,0.04045381408948279,66
1,0.1631246550027968,6.592702641387004e-06,0.040535209889576464,0.03139908543633534,226
2,0.23146590667905648,0.0001105602154117928,0.03702869443826422,0.027838200628576344,258
3,0.0,0.0,0.0,0.0,0
4,0.0,0.0,0.0,0.0,0
