,max,min,avg,median,count
0,0.0804115208689194,0.015691276095262715,0.04805139848209106,0.04805139848209106,2
1,0.0999890704865839,0.005655306929265344,0.04793731357406486,0.043047652017631714,6
2,0.09488596400162742,0.00012380741196658674,0.03173103106802531,0.020689301857857396,24
3,0.0,0.0,0.0,0.0,0
4,0.0,0.0,0.0,0.0,0
