,max,min,avg,median,count
0,0.12306754458305912,0.0001552855670446531,0.036086292439553705,0.027321535090030873,91
1,0.11426742526642569,0.00012000988945818806,0.030231633385194794,0.02454168879359817,128
2,0.35731413254733296,0.0004726813302327724,0.034280605263461286,0.025074617699514842,333
3,0.0,0.0,0.0,0.0,0
4,0.0,0.0,0.0,0.0,0
