,max,min,avg,median,count
0,0.06334400065983033,0.009036830861890855,0.020345240774029674,0.009623144501962442,5
1,0.11000192783320806,0.003651180515143439,0.036476876504924864,0.014126932460255917,9
2,0.19127481533414922,0.0022402540021552488,0.07650473020558284,0.0757748991381929,18
3,0.0,0.0,0.0,0.0,0
4,0.0,0.0,0.0,0.0,0
