,max,min,avg,median,count
0,0.08238599619262374,0.0077034731874534345,0.04467446771538694,0.040566581658974456,5
1,0.6408665806170264,0.01073555770264235,0.09580965512698221,0.03597510688971243,12
2,0.16383498782043757,0.002409066199162273,0.04270251551408696,0.026723417963603113,27
3,0.0,0.0,0.0,0.0,0
4,0.0,0.0,0.0,0.0,0
