,max,min,avg,median,count
0,0.10192179215980532,0.004118308776647417,0.04972809597593317,0.05096329358022458,9
1,0.15327396860251938,0.0010357365855015088,0.04899119998125948,0.03767321843644644,31
2,0.2784636419288039,0.0013265897437169509,0.05076192482860858,0.05066382433423783,55
3,0.05052438753519173,0.05052438753519173,0.05052438753519173,0.05052438753519173,1
4,0.0,0.0,0.0,0.0,0
