,max,min,avg,median,count
0,0.2093796222958536,0.02493079210369132,0.1035696486839107,0.07173776206537598,7
1,0.24360598688582788,0.0203579780167101,0.10746708609608398,0.10106399357849802,9
2,0.42009628824161654,0.011058180302023421,0.12238196190563627,0.08676463969907555,17
3,0.0,0.0,0.0,0.0,0
4,0.0,0.0,0.0,0.0,0
