,max,min,avg,median,count
0,0.1107666568767774,0.009109188008850114,0.04926298195460382,0.027913100978183916,3
1,0.11800712529622301,0.002363810876917679,0.036142189061108054,0.01927973474813944,12
2,0.20025078193733906,0.0032507017231065386,0.05648505651722242,0.053141981008817826,26
3,0.0,0.0,0.0,0.0,0
4,0.0,0.0,0.0,0.0,0
