,max,min,avg,median,count
0,0.06749717074938719,0.0031297708157747533,0.02727601228506284,0.018205962817805312,14
1,0.18367523881037479,0.0008676891438089848,0.03462604807882719,0.018329425115243186,21
2,0.2051653808427575,6.835175083187052e-05,0.03551993867294837,0.02943919649875638,83
3,0.10372715637263952,0.01967095413356092,0.06772900816648886,0.069111256013225,6
4,0.0,0.0,0.0,0.0,0
