,max,min,avg,median,count
0,0.07666665486601086,0.0031682117324245158,0.0326806502507367,0.023535944068546977,6
1,0.14739823943622068,0.002635217001761255,0.04403484833711721,0.03947642882185932,20
2,0.0594001163392352,0.010363471954442476,0.030173243055428754,0.03466694721886044,8
3,0.0,0.0,0.0,0.0,0
4,0.0,0.0,0.0,0.0,0
