,max,min,avg,median,count
0,0.11270758486862553,0.000939130272332725,0.03389662365241939,0.017966815102123973,11
1,0.11320263634720512,0.004726212503675079,0.04638517555975731,0.03391873324628088,15
2,0.2410562441309582,0.0019336781599976233,0.0662716143708168,0.0506757997890875,44
3,0.0,0.0,0.0,0.0,0
4,0.0,0.0,0.0,0.0,0
