,max,min,avg,median,count
0,0.12875536286741365,0.004649945930472796,0.04159783655437981,0.0405577621914668,15
1,0.09481244649713028,0.0062425833458741595,0.03370531399133851,0.024990338958128314,40
2,0.27571608340445536,6.262820481600388e-05,0.042216884384566354,0.031850016176942636,148
3,0.0,0.0,0.0,0.0,0
4,0.0,0.0,0.0,0.0,0
