,max,min,avg,median,count
0,0.08516063340525315,0.0007005059496151111,0.04485126468985358,0.045875791559855855,13
1,0.13520115241962172,0.002624499418153575,0.05468679682975656,0.05114749021653968,23
2,0.3123104012972061,0.0005005803076602824,0.044495933336682066,0.03202668981327593,72
3,0.0,0.0,0.0,0.0,0
4,0.0,0.0,0.0,0.0,0
