,max,min,avg,median,count
0,0.008518364800689593,0.008518364800689593,0.008518364800689593,0.008518364800689593,1
1,0.11567702472209986,0.0016459795273740146,0.04633538346041835,0.05204972672607123,26
2,0.16015931488713198,0.006205568232711147,0.06664134933145466,0.046926447954242854,9
3,0.0,0.0,0.0,0.0,0
4,0.0,0.0,0.0,0.0,0
