,max,min,avg,median,count
0,0.2093796222958536,0.002788799598779804,0.07619927077848974,0.07157000679203038,51
1,0.6408665806170264,0.00011024487397140399,0.04879601129052735,0.03805750646300262,403
2,0.1916808810607625,4.385663569273982e-05,0.04675125906843335,0.04375399070326612,106
3,0.0,0.0,0.0,0.0,0
4,0.0,0.0,0.0,0.0,0
