,max,min,avg,median,count
0,0.4454916206628793,0.00035057314349160295,0.08803420007806455,0.06645635333666211,66
1,0.18399784595628388,0.0002462940269058692,0.06104665100951382,0.05029434825805401,190
2,0.2552359860544795,8.729246953339413e-05,0.06370921661903077,0.05314704507526071,304
3,0.0,0.0,0.0,0.0,0
4,0.0,0.0,0.0,0.0,0
