,max,min,avg,median,count
0,0.06546616936243037,0.002451761723172027,0.025383545338792845,0.022836543858840513,5
1,0.07421615693992653,0.007705732513433136,0.03595988495275507,0.034738272018038086,12
2,0.13762759566184546,0.004012513806834133,0.04540842998279313,0.030002598569158982,14
3,0.0,0.0,0.0,0.0,0
4,0.0,0.0,0.0,0.0,0
