,max,min,avg,median,count
0,0.11584607287392017,0.01633430840474458,0.055033487666983676,0.04397678469463498,4
1,0.06598164384017632,0.0017179033742593804,0.019864367510760032,0.017704107408402114,7
2,0.130108918024094,0.005073224043648221,0.03905947560614742,0.026576781940475407,17
3,0.0,0.0,0.0,0.0,0
4,0.0,0.0,0.0,0.0,0
