,max,min,avg,median,count
0,0.11599060202610427,0.015639397851795096,0.05632343863407179,0.037340316024316006,3
1,0.13725866551397017,0.0019812277299308275,0.07408319408057734,0.07286016276407589,16
2,0.21028872937967963,0.003565854301345235,0.06871441958114373,0.05609967605256105,54
3,0.0,0.0,0.0,0.0,0
4,0.0,0.0,0.0,0.0,0
