,max,min,avg,median,count
0,0.15627743977261957,0.0031297708157747533,0.0633310833564704,0.06723894121365942,14
1,0.2042601488470197,0.0009860261344257126,0.05503586140020495,0.04069966659185925,54
2,0.1378112973915722,0.0010162453137132403,0.04974502131777835,0.045607709459719065,53
3,0.03395601652752698,0.03395601652752698,0.03395601652752698,0.03395601652752698,1
4,0.0,0.0,0.0,0.0,0
