,max,min,avg,median,count
0,0.030083883271427744,0.028366578170444395,0.02922523072093607,0.02922523072093607,2
1,0.09500531685015065,0.005184597803675509,0.043445854356042334,0.05337632943036938,7
2,0.6188909996056399,0.0011709509777389946,0.07314004083058455,0.04375525430010516,30
3,0.0,0.0,0.0,0.0,0
4,0.0,0.0,0.0,0.0,0
