,max,min,avg,median,count
0,0.0,0.0,0.0,0.0,0
1,0.15095875653550522,0.01500536417610707,0.0841187442609209,0.08639211207115041,3
2,0.2780845993125535,0.0010840430843439615,0.0721091350573678,0.05665332980887085,43
3,0.1490505394845038,0.002897746842967687,0.06805337458027272,0.062352455137502406,12
4,0.0,0.0,0.0,0.0,0
