,max,min,avg,median,count
0,0.05301620501310761,0.0009921075410311714,0.021715019023432237,0.012556344429942292,11
1,0.15247943662948937,0.00013958193356810523,0.03626023505338954,0.024850041040459292,30
2,0.20417875443119918,0.0007561106258494856,0.041425950241583256,0.03288798957285259,28
3,0.0,0.0,0.0,0.0,0
4,0.0,0.0,0.0,0.0,0
