,max,min,avg,median,count
0,0.1415174698354504,0.026786642843194906,0.08342846663288243,0.07592861202551857,5
1,0.21532154168777104,0.003277360200649666,0.08047369445413678,0.07907380101898745,11
2,0.3067360970158712,0.00030514521993637444,0.07541578172921036,0.062130390198773575,65
3,0.0,0.0,0.0,0.0,0
4,0.0,0.0,0.0,0.0,0
