,max,min,avg,median,count
0,0.04575931295646269,0.002061541999536043,0.031170620816940303,0.04569100749482218,3
1,0.05427947059622423,0.00566026796296737,0.03332637406230836,0.036682878845020916,4
2,0.1396146291905928,0.0003046523481369779,0.038296677306521906,0.030624412704228436,23
3,0.0,0.0,0.0,0.0,0
4,0.0,0.0,0.0,0.0,0
