,max,min,avg,median,count
0,0.06403210616632204,0.00614560386326684,0.03992099718010792,0.05890086393331618,5
1,0.12449736390636641,0.0034143120927473867,0.04917502684128502,0.03963748084162778,10
2,0.10165457063681524,0.0017851789014686436,0.03166284737196854,0.027834527684786472,15
3,0.0,0.0,0.0,0.0,0
4,0.0,0.0,0.0,0.0,0
