,max,min,avg,median,count
0,0.30706755318454604,0.0019387137175980091,0.05166316369398458,0.034655332172308664,20
1,0.2802556432460793,0.0004909170820850796,0.038764961707599556,0.027705296940710264,84
2,0.34084199727394254,0.0004400555028146413,0.036172298775975435,0.022782226094620783,125
3,0.0,0.0,0.0,0.0,0
4,0.0,0.0,0.0,0.0,0
