,max,min,avg,median,count
0,0.16468707776704639,2.6870836750398593e-05,0.02953407865737895,0.02469429319097557,91
1,0.22122631955402305,0.0005262441016616425,0.03268264740349081,0.026712499352718896,187
2,0.2237096206188457,0.00011907833715898709,0.03027831097508905,0.023885099309477027,291
3,0.0,0.0,0.0,0.0,0
4,0.0,0.0,0.0,0.0,0
