,max,min,avg,median,count
0,0.5683571971509449,0.0004873090872004284,0.09086784788094328,0.061344902747692706,71
1,0.26007377494689593,0.0006830483750163121,0.07764500216261691,0.05791591885153179,208
2,0.2564592664503463,0.0002958611424330339,0.05991734891539519,0.041863723210441,279
3,0.040080696680685035,0.013252199899873661,0.026666448290279348,0.026666448290279348,2
4,0.0,0.0,0.0,0.0,0
