,max,min,avg,median,count
0,0.06558765704673508,0.029630302518374424,0.05241095059116061,0.062014892208372335,3
1,0.08894689157996592,0.0018065575574697868,0.029590363054790916,0.03197281577252831,16
2,0.05522339913350008,0.0022067009173632707,0.025125495421548228,0.025430681339146402,8
3,0.0,0.0,0.0,0.0,0
4,0.0,0.0,0.0,0.0,0
