,max,min,avg,median,count
0,0.1144442738149671,0.0021378437898037462,0.032061345067829365,0.019796720316801582,56
1,0.19842695825153744,0.0006277688846526254,0.034356961729360994,0.02412020347835459,109
2,0.20167465056109715,2.6906172449135504e-05,0.032102583470874656,0.024163884176790208,291
3,0.030161985517220845,0.0006259408257311472,0.012841252594730502,0.015723391448738716,5
4,0.0,0.0,0.0,0.0,0
