,max,min,avg,median,count
0,0.6770959986159685,0.0004118581606013793,0.08320061363706964,0.05452003318814632,69
1,0.32090788279736726,0.0013188760742583441,0.07838596834717214,0.046687276379917084,160
2,0.25592467079087095,0.0001300353983635371,0.06223471576339763,0.04619315841770251,324
3,0.08726764541637538,0.0023710852889307805,0.02532621629946985,0.017008871070047178,8
4,0.0,0.0,0.0,0.0,0
