,max,min,avg,median,count
0,0.4109646876840677,0.0005678240665080329,0.11536586361117683,0.07077296453338144,54
1,0.3985489111296351,0.0003870635273269925,0.06810168423517192,0.05054811232799632,317
2,0.2868540816483885,9.487888184081659e-05,0.0645862379847368,0.044864245945841055,198
3,0.0,0.0,0.0,0.0,0
4,0.0,0.0,0.0,0.0,0
