,max,min,avg,median,count
0,0.0429093401364213,0.008451819102092509,0.029827031879444917,0.03397348413963293,4
1,0.16874177818732983,0.000658502002192844,0.0386733741580851,0.021876271066825596,30
2,0.23540296269172498,0.001842906682377162,0.050464882860368356,0.037687228047035434,55
3,0.012856417008202843,0.012856417008202843,0.012856417008202843,0.012856417008202843,1
4,0.0,0.0,0.0,0.0,0
