,max,min,avg,median,count
0,0.09917770933357259,0.004569792182926385,0.049035550716237476,0.06258489037484848,7
1,0.08411044630379218,0.002455788662785445,0.022004853791676188,0.014099767092587399,10
2,0.15721279069906752,0.0018262809106333018,0.03587834570937118,0.027762571095772647,34
3,0.0,0.0,0.0,0.0,0
4,0.0,0.0,0.0,0.0,0
