,max,min,avg,median,count
0,0.2035477918030289,0.0009955171186036564,0.0650782445369781,0.051810280835454386,9
1,0.1489618615567026,0.0010615696649434756,0.035796093449845204,0.02261051929945862,22
2,0.2051653808427575,0.00042500803684767513,0.051205304484688303,0.042149888545373305,78
3,0.06996940627546264,0.06996940627546264,0.06996940627546264,0.06996940627546264,1
4,0.0,0.0,0.0,0.0,0
