,max,min,avg,median,count
0,0.1107666568767774,9.392653321183804e-05,0.029704356191161244,0.019062063151417327,65
1,0.16895946883185012,0.00012343632224625414,0.028521935141572956,0.02206397030524314,293
2,0.25684338562515785,5.8869630170574734e-05,0.03285989267887043,0.028194881242982008,210
3,0.0,0.0,0.0,0.0,0
4,0.0,0.0,0.0,0.0,0
