,max,min,avg,median,count
0,0.07981657765621429,0.0014363558898187615,0.022554571196538222,0.00982604627234137,14
1,0.12879266514484122,0.0007840085729239703,0.035514889609694046,0.031424264256003906,50
2,0.14952959269634922,0.0013032937674620003,0.03939226944420766,0.03033690743406945,67
3,0.009467597653147551,0.009467597653147551,0.009467597653147551,0.009467597653147551,1
4,0.0,0.0,0.0,0.0,0
