,max,min,avg,median,count
0,0.2444648930765368,0.0022385744793385716,0.078520693564978,0.06314395708778676,48
1,0.28461788878521643,0.00038529974003716027,0.06507940643997155,0.05193926564428071,260
2,0.24185421416362235,0.00013616414168447517,0.0600892929170231,0.047439998150518796,263
3,0.006451792755606214,0.006451792755606214,0.006451792755606214,0.006451792755606214,1
4,0.0,0.0,0.0,0.0,0
