,max,min,avg,median,count
0,0.10326472909133709,8.089505146093647e-07,0.030533542589818156,0.025642084251669077,46
1,0.1462820901147669,0.0004307109987030457,0.0422196283316792,0.03883122114855776,235
2,0.42009628824161654,0.00010778828268490389,0.04795120484554867,0.03724089698331848,290
3,0.0,0.0,0.0,0.0,0
4,0.0,0.0,0.0,0.0,0
