,max,min,avg,median,count
0,0.19362149170683843,0.0020869731026977945,0.06043856413397028,0.049405874776840594,50
1,0.191213399864969,0.00012137526765334866,0.05501534824840085,0.047565459472067556,239
2,0.1972422721065407,0.00022974126856251543,0.04973746454664459,0.04188860978399648,280
3,0.049384877317088315,0.010432990252890557,0.029908933784989437,0.029908933784989437,2
4,0.0,0.0,0.0,0.0,0
