,max,min,avg,median,count
0,0.21612202475182632,0.023346018866518905,0.10540704616794891,0.08866200346056743,7
1,0.28487044760142616,0.0026266919286452688,0.09382365517522898,0.08536303709416378,13
2,0.27659310110660534,0.007281449474159102,0.13441826021622005,0.12047192312926894,22
3,0.0,0.0,0.0,0.0,0
4,0.0,0.0,0.0,0.0,0
