,max,min,avg,median,count
0,0.24790215476868183,0.0021378437898037462,0.047379234952253296,0.038387371548727525,70
1,0.1711854509232093,0.00013958193356810523,0.04684842602651911,0.04272716834395194,201
2,0.3732224802992096,0.0005193451494660778,0.03966865271668648,0.031563404639144824,294
3,0.039811482220170655,5.5475295519040465e-05,0.01684803353907634,0.010677143101539329,3
4,0.0,0.0,0.0,0.0,0
