,max,min,avg,median,count
0,0.2814105960072598,0.01569580555956779,0.0822087210116951,0.0595758557707787,10
1,0.27620636199959514,0.0015742044353941984,0.082222690963254,0.05767401952017088,31
2,0.16015931488713198,0.0001202604163226902,0.06075255878188959,0.06276756246133273,30
3,0.0,0.0,0.0,0.0,0
4,0.0,0.0,0.0,0.0,0
