,max,min,avg,median,count
0,0.09958892993270514,0.00012531478899970104,0.02948337000545163,0.016523381070092935,38
1,0.10320954994350694,3.850637226496815e-05,0.032396262312208775,0.02645349545889581,138
2,0.1420590587256907,0.003588111636989569,0.027008887009283146,0.021998621128521672,37
3,0.0,0.0,0.0,0.0,0
4,0.0,0.0,0.0,0.0,0
