,max,min,avg,median,count
0,0.15790007991241817,0.0006084811808123258,0.0663132168144832,0.06456426609008749,8
1,0.11840494259503301,0.02291806031645798,0.08102001688632066,0.09765292208368075,5
2,0.5111305637514809,0.0020955733008723894,0.11136353489740124,0.1027565949685383,47
3,0.0,0.0,0.0,0.0,0
4,0.0,0.0,0.0,0.0,0
