,max,min,avg,median,count
0,0.09542603403603599,0.00043701426228213964,0.029480629902545002,0.02821632031578594,85
1,0.18390980692248146,0.00023818774084026137,0.0305841749516623,0.024861975789142954,181
2,0.14071415467685577,3.9937318625263896e-05,0.029312778997487243,0.020921658375095287,273
3,0.0,0.0,0.0,0.0,0
4,0.0,0.0,0.0,0.0,0
