,max,min,avg,median,count
0,0.042437231391722355,0.004105402675656946,0.02341538144363199,0.02023335732695233,9
1,0.13240185321719322,0.0019812277299308275,0.04428274721876903,0.03184276349044236,11
2,0.20025078193733906,0.00014480706295645014,0.038228666549359205,0.024163382713269538,86
3,0.11787065635534397,0.014514593202825029,0.041145929798673514,0.02141822931671093,5
4,0.0,0.0,0.0,0.0,0
