,max,min,avg,median,count
0,0.07305690002943155,0.038238423790569014,0.05351209648415977,0.04924096563247875,3
1,0.04280169887730141,0.008428627154770541,0.022065200450512606,0.021209768889882824,6
2,0.04956048898706206,0.0019438841206951196,0.02127048263556633,0.01367504879097729,12
3,0.0,0.0,0.0,0.0,0
4,0.0,0.0,0.0,0.0,0
