,max,min,avg,median,count
0,0.17408507089621678,0.002000881314862718,0.0760725772580619,0.07414236909906625,15
1,0.11442546828697296,0.00047251482315202543,0.043946126943743315,0.04469949361384377,25
2,0.2047274554823949,0.00018643547594866466,0.04655397698781988,0.037205224310626714,540
3,0.0,0.0,0.0,0.0,0
4,0.0,0.0,0.0,0.0,0
