,max,min,avg,median,count
0,0.04629723623818153,0.009255040276861215,0.026488191302217145,0.02391229739160869,3
1,0.16001822300324933,0.004777700566933363,0.041407730282708034,0.02793763524612081,14
2,0.05451622129506169,0.04277879849231264,0.048647509893687164,0.048647509893687164,2
3,0.0,0.0,0.0,0.0,0
4,0.0,0.0,0.0,0.0,0
