,max,min,avg,median,count
0,0.07485393682792996,0.0031690271768796806,0.024825091404722634,0.010638700807040451,4
1,0.0672528357170357,0.0024296794862934223,0.03241858625276619,0.02729302054188852,6
2,0.1222077599414263,0.0034508387993081504,0.0595717998213811,0.058842088803504194,20
3,0.0,0.0,0.0,0.0,0
4,0.0,0.0,0.0,0.0,0
