,max,min,avg,median,count
0,0.29915479225837843,0.015814460216179483,0.1170441415416582,0.11145063262047672,7
1,0.20409832198420277,0.004528681961713915,0.09074567488370766,0.08307615573402584,23
2,0.25825423022233646,0.002039235552254198,0.09110982354142654,0.06198898540759891,10
3,0.0,0.0,0.0,0.0,0
4,0.0,0.0,0.0,0.0,0
