,max,min,avg,median,count
0,0.32417244182262606,0.040232261492231775,0.14549699879972305,0.11154398014832728,10
1,0.20423031844026396,0.015187914505122198,0.0954183218806351,0.09434887381541503,14
2,0.28751510690554505,0.002704801538272808,0.08291069155025728,0.06762256095747562,34
3,0.0,0.0,0.0,0.0,0
4,0.0,0.0,0.0,0.0,0
