,max,min,avg,median,count
0,0.18241850056118072,0.0005332049956919979,0.06676203933497979,0.06732546619506548,67
1,0.23647020172996058,0.0004427457164586425,0.051166354311206426,0.045902473101707496,125
2,0.3312548450265403,5.058444151986514e-05,0.0501178602847052,0.04115121506940772,389
3,0.0,0.0,0.0,0.0,0
4,0.0,0.0,0.0,0.0,0
