,max,min,avg,median,count
0,0.27563418292804576,0.00033219328691942186,0.049773512375811756,0.038630909458323114,69
1,0.5378056642627588,0.0002593334289760481,0.04542380416300395,0.028791689817302835,224
2,0.2798308874806621,1.5262000335908748e-05,0.037538004742157065,0.029086946119763025,291
3,0.0,0.0,0.0,0.0,0
4,0.0,0.0,0.0,0.0,0
