,max,min,avg,median,count
0,0.28503979568419036,0.000974638748380571,0.06898129126138536,0.06394041318339952,46
1,0.412680239550148,0.0002582409424651188,0.07020479799822127,0.04631263464604142,256
2,0.309817811117789,0.00019315877686683643,0.07292625604323018,0.05235201334865081,279
3,0.0,0.0,0.0,0.0,0
4,0.0,0.0,0.0,0.0,0
