,max,min,avg,median,count
0,0.3979227337431755,0.0013759643019655664,0.07691539917640285,0.05007965975328845,71
1,0.3547800271764448,9.498788836989855e-05,0.07277113637219754,0.05064163739945338,242
2,0.2554012231255869,0.00012875819921927503,0.05384280827631513,0.040271672362561,270
3,0.0,0.0,0.0,0.0,0
4,0.0,0.0,0.0,0.0,0
