,max,min,avg,median,count
0,0.11855602074693201,4.310014521662692e-05,0.029919899970408226,0.018986016485678124,10
1,0.07805076791658869,0.0038338127904608815,0.030435191633283166,0.024382276215664203,15
2,0.1508587521313564,0.00022960190466649996,0.0505715963091357,0.040002586002131885,52
3,0.0,0.0,0.0,0.0,0
4,0.0,0.0,0.0,0.0,0
