,max,min,avg,median,count
0,0.2639379549407474,0.18877875766895047,0.22355023964106416,0.21793400631349466,3
1,0.8809019415434057,0.027184354690599394,0.29946236969229123,0.14488159126757988,4
2,0.6500052564556029,7.53892528206964e-18,0.21612211071595672,0.19793103889052824,15
3,0.0,0.0,0.0,0.0,0
4,0.0,0.0,0.0,0.0,0
