,max,min,avg,median,count
0,0.08396275456301405,0.0108506668655232,0.046587718751580236,0.04224491639488996,7
1,0.11603316511097833,0.0010427923264646696,0.04526535563205937,0.03667970596224405,11
2,0.18661388240041102,0.007493163546413452,0.04147702183223089,0.017301585544597684,11
3,0.0,0.0,0.0,0.0,0
4,0.0,0.0,0.0,0.0,0
