,max,min,avg,median,count
0,0.22513138272195715,0.0004835355977532735,0.03300256959224802,0.026735436775325125,94
1,0.16892368978079736,0.0003848603029297193,0.030942842749403503,0.022721136435650487,133
2,0.2498051320783909,0.00015415607754205187,0.03223021012720976,0.025264126105481018,359
3,0.0,0.0,0.0,0.0,0
4,0.0,0.0,0.0,0.0,0
