,max,min,avg,median,count
0,0.18431744138288028,0.0013585321098441426,0.044475843614221806,0.036993300039038154,84
1,0.11978056676777506,0.00020064833997834237,0.037409530442378616,0.031122579251637285,196
2,0.15468748765513599,2.21490848457744e-05,0.04289869603903697,0.03482098151810489,250
3,0.0,0.0,0.0,0.0,0
4,0.0,0.0,0.0,0.0,0
