,max,min,avg,median,count
0,0.12400248955721839,0.0006353685637201656,0.041403738303825786,0.03227478760484596,42
1,0.1450631529131621,0.0002971613360795453,0.03223561585493757,0.02414158541116118,164
2,0.19445375884571278,3.1902115070311976e-05,0.0370029982323775,0.02913815819453614,349
3,0.0,0.0,0.0,0.0,0
4,0.0,0.0,0.0,0.0,0
