,max,min,avg,median,count
0,0.08271301149105859,0.0038500902527886537,0.054077576499795846,0.06487360212766807,4
1,0.06474749426852668,0.004865720267522421,0.02621737208815053,0.01746307213912711,8
2,0.072250752797128,0.0023583033571437082,0.029025630511741934,0.029130221381676303,14
3,0.0,0.0,0.0,0.0,0
4,0.0,0.0,0.0,0.0,0
