,max,min,avg,median,count
0,0.10173509918840322,0.0009296835524498227,0.02953631814086081,0.024575270062761587,59
1,0.11211541155093181,0.0003967700920716992,0.030715105083533187,0.026335866998008457,220
2,0.15226109783975791,1.1688019607554225e-18,0.031880748644661686,0.025223796605869268,226
3,0.0,0.0,0.0,0.0,0
4,0.0,0.0,0.0,0.0,0
