,max,min,avg,median,count
0,0.5401978301867723,0.003775242256309207,0.1741120734240225,0.10854438369624714,12
1,0.5325808975970651,0.0007978266704562173,0.0988801770569076,0.05804017635203869,22
2,0.21770901564464445,0.0008385023090010836,0.053018988688836505,0.0415960462190533,78
3,0.05528043792010098,0.04568837504437071,0.050484406482235844,0.050484406482235844,2
4,0.0,0.0,0.0,0.0,0
