,max,min,avg,median,count
0,0.1432247461207652,0.0025546826054206264,0.03763132876298005,0.035226317406597124,22
1,0.18527863811908687,0.00039289747691283514,0.03608133181839251,0.028469814822519857,143
2,0.26529397282502093,4.635216649833648e-05,0.03639428216890188,0.02975923069873869,418
3,0.16708993155429358,0.02398189506213118,0.09553591330821237,0.09553591330821237,2
4,0.0,0.0,0.0,0.0,0
