,max,min,avg,median,count
0,0.04578302969251749,0.029986546332457516,0.0378847880124875,0.0378847880124875,2
1,0.08757775774627612,0.08692837447037496,0.08725306610832553,0.08725306610832553,2
2,0.16658847249047215,0.0030791043801841004,0.04831443065444307,0.050881663244947785,13
3,0.0,0.0,0.0,0.0,0
4,0.0,0.0,0.0,0.0,0
