,max,min,avg,median,count
0,0.19854134678510216,0.0003269317968824556,0.05182911225610869,0.04578302969251749,71
1,0.19319743791196414,0.0012415384532306918,0.05512420755535001,0.045873642446108934,258
2,0.21770901564464445,2.0636072992880468e-05,0.05023603041937563,0.03761616538162706,259
3,0.0,0.0,0.0,0.0,0
4,0.0,0.0,0.0,0.0,0
