,max,min,avg,median,count
0,0.6554946394243619,0.0029954059817164785,0.1618561012104239,0.09765445788535625,53
1,0.5582242036220769,0.0001762055227084258,0.07554142329171618,0.05507098654958887,236
2,0.395640719163794,2.4432399146205314e-05,0.07110351479781798,0.048548077120928027,294
3,0.17560499082744907,0.00541672557148326,0.07606076897351459,0.047160590521611444,3
4,0.0,0.0,0.0,0.0,0
