,max,min,avg,median,count
0,0.13167910505072405,4.652016077491893e-05,0.04376870115707364,0.037340316024316006,63
1,0.24360598688582788,0.0006048895392190928,0.037214187328307634,0.031462433831965335,245
2,0.16882330364547427,0.00010897691456051903,0.03454148584363414,0.026237853921137925,280
3,0.0,0.0,0.0,0.0,0
4,0.0,0.0,0.0,0.0,0
