,max,min,avg,median,count
0,0.3246086889835835,4.22394217907442e-05,0.05287079417738454,0.03772856859451987,104
1,0.2559888524809809,0.0002593423591441943,0.04525365532362861,0.03704895702118867,329
2,0.15823260676355638,0.000840113929443345,0.03827218753962761,0.03174259462008351,156
3,0.0,0.0,0.0,0.0,0
4,0.0,0.0,0.0,0.0,0
