,max,min,avg,median,count
0,0.20387681900416624,0.0005700284180389285,0.06295615372341473,0.05174409499553621,38
1,0.21597607190314744,0.0030515755341518846,0.04848853637501542,0.028530955583487803,66
2,0.2747726556170189,0.0005602971675103888,0.05425264290356367,0.04580023445265094,67
3,0.0,0.0,0.0,0.0,0
4,0.0,0.0,0.0,0.0,0
