,max,min,avg,median,count
0,0.06397378752642391,0.030083883271427744,0.04702883539892583,0.04702883539892583,2
1,0.18045422432469388,0.0006049725599785835,0.07790042233770257,0.06221611330503399,6
2,0.595894280153897,0.0037415174838578,0.08488137724796326,0.05379590804380626,42
3,0.0,0.0,0.0,0.0,0
4,0.0,0.0,0.0,0.0,0
