,max,min,avg,median,count
0,0.5709932542840165,0.0006201398693489782,0.09935831580360939,0.06760036405953532,71
1,0.5582242036220769,0.0009925923640136515,0.09999403923381309,0.07634132397009405,157
2,0.30295321524813373,0.00013752889697381943,0.06891392476516373,0.05154234255086733,349
3,0.13944937134614538,0.0014321463849717277,0.04444563160841574,0.029499973080293132,10
4,0.0,0.0,0.0,0.0,0
