,max,min,avg,median,count
0,0.6554946394243619,0.0007035004086428538,0.15067573241446935,0.09118177103668496,54
1,0.5031459856748932,0.0013091578623700769,0.06921472207320123,0.04911594896080859,235
2,0.33648119441319224,0.00028776057334050346,0.06506150590951246,0.04723612572652814,295
3,0.09077111332473492,0.012889426105827528,0.044553807046134264,0.030000881707840342,3
4,0.0,0.0,0.0,0.0,0
