,max,min,avg,median,count
0,0.555970979328397,0.0007244360613504677,0.09329567814210213,0.06133329624823051,71
1,0.5325808975970651,3.850637226496815e-05,0.09067836112638367,0.05940126874851963,156
2,0.29661935977715875,6.393580472779547e-05,0.0676614324958403,0.049810188578876494,350
3,0.16962815341792506,0.0047244222192066474,0.05603404808811725,0.04006013939219348,10
4,0.0,0.0,0.0,0.0,0
