,max,min,avg,median,count
0,0.09030884417002173,0.0006755306442762877,0.04909274447780983,0.047446698907542426,8
1,0.18020796163310096,0.003818861700044822,0.06328280857898311,0.034560147110295494,5
2,0.5216437607666407,0.003379541440200846,0.07582994115021487,0.04074186556603683,28
3,0.0,0.0,0.0,0.0,0
4,0.0,0.0,0.0,0.0,0
