,max,min,avg,median,count
0,0.0984261024704418,0.0008784809347744095,0.029093895434120106,0.021173385862323608,14
1,0.35395652754177037,0.001835091860359317,0.056280448303897196,0.03184276349044236,23
2,0.1599156056359879,7.769934720559884e-05,0.05248038976245441,0.04855841058648928,75
3,0.09973314970192892,0.0028740098712529446,0.033754267840859255,0.015050294532400938,6
4,0.0,0.0,0.0,0.0,0
