,max,min,avg,median,count
0,0.17295802295320836,0.00038206352216152125,0.056279142180200706,0.03819971736042123,14
1,0.10396562262769907,0.00593317082360696,0.039118685211712564,0.02651664551440458,20
2,0.3186593484981122,0.0004011742899492778,0.05645354218919596,0.049251737919941266,40
3,0.0,0.0,0.0,0.0,0
4,0.0,0.0,0.0,0.0,0
