,max,min,avg,median,count
0,0.13485623261003812,0.0011920718117746348,0.05908706987699264,0.039349300393327694,45
1,0.036936194695996336,0.01845128490400691,0.026141890459364558,0.02691747799689191,179
2,0.2411639434260809,0.010235095821209248,0.15442955831909516,0.15577814785183927,32
3,0.0,0.0,0.0,0.0,0
4,0.0,0.0,0.0,0.0,0
