,max,min,avg,median,count
0,0.10977887003303041,0.012375091064892358,0.0618909090086525,0.06725656916761948,34
1,0.012622788408278424,0.0034010200688053688,0.008744911229246638,0.009092276164910054,91
2,0.016548448280059715,0.002374293436441902,0.009243104657504933,0.009570232815686643,147
3,0.0,0.0,0.0,0.0,0
4,0.0,0.0,0.0,0.0,0
