,max,min,avg,median,count
0,0.02938554099092528,0.007080484605079768,0.0178354959649204,0.016381711265869965,49
1,0.03556880834137827,0.0037561461692754514,0.017062330445881034,0.01582023589529555,89
2,0.01150462330067997,0.007587315517044991,0.00953145910039215,0.00960924517795717,134
3,0.0,0.0,0.0,0.0,0
4,0.0,0.0,0.0,0.0,0
