,max,min,avg,median,count
0,0.3194115386556223,0.015472951816302644,0.1491509116217352,0.1471634422517942,24
1,0.13601659294294913,0.00032513033309922656,0.07418520966180833,0.08256325699298087,84
2,0.0322051863428315,0.003649967370752169,0.01692025806219971,0.0157188171629443,166
3,0.0,0.0,0.0,0.0,0
4,0.0,0.0,0.0,0.0,0
