,max,min,avg,median,count
0,0.09054353827252966,0.015705107403233706,0.05228449495717312,0.034228631306508654,28
1,0.07932472741655583,0.006581266905262815,0.04463161943002013,0.05828531153893688,92
2,0.02026243125122873,0.00862810093758742,0.014169349165787604,0.013885893930904114,137
3,0.0,0.0,0.0,0.0,0
4,0.0,0.0,0.0,0.0,0
