,max,min,avg,median,count
0,0.2871274459270927,0.03735236327466894,0.19870581283351296,0.22850094334796794,22
1,0.11421778214176004,0.0031645065077758406,0.07535959912626022,0.07783004408699055,68
2,0.04095108104245388,0.003600169132613933,0.01999210316393254,0.023771439021532375,164
3,0.8353259835055652,0.5140029192299618,0.6746644513677635,0.6746644513677635,2
4,0.0,0.0,0.0,0.0,0
