,max,min,avg,median,count
0,0.0335889624089016,0.0033574558849634936,0.021386770686579626,0.022816050396641873,36
1,0.012252353045091171,0.0024881764641870928,0.006528763393331183,0.004512069009233735,68
2,0.01245387160042574,0.0037917477811046335,0.007638869361460308,0.007864374747244557,159
3,0.0,0.0,0.0,0.0,0
4,0.0,0.0,0.0,0.0,0
