,max,min,avg,median,count
0,0.23497782764265626,0.012862469228839308,0.15210572351526033,0.1758505249821478,27
1,0.05824984858810837,0.00034211020508057504,0.029924748650405703,0.03486006267939607,112
2,0.06700288322854867,0.007477659889249295,0.04026011431475139,0.053662779814327814,116
3,0.7617987932437361,0.35834254676186295,0.5600706700027995,0.5600706700027995,2
4,0.0,0.0,0.0,0.0,0
