,max,min,avg,median,count
0,0.10862758329855758,0.018449986929954164,0.0633884984930272,0.05879367421684449,44
1,0.03974909483617981,0.006475672421226651,0.023842679649597694,0.02577392097511544,128
2,0.03787266049151759,0.002906446661730671,0.023878064141074126,0.03153963212183185,87
3,0.0,0.0,0.0,0.0,0
4,0.0,0.0,0.0,0.0,0
