,max,min,avg,median,count
0,0.04916441838449901,9.723518973311117e-05,0.024884974795993407,0.021873477198304053,43
1,0.03223720866444508,0.0022935767923693466,0.015261036645893778,0.01607357693002096,117
2,0.025993252483600023,0.005520833193269165,0.013894706600627638,0.009090011726590266,99
3,0.0,0.0,0.0,0.0,0
4,0.0,0.0,0.0,0.0,0
