,max,min,avg,median,count
0,0.22531764657359488,0.0888677774759799,0.1579081870878471,0.17389210880086567,36
1,0.04794838710609546,0.005384608359761519,0.03593320711920315,0.045461615591944005,203
2,0.354248142738585,0.037290191662979845,0.2643822427630572,0.3391195844143981,17
3,0.0,0.0,0.0,0.0,0
4,0.0,0.0,0.0,0.0,0
