,max,min,avg,median,count
0,0.06434937134893284,0.01562480875196011,0.04387971749928639,0.052900518693456265,52
1,0.045451413307790754,0.005523501355837722,0.028048908751874706,0.025604317191824884,93
2,0.027796780505853793,0.00494344064129432,0.016080277021394394,0.014489315355110478,243
3,0.0,0.0,0.0,0.0,0
4,0.0,0.0,0.0,0.0,0
