,max,min,avg,median,count
0,0.11716449573952695,0.01609680507893422,0.05595809679518373,0.06017478104454569,40
1,0.059186048370384645,0.01067575952458062,0.03841268393096216,0.05306639049985799,94
2,0.041685654150949644,0.0023558655962066465,0.024258769831450838,0.02784879322530737,124
3,0.4061962028745401,0.4061962028745401,0.4061962028745401,0.4061962028745401,1
4,0.0,0.0,0.0,0.0,0
