,max,min,avg,median,count
0,0.0642446158785533,0.02293223789022308,0.050969833600336766,0.05679839665778538,42
1,0.07658494897047945,0.003583926525000805,0.03639667097559622,0.023078877872879235,63
2,0.03715102327289585,0.014968520865096119,0.022229996712924867,0.019341351877278565,152
3,0.0,0.0,0.0,0.0,0
4,0.0,0.0,0.0,0.0,0
