,max,min,avg,median,count
0,0.15454181445106824,0.02295846956150955,0.11363287342576193,0.1355752724987843,42
1,0.038413446194875266,0.0012649499570454093,0.015958261495427794,0.0067291975658168406,65
2,0.013967771663684908,0.001967240472547344,0.006061197003919013,0.005790537257311074,153
3,0.0,0.0,0.0,0.0,0
4,0.0,0.0,0.0,0.0,0
