,max,min,avg,median,count
0,0.09098886675073874,0.05149331477294628,0.07096690223196093,0.06743927448196443,46
1,0.02371990759235895,0.0019403560614034716,0.017007378631468784,0.0193548561731322,155
2,0.1455535938583298,0.01350626958503082,0.08967288680984434,0.10263345944968674,73
3,0.0,0.0,0.0,0.0,0
4,0.0,0.0,0.0,0.0,0
