,max,min,avg,median,count
0,0.15081330336957433,0.0011087806415510538,0.07503494389218275,0.06858848365918696,30
1,0.03549885585502676,0.008594520118265957,0.025260799783823458,0.030222799203050838,78
2,0.021233289246134976,0.0025108103557569214,0.013761493353175067,0.017283552333193605,169
3,0.0,0.0,0.0,0.0,0
4,0.0,0.0,0.0,0.0,0
