,max,min,avg,median,count
0,0.09157122786867815,0.04217500897453556,0.06054262109559155,0.044091925120163154,39
1,0.10552001332629202,0.0007018532224223843,0.0468459460712761,0.03733338285279227,73
2,0.022787500822595154,0.005937309731545205,0.012953954239071997,0.008881202193765168,169
3,0.0,0.0,0.0,0.0,0
4,0.0,0.0,0.0,0.0,0
