,max,min,avg,median,count
0,0.14081103073586634,0.03487167924108254,0.08255607082428149,0.08027707188316743,33
1,0.04638084211099279,0.010341770676180076,0.024022064815417944,0.011673905678959732,84
2,0.03393171580172789,0.014576078146965571,0.02586145899043421,0.030459762095270113,171
3,0.0,0.0,0.0,0.0,0
4,0.0,0.0,0.0,0.0,0
