,max,min,avg,median,count
0,0.06704446112362494,0.011346335260465622,0.04046190069875527,0.04000417089611572,42
1,0.11627943967604898,0.021298236393185656,0.07011483041541919,0.07794402214597966,86
2,0.04461227084355053,0.009714362096327882,0.02547882401399688,0.02015585032003047,145
3,0.8757182644979982,0.49543703392394955,0.6855776492109739,0.6855776492109739,2
4,0.0,0.0,0.0,0.0,0
