,max,min,avg,median,count
0,0.24541351983313806,0.03074428715804466,0.12377480427986812,0.07758540357443608,26
1,0.05111898976658169,0.0014998801579270652,0.024809146868901823,0.013893953348002246,98
2,0.039973145183097386,0.001067467365271328,0.017719949352424123,0.016165405139176244,133
3,0.0,0.0,0.0,0.0,0
4,0.0,0.0,0.0,0.0,0
