,max,min,avg,median,count
0,0.16724700213764998,0.010624175972699941,0.10521697887254067,0.11165759084040237,8
1,0.015000090793544361,0.00777508699937338,0.0119109628671156,0.0125357377262016,76
2,0.0036403427232798917,0.0020291656443601,0.0030727982414545476,0.0032043884307969635,202
3,0.41669209190988504,0.15283545203300603,0.28476377197144553,0.28476377197144553,2
4,0.0,0.0,0.0,0.0,0
