,max,min,avg,median,count
0,0.013088769978899888,0.0007264259994220944,0.0076976833767154005,0.009657623562186678,50
1,0.005133914670681217,0.0012843711810609046,0.003795637087322125,0.0041745250801247785,78
2,0.007183074950152997,0.003038994880650179,0.004815258793028757,0.004460973451667822,188
3,0.1623403175643665,0.005426791142421776,0.07995568652555363,0.05929850758087704,6
4,0.0,0.0,0.0,0.0,0
