,max,min,avg,median,count
0,0.12108451359547497,0.005022958716942989,0.04714811227200036,0.035273939113673214,40
1,0.04125829466610656,0.004118240849571297,0.016523822132955418,0.008979752100589973,73
2,0.026278202010490394,0.002468739055570086,0.01601347769003626,0.021860442487732838,153
3,0.39142469757570186,0.10282691439050733,0.24993057553692796,0.2555401146445747,3
4,0.0,0.0,0.0,0.0,0
