,max,min,avg,median,count
0,0.04072280659003391,0.007317414601934464,0.0264182319423805,0.03718750461590701,39
1,0.027539409560499634,0.0063276970508326915,0.01654424545714698,0.017156162436336227,100
2,0.018868628201421652,0.0013244063602638801,0.009216528735572837,0.009135672282449376,125
3,0.7234901665389918,0.07704388656089431,0.40026702654994306,0.40026702654994306,2
4,0.0,0.0,0.0,0.0,0
