,max,min,avg,median,count
0,0.06758026204069216,0.005250458764692751,0.0279091981884498,0.021905001899536293,38
1,0.01900853920287376,0.0007287641567758103,0.011052088396900292,0.010904473663467402,84
2,0.0031025817826958245,0.0020272806755259054,0.0026350400180435805,0.002745589724562901,136
3,0.0,0.0,0.0,0.0,0
4,0.0,0.0,0.0,0.0,0
