,max,min,avg,median,count
0,0.04108256351711742,0.0029937349840179184,0.019592923429710994,0.007467756612301929,45
1,0.08578545249503575,0.009272668436429803,0.05730124373642409,0.07105779711111657,63
2,0.06107917532788445,0.004864279628457431,0.03121868760282511,0.03304453488677442,146
3,0.0,0.0,0.0,0.0,0
4,0.0,0.0,0.0,0.0,0
