,max,min,avg,median,count
0,0.2527286439290372,0.03624729775700481,0.19172368552035235,0.21837256487950504,35
1,0.08487871390579049,0.031320566294976655,0.05736534298397562,0.06100686337978266,76
2,0.02083521325399372,0.01029519413382946,0.014309642273592807,0.014009816409435742,305
3,0.0,0.0,0.0,0.0,0
4,0.0,0.0,0.0,0.0,0
