,max,min,avg,median,count
0,0.05767599708917009,0.01909242542458005,0.033823064991913086,0.031934156379791544,58
1,0.08397253956012873,0.014946711100674324,0.042083661669012964,0.030047436058655543,87
2,0.021516116621343388,0.0011128609028373873,0.008842406798823593,0.007146441294100244,251
3,0.0,0.0,0.0,0.0,0
4,0.0,0.0,0.0,0.0,0
