,max,min,avg,median,count
0,0.22699740643878774,0.042802390955824915,0.12919427947791737,0.1463610514095027,21
1,0.1975031309008459,0.10948875638452885,0.1498365307321657,0.16171463871289707,43
2,0.046820185023778375,0.00792790406240962,0.029025807036954926,0.03469589319807487,199
3,0.0,0.0,0.0,0.0,0
4,0.0,0.0,0.0,0.0,0
