,max,min,avg,median,count
0,0.12497815678775206,0.005250069272690367,0.05940075415561048,0.04211401389629293,22
1,0.03141156069615183,0.0038984418592483807,0.019683826021751345,0.02575891261714562,99
2,0.00737812519812115,0.003897151194991941,0.005984047477071997,0.0060611971617745035,138
3,0.0,0.0,0.0,0.0,0
4,0.0,0.0,0.0,0.0,0
