,max,min,avg,median,count
0,0.19210659715925152,0.021755014973009024,0.07764867604230663,0.056002340718178285,76
1,0.06346717120656693,0.0008245839042461742,0.04085358449923402,0.04616949674346734,108
2,0.09284766908852594,0.006235281647096236,0.056829240862635466,0.07466716953311955,347
3,0.0,0.0,0.0,0.0,0
4,0.0,0.0,0.0,0.0,0
