,max,min,avg,median,count
0,0.22545840618287236,0.0010671593118034954,0.11482769937263655,0.10056888340985919,35
1,0.07395417975371721,0.011546850173262796,0.033385481850366924,0.03335473907530558,66
2,0.020100991654117068,0.002286987200232682,0.011566514098418199,0.014949909870183896,159
3,0.0,0.0,0.0,0.0,0
4,0.0,0.0,0.0,0.0,0
