,max,min,avg,median,count
0,0.11985799606238971,0.035216230098693665,0.06412833045724724,0.059696093960288174,42
1,0.09487273732236343,0.00823378123003487,0.03514323934325221,0.02728004573277235,129
2,0.04141919425683405,0.017305337139357363,0.0255147663749013,0.020159732789337713,150
3,0.0,0.0,0.0,0.0,0
4,0.0,0.0,0.0,0.0,0
