,max,min,avg,median,count
0,0.33452663404232735,0.1524343977549184,0.24779498763932845,0.24857867943283277,27
1,0.04316795195808729,0.008662784987713824,0.02906448317453107,0.03927573773092823,110
2,0.09304713497868405,0.0005636829597631375,0.03990030819901116,0.008952508852849745,124
3,0.0,0.0,0.0,0.0,0
4,0.0,0.0,0.0,0.0,0
