,max,min,avg,median,count
0,0.1144916364559038,0.027337822646712695,0.07065298835538678,0.08586616025421177,44
1,0.12666354254378231,0.02881181488511156,0.08987547589203719,0.11727469518069622,65
2,0.06013554590072275,0.014412190598696514,0.03657018060485623,0.030734982479718526,151
3,0.0,0.0,0.0,0.0,0
4,0.0,0.0,0.0,0.0,0
