,max,min,avg,median,count
0,0.13839048983358662,0.020109065567331507,0.07247921840477609,0.04690128914732462,25
1,0.018723004016600698,0.0034650213115885193,0.008738938602164898,0.006457200989187042,150
2,0.0544564581054441,0.011533635596078872,0.03211396248551155,0.021638827079332353,90
3,0.0,0.0,0.0,0.0,0
4,0.0,0.0,0.0,0.0,0
