,max,min,avg,median,count
0,0.23790324267503793,0.11108610318368344,0.193908002068172,0.20910053667263115,24
1,0.07123788859570959,0.0023542981467754875,0.03522158766007769,0.03492026582542034,100
2,0.09483777409998972,0.0423208447706616,0.06099530389279997,0.052506553480018335,134
3,0.0,0.0,0.0,0.0,0
4,0.0,0.0,0.0,0.0,0
