,max,min,avg,median,count
0,0.1298419425197929,0.01517126689146054,0.06782612039084994,0.044846708429587046,47
1,0.03629019165091586,5.0403509019444926e-05,0.02345879999060879,0.029668082157741013,115
2,0.011756984238505162,0.0006633495938850048,0.007074763373159232,0.008480069724969716,209
3,0.0,0.0,0.0,0.0,0
4,0.0,0.0,0.0,0.0,0
