,max,min,avg,median,count
0,0.2854194277859007,0.1581863505976384,0.2121580988226838,0.1974083592549619,30
1,0.08484471087107745,0.02421364010180608,0.04322252208359984,0.030694390438399076,62
2,0.029223183269777648,0.0028490145790151483,0.017965521758257132,0.01776320899237637,277
3,0.0,0.0,0.0,0.0,0
4,0.0,0.0,0.0,0.0,0
