,max,min,avg,median,count
0,0.034988836952156446,0.007008747439761452,0.022081544799817058,0.02146271057527548,35
1,0.01694030124670994,0.005858357054613584,0.013341585978777012,0.014555074469202636,81
2,0.006109093169064585,0.0010133599288343043,0.003035631945898333,0.0025233246529315577,160
3,0.0,0.0,0.0,0.0,0
4,0.0,0.0,0.0,0.0,0
