,max,min,avg,median,count
0,0.17662374587668822,0.027261026064510432,0.09887854871713772,0.10981920800307504,45
1,0.06005472765064263,0.033109185881336434,0.041004115621504245,0.03702578835957786,95
2,0.03482690089599955,0.008915390552618977,0.017456717159697887,0.015797899790904367,131
3,0.0,0.0,0.0,0.0,0
4,0.0,0.0,0.0,0.0,0
