,max,min,avg,median,count
0,0.02055811555585206,0.0022261855152145593,0.012239771143843588,0.01683779046064509,45
1,0.034603069966585596,0.0001758934104845334,0.022143902301746426,0.027002841513877354,73
2,0.031715019132883944,0.010623577465654021,0.02305464404447976,0.02179994842449306,149
3,0.0,0.0,0.0,0.0,0
4,0.0,0.0,0.0,0.0,0
