,max,min,avg,median,count
0,0.10777668495267179,0.03956943152242285,0.08365826095435286,0.09752143393999137,44
1,0.1158347017137857,0.011313662873045194,0.07572069593285366,0.0789606059164266,67
2,0.008859928268535324,0.0005721666790787105,0.004171387693593499,0.003615931840824117,152
3,0.0,0.0,0.0,0.0,0
4,0.0,0.0,0.0,0.0,0
