,max,min,avg,median,count
0,0.19715732021047555,0.0035991477518193277,0.10947346564222035,0.1453179996526411,23
1,0.05752826895694983,0.00698631716912059,0.026816873770999873,0.0264530169763509,106
2,0.06544819628180797,0.0038754048293609864,0.03720063194122218,0.03552827976962731,126
3,0.0,0.0,0.0,0.0,0
4,0.0,0.0,0.0,0.0,0
