,max,min,avg,median,count
0,0.12288539974991745,0.020552737103265276,0.08035679705051914,0.09678000809356475,42
1,0.10510490125293316,0.0010477100407648371,0.047594821612456095,0.024226503663214886,67
2,0.023679110991132974,0.0020115093300240128,0.015109736250466544,0.01647711676539897,150
3,0.0,0.0,0.0,0.0,0
4,0.0,0.0,0.0,0.0,0
