,max,min,avg,median,count
0,0.03888614664167516,0.011519046583815779,0.024806445444059744,0.02495005957399497,45
1,0.021240613073214672,0.001194158527128027,0.010455667411075375,0.00598352365607081,88
2,0.027172716794282147,0.008872133921541417,0.0182399732460235,0.019477685944221643,130
3,0.0,0.0,0.0,0.0,0
4,0.0,0.0,0.0,0.0,0
