,max,min,avg,median,count
0,0.024933400468453118,0.012358373675550684,0.018791797957747835,0.019282151027821843,58
1,0.013570382717330371,0.0004099771684709626,0.006639886084844057,0.005004385780729738,93
2,0.011741761721432443,0.0025432243593982618,0.006255588534746344,0.003860314934845147,243
3,0.2523496325659512,0.014011856922387314,0.15650634643852468,0.13894667228601856,10
4,0.0,0.0,0.0,0.0,0
