,max,min,avg,median,count
0,0.13403673388167783,0.04896955306831232,0.09096789436122896,0.09309511105725023,44
1,0.030232050986764212,0.008757914207742329,0.020928479955390336,0.023963669887148296,116
2,0.03313592597916555,0.015425177335988567,0.02466360502472636,0.02637540736655691,112
3,0.0,0.0,0.0,0.0,0
4,0.0,0.0,0.0,0.0,0
