,max,min,avg,median,count
0,0.13585980405400294,0.0034495205418196844,0.08282199316202528,0.09636103392373513,44
1,0.09784932695337346,0.056199696632843826,0.07096634613695488,0.06447379253922703,64
2,0.06760468738936361,0.011081807843571646,0.043503499099588186,0.05739488380769349,148
3,0.0,0.0,0.0,0.0,0
4,0.0,0.0,0.0,0.0,0
