,max,min,avg,median,count
0,0.1529518292836942,0.019515098240434854,0.08570647477177133,0.07863445166317057,25
1,0.06649799083045567,0.0031746299317113465,0.03715021830864433,0.05116126586112758,49
2,0.04281084931251646,0.005855507410942863,0.01896909760363507,0.007244158352248854,200
3,0.0,0.0,0.0,0.0,0
4,0.0,0.0,0.0,0.0,0
