,max,min,avg,median,count
0,0.06288524074363698,0.0221166032050189,0.048351421210554225,0.052788002634197605,31
1,0.05805856855455059,0.02520889595673401,0.039603881583152735,0.033623491443544644,103
2,0.03762971829615812,0.008400993427268343,0.023535893642596836,0.021389778277280686,133
3,0.0,0.0,0.0,0.0,0
4,0.0,0.0,0.0,0.0,0
