,max,min,avg,median,count
0,0.09409614762192943,0.03373807789590414,0.07051929548685199,0.0773034859630851,36
1,0.016454721654600747,0.004136387511911649,0.010814285403060274,0.010200406838829099,128
2,0.019797814560139064,0.005164235313707568,0.014175573678308661,0.01548748137330268,111
3,0.0,0.0,0.0,0.0,0
4,0.0,0.0,0.0,0.0,0
