,max,min,avg,median,count
0,0.0910614047706314,0.013047653061096023,0.043690824362520184,0.027351154643936955,46
1,0.08328750851483091,0.005206946360219222,0.04099989168620025,0.033956481516198955,123
2,0.06701940197742064,0.009112250998696553,0.03430581750516605,0.02842881232645106,99
3,0.0,0.0,0.0,0.0,0
4,0.0,0.0,0.0,0.0,0
