,max,min,avg,median,count
0,0.05476305083177995,0.015728054000883944,0.03563172831482998,0.036574844124955756,44
1,0.021019233122198402,0.0015026728444358217,0.011329163262002239,0.011026952286241168,68
2,0.0035032058127208348,0.0009064844752419431,0.002216767361452232,0.0023289788558676612,161
3,0.0,0.0,0.0,0.0,0
4,0.0,0.0,0.0,0.0,0
