,max,min,avg,median,count
0,0.1202911050486756,0.017968323252890824,0.05969775809438553,0.02912654545377035,51
1,0.03265842450545606,0.0018057477925414911,0.017156436559058817,0.02149064026974994,105
2,0.04098631740500158,0.0016786410194204314,0.02340908332810494,0.033079718028505345,102
3,0.0,0.0,0.0,0.0,0
4,0.0,0.0,0.0,0.0,0
