,max,min,avg,median,count
0,0.10242763178463521,0.044618327047093176,0.07611618721636629,0.0792063338606954,52
1,0.03127642009983841,0.006460728504233429,0.01779764409891493,0.015264386394637276,121
2,0.024317149708522057,0.00953835636554318,0.015290440457806675,0.014988534985402945,83
3,0.0,0.0,0.0,0.0,0
4,0.0,0.0,0.0,0.0,0
