,max,min,avg,median,count
0,0.03732143376337212,0.014384669662707994,0.022931823527733756,0.020447022809970482,33
1,0.014777222469442259,0.0052697841690732845,0.010751982401235908,0.010958563963370712,136
2,0.007469202117392482,0.002153212072632326,0.005197614979314603,0.0067408150731919185,114
3,0.0,0.0,0.0,0.0,0
4,0.0,0.0,0.0,0.0,0
