,max,min,avg,median,count
0,0.34313469984131095,0.013656296614564842,0.19911416673696936,0.28114993414382755,35
1,0.028532941953983305,0.012424764050448204,0.023284624157811316,0.02550678933245189,121
2,0.024654537118569388,0.0007753165233749327,0.0128215860962103,0.016510200184611048,271
3,0.0,0.0,0.0,0.0,0
4,0.0,0.0,0.0,0.0,0
