,max,min,avg,median,count
0,0.18755282201032458,0.04161636456370463,0.10942240800300226,0.10862758329855758,51
1,0.03942799196301185,0.008189319488774776,0.02443370722548515,0.020134952874999758,103
2,0.06817615809140178,0.00046135325041714043,0.04482760361276522,0.055258696450226706,102
3,0.0,0.0,0.0,0.0,0
4,0.0,0.0,0.0,0.0,0
