,max,min,avg,median,count
0,0.09703224410841535,0.010647720228332583,0.07209007692491347,0.08219893582969509,50
1,0.06601661839142474,0.005291969083394524,0.027610281765326594,0.024988993889800318,112
2,0.037989516349981683,0.0036945455362454743,0.01836101663625348,0.017135600789221786,135
3,0.0,0.0,0.0,0.0,0
4,0.0,0.0,0.0,0.0,0
