,max,min,avg,median,count
0,0.26417873659074376,0.14011131489891182,0.19586396166878356,0.2005701816644078,22
1,0.10665340314311987,0.07150451325780986,0.09308908985561629,0.09976761309724111,49
2,0.021850105407315495,0.0034643946572027397,0.014024546722421632,0.015106980360651836,191
3,0.0,0.0,0.0,0.0,0
4,0.0,0.0,0.0,0.0,0
