,max,min,avg,median,count
0,0.20401795773541773,0.0960483685078816,0.1273270828462601,0.10683635416612051,42
1,0.08004610944264774,0.009484301990066115,0.048797170140781866,0.05117577289272412,63
2,0.0454015536457258,0.0020225667109785347,0.026231357517550923,0.03281380005232284,151
3,0.0,0.0,0.0,0.0,0
4,0.0,0.0,0.0,0.0,0
