,max,min,avg,median,count
0,0.1512423106687193,0.03175841879387819,0.08504070890660136,0.09952276699129949,34
1,0.08263229279816066,0.012466744358864145,0.04789204633696513,0.03846585435218819,161
2,0.060316693578461186,0.006750052146414637,0.03222368115135903,0.02199793734789829,91
3,0.0,0.0,0.0,0.0,0
4,0.0,0.0,0.0,0.0,0
