,max,min,avg,median,count
0,0.02676745066574054,0.005620389252361915,0.016664124937838413,0.016673552332285128,42
1,0.004308178564656911,0.0011568260370732957,0.0029559642164820763,0.003078160376650879,177
2,0.012580906651422447,1.0171187422299133e-05,0.005777821058516922,0.005614982763854372,196
3,0.0,0.0,0.0,0.0,0
4,0.0,0.0,0.0,0.0,0
