,max,min,avg,median,count
0,0.34894552304904514,0.11112121485262844,0.22173204484782172,0.2022507204225373,28
1,0.011686291276991532,0.001062723905839409,0.004628725085604621,0.003678081732023922,160
2,0.05305454193247753,0.01357208259638287,0.035551131542084634,0.03806822038383223,70
3,0.0,0.0,0.0,0.0,0
4,0.0,0.0,0.0,0.0,0
