,max,min,avg,median,count
0,0.17679994466909846,0.05467301769891965,0.10974989972144322,0.09855174104878946,48
1,0.04447384771065136,0.0008699365536473067,0.022429731002259284,0.013734931173524905,165
2,0.04986884012700038,0.010253060088756344,0.024903547218025755,0.014682744266911438,55
3,0.0,0.0,0.0,0.0,0
4,0.0,0.0,0.0,0.0,0
