,max,min,avg,median,count
0,0.1603821638570973,0.03123199259892846,0.10707667082737307,0.12177717837577243,22
1,0.07818715637800228,0.01432524492134441,0.036035006872851834,0.023816785840306234,100
2,0.05501791202134522,0.004608234846532337,0.026836295577930925,0.028672738648381206,140
3,0.0,0.0,0.0,0.0,0
4,0.0,0.0,0.0,0.0,0
