,max,min,avg,median,count
0,0.5036495466815699,0.09493562764555151,0.25235711246146764,0.17521843305558985,24
1,0.07655886867774993,0.005062487734098714,0.037492809118267786,0.031418290671727904,84
2,0.03505306056840602,0.009346459469592457,0.018065811085633994,0.012116583684798943,159
3,0.0,0.0,0.0,0.0,0
4,0.0,0.0,0.0,0.0,0
