,max,min,avg,median,count
0,0.33123727028774225,0.006591992135640151,0.19237881054351474,0.22340929629537656,7
1,0.15023051688047337,0.04685232769301935,0.1061825699555877,0.13232632207701056,72
2,0.04785817037576276,0.026832056695163236,0.035391658750667174,0.03298564600479764,175
3,0.7038917382632368,0.29581442262266855,0.4998530804429527,0.4998530804429527,2
4,0.0,0.0,0.0,0.0,0
