,max,min,avg,median,count
0,0.19935818007490277,0.0033574558849634936,0.09862809596700055,0.10403166217694561,35
1,0.15108139891745148,0.0022729867610390996,0.07738372601347165,0.06740161117226003,66
2,0.08114173483867504,0.004898033470931827,0.0431176437300808,0.04261834283604765,158
3,0.0,0.0,0.0,0.0,0
4,0.0,0.0,0.0,0.0,0
