,max,min,avg,median,count
0,0.4074788426334244,0.08298236071980371,0.2486189421924614,0.28908287955877715,23
1,0.056048918828584884,0.010735894454438991,0.02821365056368159,0.023830972445059193,50
2,0.030689996465750245,0.001987164034879154,0.01620077871530557,0.013753897187432938,196
3,0.0,0.0,0.0,0.0,0
4,0.0,0.0,0.0,0.0,0
