,max,min,avg,median,count
0,0.4282650905413893,0.1734541434489502,0.352481996961396,0.3694691677700285,24
1,0.056133062812565235,0.0019583317109655735,0.030516065490190057,0.0412954745388084,130
2,0.05172980118869837,0.008757845526632838,0.03285647748005484,0.03793994209556852,105
3,0.0,0.0,0.0,0.0,0
4,0.0,0.0,0.0,0.0,0
