,max,min,avg,median,count
0,0.1518150554889556,0.017465395683691123,0.0725775683727359,0.06749816919063044,45
1,0.07271258267760386,0.006981436700261671,0.04360103080394048,0.045647988143769115,69
2,0.0609547844809717,0.024989440167658705,0.04247998725169724,0.044356470940045196,156
3,0.0,0.0,0.0,0.0,0
4,0.0,0.0,0.0,0.0,0
