,max,min,avg,median,count
0,0.06412879237631165,0.010414918317152824,0.0421520800503792,0.038117544472991004,42
1,0.03817668579793756,0.0033340053167582695,0.02421256387955801,0.02770942369478078,66
2,0.015851396677742255,0.011965543853434275,0.013911540137699657,0.014681448598663566,157
3,0.0,0.0,0.0,0.0,0
4,0.0,0.0,0.0,0.0,0
