,max,min,avg,median,count
0,0.09011200522371035,0.04271709304892216,0.07059010069195644,0.07396469323532874,25
1,0.021619396415052675,0.0038016628679849525,0.012263878873097555,0.011087711532637401,109
2,0.034493427974454406,0.005001499217155634,0.019893723348680652,0.019624068097156045,139
3,0.0,0.0,0.0,0.0,0
4,0.0,0.0,0.0,0.0,0
