,max,min,avg,median,count
0,0.22206819068096006,0.018449986929954164,0.10397459355991312,0.07982021313326079,42
1,0.0929482459740549,0.02140007840084481,0.06283806026764141,0.05738136328123507,64
2,0.034977730129562755,0.0018743467713486957,0.01971823363673465,0.018803177829112762,151
3,0.0,0.0,0.0,0.0,0
4,0.0,0.0,0.0,0.0,0
