,max,min,avg,median,count
0,0.14509138293235832,0.00596104816245902,0.0593763109339414,0.04277232703747939,42
1,0.05826734297562469,0.002236239227500976,0.027211742475393506,0.019712289619188902,74
2,0.07587115112704008,0.012992077131564464,0.04465496172675084,0.05645543640484627,142
3,0.0,0.0,0.0,0.0,0
4,0.0,0.0,0.0,0.0,0
