,max,min,avg,median,count
0,0.15835874994402802,0.034314480246525496,0.08564332071295014,0.08030847399932084,44
1,0.05138018890001653,0.0056296736006417785,0.0320031447554359,0.03051271005135235,138
2,0.07450112060017859,0.015897600373564698,0.05059003488221888,0.05280084554302677,79
3,0.0,0.0,0.0,0.0,0
4,0.0,0.0,0.0,0.0,0
