,max,min,avg,median,count
0,0.1947562486578511,0.03934717623625686,0.11811685691672391,0.13247691260078737,31
1,0.16081484400599438,0.08631786548686605,0.1203974985087036,0.11140707324668499,77
2,0.029216377260790845,0.0038359173535242436,0.016296707268124103,0.018248473532369875,156
3,0.0,0.0,0.0,0.0,0
4,0.0,0.0,0.0,0.0,0
