,max,min,avg,median,count
0,0.45829342746632773,0.02237766698443379,0.3192860366259574,0.39522141868478194,32
1,0.07723881505796742,0.005343010145356581,0.04291878430158751,0.044461471767308955,81
2,0.023036261287187148,0.00956487196826688,0.018386397295754295,0.01937175583519516,180
3,0.0,0.0,0.0,0.0,0
4,0.0,0.0,0.0,0.0,0
