,max,min,avg,median,count
0,0.18523985245640107,0.07192924223986598,0.1499082303623921,0.17160119891492281,49
1,0.05209558216901988,0.022018005462038963,0.03804056203631416,0.04395118803331141,80
2,0.04925662546731211,0.004014046320872581,0.03428108700561297,0.048114274594239254,176
3,0.0,0.0,0.0,0.0,0
4,0.0,0.0,0.0,0.0,0
