,max,min,avg,median,count
0,0.1010677506728697,0.0331135617722913,0.0638275992033667,0.05494371557606357,40
1,0.06757916580237686,0.002691524767260861,0.04234487538390738,0.05181772369621278,136
2,0.08109663765042864,0.020700388939919538,0.055335629067239746,0.06592029747849963,81
3,0.0,0.0,0.0,0.0,0
4,0.0,0.0,0.0,0.0,0
