,max,min,avg,median,count
0,0.35485296413545153,0.12263528830493181,0.21618907121650963,0.1644490191785161,31
1,0.043381760155907445,0.0020043151353616485,0.02319080782189553,0.02835443538021326,77
2,0.022350063760460528,0.002989839324305182,0.014719088024013732,0.016237731644140416,168
3,0.0,0.0,0.0,0.0,0
4,0.0,0.0,0.0,0.0,0
