,max,min,avg,median,count
0,0.02677925852529545,0.001444084147836172,0.016415608767743665,0.020112044241083406,56
1,0.05337897220783347,0.018910493883823223,0.03561873131863316,0.032088458576848944,82
2,0.015752718908222763,0.0015686640922164975,0.006838706016587511,0.004605041631757445,194
3,0.0,0.0,0.0,0.0,0
4,0.0,0.0,0.0,0.0,0
