,max,min,avg,median,count
0,0.13845122349178346,0.06485785280271182,0.09458948108350768,0.09338099985200313,37
1,0.03264865592077235,0.013468487294444928,0.018697322611386215,0.01471824560875811,91
2,0.0131107054978488,0.0011541182257863104,0.005896815441552426,0.005357158461443012,148
3,0.0,0.0,0.0,0.0,0
4,0.0,0.0,0.0,0.0,0
