,max,min,avg,median,count
0,0.1210597295350049,0.015252084433208718,0.06381009020343267,0.0451065343766531,39
1,0.08221159094675555,0.02250017554243341,0.05551023693493797,0.05861940560337816,69
2,0.02223904723108752,0.0020115093300240128,0.012848959709260052,0.013065143418823418,148
3,0.621628767777531,0.3147599937019429,0.46819438073973696,0.46819438073973696,2
4,0.0,0.0,0.0,0.0,0
