,max,min,avg,median,count
0,0.07685186744153652,0.01267771756843518,0.04137827006716986,0.032026764514749145,36
1,0.07326050042464725,0.0014109320227266248,0.028624952816486294,0.021537527621745284,68
2,0.024821876642175656,0.004583954052251918,0.013196291274556585,0.011898414664916099,157
3,0.0,0.0,0.0,0.0,0
4,0.0,0.0,0.0,0.0,0
