,max,min,avg,median,count
0,0.22358378236220366,0.07122660984041088,0.16496925297285145,0.20481530566896017,27
1,0.03442864905582444,0.012252353045091173,0.02345363552716116,0.020408289618749163,186
2,0.15087969358412098,0.059318312290953835,0.10595742409185804,0.11776461493617764,47
3,0.0,0.0,0.0,0.0,0
4,0.0,0.0,0.0,0.0,0
