,max,min,avg,median,count
0,0.19849542195675351,0.09114882926392562,0.15291137233597887,0.15553539974810174,32
1,0.09545290010399735,0.008525927468452734,0.047231515222450074,0.04016777221481932,80
2,0.04748289959264132,0.008579461670618838,0.03135074111067318,0.02891239815568799,161
3,0.0,0.0,0.0,0.0,0
4,0.0,0.0,0.0,0.0,0
