,max,min,avg,median,count
0,0.2907678329773023,0.018174953679086215,0.11081059245464049,0.04461832704709318,42
1,0.08732210436337487,0.009129855543286082,0.042574970840911955,0.04830049266295214,90
2,0.03271894127632942,0.0043948836448951265,0.019217728976822345,0.020194077470214712,130
3,0.0,0.0,0.0,0.0,0
4,0.0,0.0,0.0,0.0,0
