,max,min,avg,median,count
0,0.14460402502454914,0.002003748256691914,0.0841229708900986,0.0934723944914746,35
1,0.07984798968467655,0.015292393379380494,0.05151485972247914,0.05450256064732939,66
2,0.043989170677178134,0.0016370810086687427,0.027484821781304403,0.0282369457637599,156
3,0.0,0.0,0.0,0.0,0
4,0.0,0.0,0.0,0.0,0
