,max,min,avg,median,count
0,0.03670646365090706,0.016254827943569507,0.02429509332826645,0.019527250748510867,31
1,0.03603386540337989,0.005176816315659645,0.023704616661993232,0.02831457722524279,109
2,0.03247744442143194,0.014059654618141296,0.023900811393601902,0.028405825873010545,136
3,0.0,0.0,0.0,0.0,0
4,0.0,0.0,0.0,0.0,0
