,max,min,avg,median,count
0,0.2855953169327154,0.020101619691275264,0.10073840548519324,0.046293815648982856,26
1,0.022182616111410623,0.0029032383268218997,0.01364889801252322,0.014858530074196928,107
2,0.053468408112487875,0.0012576000931806362,0.022427271691208544,0.014706464985054344,202
3,0.0,0.0,0.0,0.0,0
4,0.0,0.0,0.0,0.0,0
