,max,min,avg,median,count
0,0.22556434294016456,0.0668003196713254,0.13047392854293913,0.11738167795513185,26
1,0.08287558282099342,0.013662557521816967,0.043122209329629,0.036489114456849006,59
2,0.016307931973708414,0.006656278030278001,0.011244956770562569,0.010517250874167062,176
3,0.0,0.0,0.0,0.0,0
4,0.0,0.0,0.0,0.0,0
