,max,min,avg,median,count
0,0.41660597641190716,0.11595921799752124,0.3034630868452244,0.3260464364530013,17
1,0.1688612605598812,0.00467225933310316,0.11280222434543603,0.1315840945105827,19
2,0.007175183961301633,0.00010191928042124417,0.004382065965505715,0.005563045487709343,386
3,0.0,0.0,0.0,0.0,0
4,0.0,0.0,0.0,0.0,0
