,max,min,avg,median,count
0,0.12242626481749296,0.052788002634197605,0.09060724901101241,0.10036280263272226,38
1,0.028399576453333582,0.014738949832417343,0.02252018975591205,0.024783696174653855,187
2,0.08086955213726138,0.029704944463587304,0.054376984783491636,0.06189036212501926,52
3,0.0,0.0,0.0,0.0,0
4,0.0,0.0,0.0,0.0,0
