,max,min,avg,median,count
0,0.12470792445658035,0.004414667663501962,0.047272048209074075,0.0185032071412416,44
1,0.06467342367293166,0.0015642369862933416,0.03222538546025574,0.03426877163339795,65
2,0.027847577724087656,0.01245387160042574,0.02026961376987054,0.018387486914501424,154
3,0.0,0.0,0.0,0.0,0
4,0.0,0.0,0.0,0.0,0
