,max,min,avg,median,count
0,0.28580822352290247,0.01056097673035529,0.14755333573348114,0.1397722477579318,13
1,0.014084257796981055,0.0016466997709318047,0.008198982550425764,0.008930341766607116,122
2,0.0059035940874777055,0.0005270533625711376,0.00286546871663734,0.0029290176176905384,293
3,0.0877348451794005,0.0016257067814797203,0.0291446764853604,0.025827131285585753,7
4,0.0,0.0,0.0,0.0,0
