,max,min,avg,median,count
0,0.07830515830853306,0.03197119853289074,0.04710288954590451,0.0380024906604751,56
1,0.05055621700297836,0.004426567246081841,0.032543202242166475,0.035089281553017625,143
2,0.05567442002594103,0.0013903397576409625,0.02426976694434859,0.014657753333646498,230
3,0.0,0.0,0.0,0.0,0
4,0.0,0.0,0.0,0.0,0
