,max,min,avg,median,count
0,0.10714109913365333,0.036589987851800516,0.06389561475792653,0.05409630197698007,36
1,0.011671636067993993,0.001781350316051391,0.007188276453707466,0.005542752614305296,67
2,0.011498181350305893,0.0011372804656232624,0.008180499696500596,0.008719151153865169,157
3,0.0,0.0,0.0,0.0,0
4,0.0,0.0,0.0,0.0,0
