,max,min,avg,median,count
0,0.1681237623416838,0.040748128851585415,0.09043626518490293,0.0767195825688854,48
1,0.05036212750506302,0.025618722394294895,0.03665827727171668,0.03344751046086201,166
2,0.08669827697810462,0.014675841720232893,0.05771763376097735,0.07172735668152183,87
3,0.0,0.0,0.0,0.0,0
4,0.0,0.0,0.0,0.0,0
