,max,min,avg,median,count
0,0.42657160693102525,0.2554507935886427,0.3312768545833278,0.3343163893027566,24
1,0.16556719409889803,0.008032064697452058,0.06703751339420258,0.026279787102793165,61
2,0.016328795016228918,0.0005735436230142947,0.004610602939135421,0.0019455510233102183,238
3,0.0,0.0,0.0,0.0,0
4,0.0,0.0,0.0,0.0,0
