,max,min,avg,median,count
0,0.09835457108799364,0.016753746292627738,0.0444692187091187,0.03655645061590444,48
1,0.07030470721292527,0.020026807322654983,0.05059913793195281,0.053024921589605506,107
2,0.024986024134109244,0.0006895578471028292,0.016157157719576796,0.021423227379945443,192
3,0.0,0.0,0.0,0.0,0
4,0.0,0.0,0.0,0.0,0
