,max,min,avg,median,count
0,0.1006915483267909,0.040961884694850896,0.07043969776548036,0.06892867758072825,39
1,0.03658832859567733,0.004560790916720883,0.02165178968121487,0.021862174121058165,69
2,0.048877306901146535,0.011981802336815237,0.025965746994305573,0.02464098150242779,148
3,0.6338476612906526,0.5780574998709853,0.605952580580819,0.605952580580819,2
4,0.0,0.0,0.0,0.0,0
