,max,min,avg,median,count
0,0.1762335589859485,0.0029475651008737777,0.06106527386450655,0.048154173517124255,21
1,0.039117865928828016,0.003059747567208971,0.026524868248464083,0.030065631626200472,50
2,0.00874788707467203,0.003423110497561972,0.006587055412156889,0.007448252580799095,186
3,0.06206215605125584,0.01432945564640257,0.03819580584882921,0.03819580584882921,2
4,0.0,0.0,0.0,0.0,0
