,max,min,avg,median,count
0,0.2632063433440063,0.008761481764045325,0.1659487793261621,0.19808811759456163,28
1,0.1298839580807106,0.009746916477383405,0.08076022028156842,0.07783753704819991,78
2,0.03323449986931456,0.003162425522171742,0.019684828684029272,0.021554118005916813,154
3,0.0,0.0,0.0,0.0,0
4,0.0,0.0,0.0,0.0,0
