,max,min,avg,median,count
0,0.2568445057082326,0.0203373504332472,0.12265425172974001,0.11063614557964073,27
1,0.22570409978567224,0.03898028844195681,0.13096852231045872,0.1132111770887427,49
2,0.0214167679655974,0.004618977662560622,0.01007683206205214,0.0062192375088694464,202
3,0.0,0.0,0.0,0.0,0
4,0.0,0.0,0.0,0.0,0
