,max,min,avg,median,count
0,0.12556072110420957,0.043330244662173265,0.0820468665289161,0.07828413614420816,35
1,0.10007069908353572,0.03757096028113296,0.07891725350904846,0.08919544182959335,66
2,0.0228139763305816,0.0020225667109785342,0.008347810894898005,0.005586591721607199,156
3,0.0,0.0,0.0,0.0,0
4,0.0,0.0,0.0,0.0,0
