,max,min,avg,median,count
0,0.06640333091405107,0.01303019098877443,0.03750083636004062,0.03646053531260514,42
1,0.010577226648386989,0.00479539770047125,0.0074370249089959735,0.006343260790908683,199
2,0.03294425771854922,0.0008523166842088387,0.013578453351202807,0.011372426306462598,39
3,0.0,0.0,0.0,0.0,0
4,0.0,0.0,0.0,0.0,0
