,max,min,avg,median,count
0,0.44898629572288745,0.11786975312191336,0.2638124259602217,0.2657998367326663,23
1,0.0814733481780981,0.028635199449252097,0.059919339390043756,0.061683631803325895,47
2,0.02937840173292713,0.00226664683949889,0.019815114816993294,0.020812501805804254,188
3,0.0,0.0,0.0,0.0,0
4,0.0,0.0,0.0,0.0,0
