,max,min,avg,median,count
0,0.14246886450441798,0.04274858866332603,0.07633016496366188,0.05394008187472968,35
1,0.027214897217423865,0.010882208259914431,0.019625973752636555,0.02228457053047312,122
2,0.0318239830080881,0.001900102686073438,0.01420959685744253,0.009630213153287515,254
3,0.0,0.0,0.0,0.0,0
4,0.0,0.0,0.0,0.0,0
