,max,min,avg,median,count
0,0.42512572102258656,0.0038422619704577355,0.18984778002495464,0.19445871062274211,23
1,0.023358229419972225,0.0025462219261452807,0.014557994083458082,0.01835610980070705,107
2,0.03449208061408361,0.008305863396915622,0.022630573097802528,0.023986650740415796,139
3,0.0,0.0,0.0,0.0,0
4,0.0,0.0,0.0,0.0,0
