,max,min,avg,median,count
0,0.09727400553394794,0.006291555697434944,0.051587734103329244,0.04895820442381181,38
1,0.046479992123119235,0.02725711068112182,0.03347919774434383,0.03237672051163157,135
2,0.07345451114011564,0.030555878914074356,0.04521908680122766,0.04377533290697105,92
3,0.0,0.0,0.0,0.0,0
4,0.0,0.0,0.0,0.0,0
