,max,min,avg,median,count
0,0.4698823909956539,0.0033305453948284966,0.28924946147205566,0.341254997689979,12
1,0.2512749749244424,0.0128580986417301,0.1546713263082257,0.19496397346389965,39
2,0.02461505206209915,0.007629572308690963,0.018171903296485603,0.019402146671388957,276
3,0.7750742058973819,0.2512815492168115,0.6084223446754615,0.6971635936844723,5
4,0.0,0.0,0.0,0.0,0
