,max,min,avg,median,count
0,0.10436879593927453,0.06332029483231251,0.08046833591718842,0.07476546511805487,32
1,0.019187646092169153,0.0037899735502428217,0.012882125922241774,0.013863435017326715,191
2,0.08415753643024285,0.0077643477225841475,0.04440396663146885,0.03155344726877622,55
3,0.0,0.0,0.0,0.0,0
4,0.0,0.0,0.0,0.0,0
