,max,min,avg,median,count
0,0.19006276832160907,0.013211756094925043,0.10938262986669112,0.12951484517037512,40
1,0.1042793087438405,0.020779171922474943,0.044342391279575386,0.029389451664175656,105
2,0.03482067078824697,0.0009439362756995569,0.008803591661860405,0.001743284423921316,166
3,0.0,0.0,0.0,0.0,0
4,0.0,0.0,0.0,0.0,0
