,max,min,avg,median,count
0,0.4180415090227471,0.04104019370700466,0.22542269582694024,0.20567677422854228,23
1,0.03662721423805017,0.011718980743740953,0.02249595374613074,0.02337413132684589,128
2,0.06275913567024358,0.013957400027792676,0.04416240017207103,0.05061171410111791,108
3,0.0,0.0,0.0,0.0,0
4,0.0,0.0,0.0,0.0,0
