,max,min,avg,median,count
0,0.6973604800714935,0.00021561602604838707,0.5001417202146611,0.6824859479331548,7
1,0.08330565976372847,0.000653567126849766,0.04922799314770522,0.04947450043307514,122
2,0.06175851286814928,0.001565223772523861,0.031047911839930404,0.0356329384354666,169
3,0.2133045328668726,0.03876905964149577,0.13032452176890372,0.13779115435270026,34
4,0.0,0.0,0.0,0.0,0
