,max,min,avg,median,count
0,0.0884711894141284,0.004013809788562491,0.045778982991930235,0.048017246589216495,40
1,0.09177998386935905,0.00296457846130607,0.04602345388842342,0.02995761069854062,93
2,0.060213596825462345,0.021127555437257355,0.03176394554647538,0.02566811213678395,125
3,0.5385966424406662,0.5385966424406662,0.5385966424406662,0.5385966424406662,1
4,0.0,0.0,0.0,0.0,0
