,max,min,avg,median,count
0,0.0380974902048205,0.0087706024236022,0.02459437104351898,0.02281605039664187,36
1,0.043845506553818185,0.0008330495159164958,0.021743968093496834,0.01797707312918684,66
2,0.00884601817842412,0.0018056959171126232,0.005633224844205233,0.0075433828647685185,158
3,0.0,0.0,0.0,0.0,0
4,0.0,0.0,0.0,0.0,0
