,max,min,avg,median,count
0,0.1338300593758609,0.04354997478247991,0.09891458906097764,0.1099507449481297,44
1,0.05444928595527706,0.013343517268625048,0.03765786288373589,0.04361137877006095,66
2,0.0472028546691381,0.0022938796444335044,0.0191375037022943,0.016240160740940864,149
3,0.0,0.0,0.0,0.0,0
4,0.0,0.0,0.0,0.0,0
