,max,min,avg,median,count
0,0.29016768315798147,0.09431750522768587,0.2074877736029558,0.2212080627576771,28
1,0.0395194851737952,0.0018025547250128825,0.018546626451111225,0.017634181252436303,167
2,0.10424452216872422,0.03489032572262279,0.0632285691804195,0.06330870687079612,64
3,0.0,0.0,0.0,0.0,0
4,0.0,0.0,0.0,0.0,0
