,max,min,avg,median,count
0,0.14901885160185122,0.04617998293646978,0.08711183350245633,0.06040304492824079,41
1,0.07027393402626157,0.012449678767509777,0.04200332185136901,0.045014671006850394,103
2,0.05961236324265254,0.02112864932076478,0.03434288972922946,0.02708803398057009,127
3,0.8042099419520355,0.44944112534579533,0.6268255336489155,0.6268255336489155,2
4,0.0,0.0,0.0,0.0,0
