,max,min,avg,median,count
0,0.12077059139070033,0.05743845842574623,0.09443909285855487,0.09304280182024464,39
1,0.03786703618343162,0.005764702924669434,0.02549109646054896,0.03170529481365122,166
2,0.1252630680733052,0.043966584288451606,0.09966562627331392,0.10491648409656376,57
3,0.0,0.0,0.0,0.0,0
4,0.0,0.0,0.0,0.0,0
