,max,min,avg,median,count
0,0.17999346681435388,0.0042737034417630005,0.12246613228223388,0.14048459755512374,36
1,0.052223942255246805,0.011617024902498229,0.03702214982944674,0.04948954568937079,67
2,0.034411949134375217,0.00037805349600361084,0.013584017685691573,0.012209743011486031,160
3,0.0,0.0,0.0,0.0,0
4,0.0,0.0,0.0,0.0,0
