,max,min,avg,median,count
0,0.089706588296217,0.009685794439952133,0.04763843774534831,0.04960306689544066,26
1,0.0077852316146110375,0.0008977493986076837,0.004635518743886111,0.005645085960239341,141
2,0.03452257588011302,0.012461936719949595,0.024130771522350637,0.023635555636350912,95
3,0.0,0.0,0.0,0.0,0
4,0.0,0.0,0.0,0.0,0
