,max,min,avg,median,count
0,0.30376563861234657,0.01124985280020389,0.18443234062901898,0.17433273400330562,28
1,0.012548988289337898,0.0013949967510287749,0.005182401262164323,0.0034622742807583584,208
2,0.03410236458651363,0.00556052897058638,0.022811418848536998,0.026010119933928343,96
3,0.0,0.0,0.0,0.0,0
4,0.0,0.0,0.0,0.0,0
