,max,min,avg,median,count
0,0.38974204844217636,0.03957582857007066,0.2307172389631836,0.22534547209502534,10
1,0.5759124565601381,0.2955663422285263,0.4955376006957957,0.5527516835329145,10
2,0.01517184208930006,0.0030008647198267614,0.009574489251479159,0.009680283813076578,245
3,0.0,0.0,0.0,0.0,0
4,0.0,0.0,0.0,0.0,0
