,max,min,avg,median,count
0,0.039362761596147135,0.003451001472152906,0.0244420772416774,0.026088694721285867,31
1,0.007121538953111427,0.0009759769465816915,0.004082184959586131,0.004400670561818605,120
2,0.010339941464290335,0.0007906806778259338,0.006534596488278569,0.00789446379899025,135
3,0.0,0.0,0.0,0.0,0
4,0.0,0.0,0.0,0.0,0
