,max,min,avg,median,count
0,0.09433672004690152,0.0035991477518193277,0.040054022996674814,0.03718891435452571,21
1,0.07783004408699055,0.010237078709877272,0.036823060398403266,0.031093303526451437,63
2,0.019712625831369325,3.81466769179144e-05,0.008463034279622101,0.009195073308515257,179
3,0.0,0.0,0.0,0.0,0
4,0.0,0.0,0.0,0.0,0
