,max,min,avg,median,count
0,0.051452938478049104,0.003594425723498505,0.03663125376208295,0.04376856438653435,32
1,0.027816509506693315,0.01230353236826288,0.018935721561469616,0.01824984540951953,181
2,0.03595105442738657,0.010033729921288707,0.02418797089713963,0.027061605697603488,47
3,0.0,0.0,0.0,0.0,0
4,0.0,0.0,0.0,0.0,0
