,max,min,avg,median,count
0,0.4044832312666127,0.18947224696770035,0.28699989034278633,0.26511490196913623,25
1,0.1101375345063756,0.045906245984023965,0.08023193056594179,0.08823195738686489,57
2,0.05776418446582346,0.0025731531572218418,0.02408427161500342,0.022702313199547682,174
3,0.0,0.0,0.0,0.0,0
4,0.0,0.0,0.0,0.0,0
