,max,min,avg,median,count
0,0.14998862123183768,0.03421400127616324,0.09068352395083479,0.09187085730389813,24
1,0.020965196679044548,0.0005907447455977487,0.011303021385560427,0.012658819702309605,81
2,0.010292180087313417,0.0010653001146587288,0.0044894138248844345,0.0025788677511772856,160
3,0.0,0.0,0.0,0.0,0
4,0.0,0.0,0.0,0.0,0
