,max,min,avg,median,count
0,0.11543586611890774,0.05359047772183558,0.07721823074491345,0.07093370225791334,27
1,0.011502607897408049,0.0016124256793782553,0.0045733058476109655,0.0030237203122733987,174
2,0.035737864225016146,0.0032158791670132813,0.018886388852111597,0.017607217665383222,65
3,0.0,0.0,0.0,0.0,0
4,0.0,0.0,0.0,0.0,0
