,max,min,avg,median,count
0,0.0659747626297584,0.014720815853539406,0.030117134502751497,0.02656803522115226,25
1,0.03155070732913365,0.008283896892595044,0.02363190477133146,0.02956359174675926,81
2,0.009660006315220366,0.0005755195413721813,0.006637124268163509,0.007326374764855503,155
3,0.0,0.0,0.0,0.0,0
4,0.0,0.0,0.0,0.0,0
