,max,min,avg,median,count
0,0.7603875445558632,0.14284996400888453,0.5939349146028853,0.699904779369984,8
1,0.6640167961169384,0.2386231149482885,0.5269754980727243,0.6242516493435426,18
2,0.05942471907488447,0.005899213353130841,0.020781008842544413,0.008651833384961493,275
3,0.12664207485784032,0.029895968129901973,0.08225679119069433,0.09869730819830352,65
4,0.0,0.0,0.0,0.0,0
