,max,min,avg,median,count
0,0.16777301069491363,0.0010687421258775303,0.08140377573560158,0.05294399644398217,64
1,0.14894195041603597,0.04658093021621354,0.10146846807102532,0.1292364036042748,108
2,0.010372657393033757,0.001238546021986344,0.0055714908397867064,0.00550796269709004,276
3,0.2435966284534064,0.003560871026523102,0.09763086474634311,0.06457488186064052,13
4,0.0,0.0,0.0,0.0,0
