,max,min,avg,median,count
0,0.0630499996393715,0.007818147292805043,0.03073978386426457,0.023826063726817257,32
1,0.048270623960977165,0.02095688556060786,0.028495445344529986,0.023433099757737108,78
2,0.024444770637934654,0.005237431872915858,0.01948128422119056,0.022982040540076305,154
3,0.0,0.0,0.0,0.0,0
4,0.0,0.0,0.0,0.0,0
