,max,min,avg,median,count
0,0.09860494307228126,0.01609680507893422,0.05234879188587675,0.04519692969695765,42
1,0.02445679155722535,0.005141804304444909,0.017803699258747356,0.020492207032124753,147
2,0.01877948404080388,0.002999576512907422,0.012148120229245444,0.010267727099901784,77
3,0.5216056260128402,0.5216056260128402,0.5216056260128402,0.5216056260128402,1
4,0.0,0.0,0.0,0.0,0
