,max,min,avg,median,count
0,0.3199574753839656,0.015576060474026454,0.15257480070518842,0.08192263359260396,26
1,0.03380223000513041,0.004305874286058501,0.019916925936003298,0.025338628025294022,89
2,0.031054050911191674,0.003273729887037653,0.018250309164739333,0.018077789196236205,150
3,0.0,0.0,0.0,0.0,0
4,0.0,0.0,0.0,0.0,0
