,max,min,avg,median,count
0,0.08906380463020631,0.0039627992189733745,0.05052706220721363,0.05618473057212276,25
1,0.028856009517422156,0.0010477100407648371,0.011518389081009765,0.009484301990066116,100
2,0.022265614792232033,0.003924440318713507,0.017154183949157208,0.02010099165411707,131
3,0.0,0.0,0.0,0.0,0
4,0.0,0.0,0.0,0.0,0
