,max,min,avg,median,count
0,0.11288103337616644,0.0025045176184646184,0.06714016737890026,0.09776244460502362,41
1,0.07556025861074465,0.024481513692825252,0.06319761390384146,0.07258182020583055,70
2,0.032245187114927916,0.01488634106044952,0.024593023439561722,0.028563393777545545,149
3,0.7566665906874117,0.12441281047636056,0.48724771888476964,0.5806637554905367,3
4,0.0,0.0,0.0,0.0,0
