,max,min,avg,median,count
0,0.235117755198511,0.03657977766502086,0.14978391780571215,0.1540857981468357,36
1,0.11259375347990938,0.04534803480090294,0.09051188364607257,0.09485195807402254,95
2,0.049441685744529944,0.00338982870895917,0.029313856527237548,0.03032989445974323,190
3,0.0,0.0,0.0,0.0,0
4,0.0,0.0,0.0,0.0,0
