,max,min,avg,median,count
0,0.14699305975818183,0.028147238984594838,0.09980443090464294,0.09260187653448222,29
1,0.03405505482501675,0.01829115398965959,0.02575833036426025,0.02165368518909323,132
2,0.01969705044050632,0.0023984705762651703,0.011951748043626653,0.015920068119236262,113
3,0.0,0.0,0.0,0.0,0
4,0.0,0.0,0.0,0.0,0
