,max,min,avg,median,count
0,0.04620734621260385,0.007134340113541103,0.025088800855817363,0.021122671483581233,39
1,0.006293200753710823,0.00032079836677651624,0.003405803996269561,0.004335131840141673,73
2,0.009943104759339677,0.005097972148673835,0.007363637718818659,0.00780471792690487,160
3,0.0,0.0,0.0,0.0,0
4,0.0,0.0,0.0,0.0,0
