,max,min,avg,median,count
0,0.22761058138174545,0.017110686839981615,0.14231141073661385,0.14883402669300322,50
1,0.05581317403876413,0.009241822245552773,0.03695934274609662,0.04253604871040594,141
2,0.0316236228087136,0.0005069383649877954,0.012667916482494069,0.014584466304621091,176
3,0.0,0.0,0.0,0.0,0
4,0.0,0.0,0.0,0.0,0
