,max,min,avg,median,count
0,0.11878575086469727,0.001307904280877933,0.06209087146421906,0.04609854220789649,31
1,0.010289008427970443,0.0011887773589402215,0.005486243708871283,0.00513214322191873,115
2,0.013442598133477217,0.0032464914965203676,0.009041655305335293,0.00959240177106226,135
3,0.0,0.0,0.0,0.0,0
4,0.0,0.0,0.0,0.0,0
