,max,min,avg,median,count
0,0.10650461996948173,0.0015106041073996328,0.04718694866403306,0.03487367782868362,41
1,0.022172106514234034,0.004281242938906422,0.010927529277499017,0.005670607888736703,119
2,0.06367593060932586,0.012181044230981795,0.03064862886699145,0.02658823859039779,100
3,0.0,0.0,0.0,0.0,0
4,0.0,0.0,0.0,0.0,0
