,max,min,avg,median,count
0,0.024212039547865164,0.004152228303708696,0.013122312792161367,0.0089318642761841,29
1,0.008198218850263403,0.0024544225700833333,0.004716891409367438,0.005077626898063109,52
2,0.0026960182905030484,0.0007086828170284989,0.001581645151079819,0.0011741563645347244,209
3,0.0,0.0,0.0,0.0,0
4,0.0,0.0,0.0,0.0,0
