,max,min,avg,median,count
0,0.21748020762462147,0.046740641382782125,0.1441926482291446,0.1632617587509099,27
1,0.11743465306637221,0.003732505399349519,0.05053985433529963,0.04512690413054832,79
2,0.06934687623319208,0.013094333426672168,0.03437620403898119,0.02986162728335851,152
3,0.0,0.0,0.0,0.0,0
4,0.0,0.0,0.0,0.0,0
