,max,min,avg,median,count
0,0.11207343677241242,0.017266275243129594,0.06527336670452265,0.06978752627761584,29
1,0.08438309335913691,0.01560121775766808,0.06438409524616849,0.07993266437272145,76
2,0.02277958374130097,0.01799929260110751,0.01982410016528039,0.01836630856327362,155
3,0.0,0.0,0.0,0.0,0
4,0.0,0.0,0.0,0.0,0
