,max,min,avg,median,count
0,0.1758505249821478,0.061203196088606866,0.10512073680021813,0.09023442798860025,19
1,0.0035839265250008044,0.00018151464907432765,0.0023419357183304735,0.0025339055451220433,166
2,0.04009946066380819,0.005528614677338861,0.023195015924768983,0.020378183794311323,74
3,0.5484018970626914,0.5484018970626914,0.5484018970626914,0.5484018970626914,1
4,0.0,0.0,0.0,0.0,0
