,max,min,avg,median,count
0,0.08618616493481455,0.026175818923878966,0.05612318923548154,0.050614460192112104,49
1,0.02231060932090211,0.002292495466720567,0.013215227371290064,0.01823029539074062,141
2,0.026371867094824055,0.005199186716752718,0.015691686002505898,0.018439546039629162,120
3,0.0,0.0,0.0,0.0,0
4,0.0,0.0,0.0,0.0,0
