,max,min,avg,median,count
0,0.2562445322074332,0.0007211085301910506,0.14515023431434823,0.18710644780769023,26
1,0.06542513743671034,0.018097606240245055,0.045794123371177754,0.04951032493318204,93
2,0.0359344965368977,0.007724800012020797,0.022608180955769403,0.02660730060805656,139
3,0.0,0.0,0.0,0.0,0
4,0.0,0.0,0.0,0.0,0
