,max,min,avg,median,count
0,0.172420852521559,0.03633309188942146,0.12758152410487894,0.154156825637465,39
1,0.06586906454674872,0.01234195544131255,0.04805577152652486,0.055691207928138545,74
2,0.04331353522492286,0.0007605472648761628,0.0291608930254035,0.04053773956424348,182
3,0.0,0.0,0.0,0.0,0
4,0.0,0.0,0.0,0.0,0
