,max,min,avg,median,count
0,0.15121655616703,0.025933834064894943,0.08470878155129617,0.08968134292633412,43
1,0.13941030547464792,0.00692682390764832,0.09276753001607971,0.09420652339326557,117
2,0.05705823535730567,0.021122761030247506,0.041075046569192294,0.04224063169441459,170
3,0.0,0.0,0.0,0.0,0
4,0.0,0.0,0.0,0.0,0
