,max,min,avg,median,count
0,0.25297477415841857,0.03451526487111338,0.12284887172987032,0.0637239066027335,24
1,0.028743750645939915,0.012847893584360056,0.019449659331341997,0.02085304312046335,144
2,0.0387266967617441,0.004827734084894182,0.025272121763850252,0.03060005622958248,92
3,0.0,0.0,0.0,0.0,0
4,0.0,0.0,0.0,0.0,0
