,max,min,avg,median,count
0,0.04525359231378142,0.014086734067239495,0.03484975821784194,0.03862507441641903,45
1,0.08512567930824677,0.0032853132150200215,0.03485800176235824,0.027514176624738335,68
2,0.00822543039490443,0.0014338604876753148,0.004331856870761469,0.004409133590443895,155
3,0.0,0.0,0.0,0.0,0
4,0.0,0.0,0.0,0.0,0
