,max,min,avg,median,count
0,0.4043930587565478,0.2125987045920617,0.2757223403051206,0.22136190768496875,32
1,0.06664679600058547,0.008174824821532008,0.035630464686678964,0.02349823383805586,63
2,0.031041812137810224,0.0007326563349455016,0.013927148795300336,0.01445222816596624,194
3,0.0,0.0,0.0,0.0,0
4,0.0,0.0,0.0,0.0,0
