,max,min,avg,median,count
0,0.2907555426325486,0.0589762419362717,0.1783750441289152,0.20104336370651893,37
1,0.1415406274605444,0.032339163627938636,0.0989859773783789,0.0929646831533426,95
2,0.042770124006499946,5.899749386052355e-05,0.025256845291403172,0.027124194769126326,157
3,0.0,0.0,0.0,0.0,0
4,0.0,0.0,0.0,0.0,0
