,max,min,avg,median,count
0,0.18586141387268332,0.0352515322137052,0.09485859521644399,0.07784519719076727,9
1,0.03308677999545672,0.020761891805328968,0.028456642230847772,0.030592533298664085,88
2,0.01195898411669342,0.000596811716534956,0.008227476581774383,0.010734107689791278,205
3,0.0,0.0,0.0,0.0,0
4,0.0,0.0,0.0,0.0,0
