,max,min,avg,median,count
0,0.07468971420578883,0.010173212609529279,0.041028656874567596,0.03860264768190221,40
1,0.031420934527696884,0.006783369909968958,0.017478050808740625,0.015806981364320502,111
2,0.07434860798483264,0.02470485167324786,0.05055453510871544,0.046390240906355594,107
3,0.0,0.0,0.0,0.0,0
4,0.0,0.0,0.0,0.0,0
