,max,min,avg,median,count
0,0.19343796097412086,0.003958842686449222,0.12071144236057582,0.16705778663075463,20
1,0.06894686598596485,0.013193511171526753,0.04911030244623068,0.05510667944411061,67
2,0.01468274426691144,0.0016786410194204317,0.006457332837308977,0.0025761106940374954,175
3,0.0,0.0,0.0,0.0,0
4,0.0,0.0,0.0,0.0,0
