,max,min,avg,median,count
0,0.1648170632804921,0.0087706024236022,0.08844274451767935,0.1165040577354106,35
1,0.21857831445228526,0.0032493099381976894,0.08550593663749337,0.04034647561906591,66
2,0.03168948677411823,0.006986534115801516,0.024118184089383612,0.03062673022716389,155
3,0.0,0.0,0.0,0.0,0
4,0.0,0.0,0.0,0.0,0
