,max,min,avg,median,count
0,0.1086244056286661,0.0014493755538025396,0.03857779839034613,0.024218073770176738,34
1,0.06532101056318763,0.002274662864487187,0.030630840178438125,0.02504201001856912,84
2,0.03226401388697893,0.0024906789683623353,0.015009875402196374,0.013037804715069844,164
3,0.0,0.0,0.0,0.0,0
4,0.0,0.0,0.0,0.0,0
