,max,min,avg,median,count
0,0.20077560673574354,0.027469677492614714,0.0957641370399038,0.06776841002261205,44
1,0.1170473318906967,0.032176362653260904,0.07652700024888422,0.0693609374740247,105
2,0.047327352421527205,0.02124291270155521,0.035620295004998095,0.033030956737479036,340
3,0.0,0.0,0.0,0.0,0
4,0.0,0.0,0.0,0.0,0
