,max,min,avg,median,count
0,0.14412498886230193,0.042084952191327546,0.09995433132814673,0.10565852201099526,46
1,0.06748143330762389,0.02842801725498482,0.04434407875787788,0.033053203116985966,102
2,0.03706058815016696,0.009703029125468159,0.027795408280707968,0.030134198501751062,207
3,0.0,0.0,0.0,0.0,0
4,0.0,0.0,0.0,0.0,0
