,max,min,avg,median,count
0,0.08996155951756334,0.02253203885788033,0.038942572004373795,0.026863192998978134,36
1,0.021520308859720314,0.0020839160078037454,0.010872299292187425,0.007519616949193944,165
2,0.06550491695865378,0.00515443118053877,0.047745115568587834,0.053284441318293185,77
3,0.0,0.0,0.0,0.0,0
4,0.0,0.0,0.0,0.0,0
