,max,min,avg,median,count
0,0.07635834003398133,0.021534029248442433,0.03669821820553481,0.02597135039649877,36
1,0.03161891386317582,0.0068286271560882884,0.017346404023268716,0.01719486122059234,160
2,0.03394713910762973,0.0037529791755989946,0.019350269382669254,0.02386759463157561,61
3,0.0,0.0,0.0,0.0,0
4,0.0,0.0,0.0,0.0,0
