,max,min,avg,median,count
0,0.2733568192735848,0.012433015228355696,0.17735377525209006,0.2113734397497588,24
1,0.11801746463620057,0.0025831866285988335,0.058179815493107155,0.047190667215596165,49
2,0.02742946766284498,0.003195700271660165,0.011563206516663314,0.011692999517825849,184
3,0.8652092984076976,0.512850616136306,0.6890299572720018,0.6890299572720018,2
4,0.0,0.0,0.0,0.0,0
