,max,min,avg,median,count
0,0.05108040216310058,0.0126427189320703,0.031355453381420685,0.03426222061778766,57
1,0.05626955134802242,0.014626785457265005,0.039742021526347635,0.044488948820310244,129
2,0.024144478564653148,0.01124385839236005,0.018999775161114646,0.021522910999715827,198
3,0.5678760878130846,0.021752295152479055,0.43100261976320675,0.5037685369731589,8
4,0.0,0.0,0.0,0.0,0
