,max,min,avg,median,count
0,0.07862070760167299,0.021091370985058512,0.04464480634148601,0.03860591388544233,40
1,0.04626561089116142,0.012269118179098516,0.02359371939809414,0.02229179706619717,101
2,0.02441072277563411,0.0005792571070258214,0.013568418365538135,0.012117555024702803,118
3,0.37758413650634554,0.37758413650634554,0.37758413650634554,0.37758413650634554,1
4,0.0,0.0,0.0,0.0,0
