,max,min,avg,median,count
0,0.19731609250165602,0.026021595144432568,0.1420218056925075,0.18062631764013348,37
1,0.04017583974069229,0.0025133659773247025,0.020866433707012275,0.025061873233914372,165
2,0.02338092683758898,0.004953006516963541,0.012063587048024271,0.007758235764053055,80
3,0.0,0.0,0.0,0.0,0
4,0.0,0.0,0.0,0.0,0
