,max,min,avg,median,count
0,0.19013922935675046,0.013255240549834625,0.12797434469908675,0.1818842306111711,32
1,0.04242789025996695,0.0009666750210340053,0.02369638770021282,0.029683286387733827,101
2,0.013968184672894032,0.0015323897755525752,0.008450431794783888,0.010529822288509343,151
3,0.0,0.0,0.0,0.0,0
4,0.0,0.0,0.0,0.0,0
