,max,min,avg,median,count
0,0.04998467275732275,0.0015142921004105267,0.02154389953805107,0.013479158812458989,44
1,0.0043055781956919436,0.002250473077911493,0.0035769190745068803,0.004045101135008914,146
2,0.05713581646326735,0.02548783856934331,0.046872539913246414,0.04970791138154406,68
3,0.0,0.0,0.0,0.0,0
4,0.0,0.0,0.0,0.0,0
