,max,min,avg,median,count
0,0.2899594849689088,0.003958842686449222,0.1537860928147652,0.19348864216636483,20
1,0.10000794518394626,0.012656827397470793,0.057135869133602954,0.06011236472905704,42
2,0.028605382763461095,0.00695210988432094,0.02040836795070798,0.026101336437434598,199
3,0.0,0.0,0.0,0.0,0
4,0.0,0.0,0.0,0.0,0
