,max,min,avg,median,count
0,0.3652000250370804,0.13180730627549664,0.25157442055891915,0.3117435226483838,9
1,0.3973993764012766,0.13027426005382284,0.24969031236412084,0.20871015235801446,10
2,0.02409884333532882,0.0018374790364164063,0.015813847671557198,0.01675635577314403,237
3,0.0,0.0,0.0,0.0,0
4,0.0,0.0,0.0,0.0,0
