,max,min,avg,median,count
0,0.09630126339195579,0.005039109584535901,0.03160494693845321,0.015473281422095288,40
1,0.014112808874143755,0.0003167943767973929,0.009649225727898118,0.012445415829324489,120
2,0.026769121682116714,0.002124220047752771,0.014898619600774366,0.016449293213773294,101
3,0.0,0.0,0.0,0.0,0
4,0.0,0.0,0.0,0.0,0
