,max,min,avg,median,count
0,0.10482705009219713,0.056981735923661965,0.08277580154269476,0.08712584359093584,39
1,0.03463943873416401,0.0032179739940023052,0.02473520333880284,0.028399576453333582,71
2,0.01365171006764843,0.004252385131387781,0.009922103292666096,0.011585179024715144,155
3,0.43281532730114053,0.32505116394613,0.3789332456236353,0.3789332456236353,2
4,0.0,0.0,0.0,0.0,0
