,max,min,avg,median,count
0,0.16201678203754277,0.04302062481101575,0.11384921523589009,0.13482680136191996,42
1,0.03429052186576215,0.0036482404516388666,0.019534007918653555,0.016914625158718975,95
2,0.04350924905895892,0.006911498977942395,0.02465048820332922,0.02311688810214076,118
3,0.32981850595687295,0.32981850595687295,0.32981850595687295,0.32981850595687295,1
4,0.0,0.0,0.0,0.0,0
