,max,min,avg,median,count
0,0.18024160436714337,0.07162667304964522,0.1321476546955956,0.12941301529667742,32
1,0.10454742794786943,0.020271037235443407,0.06542125693037684,0.051606263972192416,75
2,0.025010377346950288,0.005034659561861309,0.014165487601963612,0.011526790815063942,291
3,0.0,0.0,0.0,0.0,0
4,0.0,0.0,0.0,0.0,0
