,max,min,avg,median,count
0,0.1536029546436248,0.01099166968794115,0.07820168066056432,0.08579931494440833,29
1,0.027393282420486526,0.006372999954882172,0.015615219972608754,0.016963440969641953,133
2,0.04801686332629078,0.023778547964560828,0.03737406975667895,0.03631393231376951,95
3,0.0,0.0,0.0,0.0,0
4,0.0,0.0,0.0,0.0,0
