,max,min,avg,median,count
0,0.044693344073752875,0.005216523977149049,0.026605360637639786,0.0331135617722913,40
1,0.031618913863175814,0.006322521718255966,0.018920595826389986,0.020109213758912073,82
2,0.023382401887898144,0.0070891928564688865,0.014986099436812788,0.016567971980496532,133
3,0.1957489751114292,0.1957489751114292,0.1957489751114292,0.1957489751114292,1
4,0.0,0.0,0.0,0.0,0
