,max,min,avg,median,count
0,0.11632023306422315,0.00927547707433177,0.05812971665998203,0.03839604733171026,28
1,0.02063597074667044,0.0075122008241492655,0.014642761494314423,0.01517938742869974,129
2,0.04755895922792186,0.007692024000925443,0.02585863513591118,0.023549110006559515,103
3,0.0,0.0,0.0,0.0,0
4,0.0,0.0,0.0,0.0,0
