,max,min,avg,median,count
0,0.03497369689887193,0.004591797460564748,0.02089494701727388,0.02648372419968486,33
1,0.048291311920707354,0.0049506709238401735,0.02671552571230122,0.0274192851371944,64
2,0.017900095650011178,0.00022283571577249594,0.010002212161790845,0.009155216469005576,202
3,0.0,0.0,0.0,0.0,0
4,0.0,0.0,0.0,0.0,0
