,max,min,avg,median,count
0,0.05807743407489869,0.01281162845536945,0.041619179511082405,0.05158711672183631,21
1,0.03130960270883158,0.008565204466154669,0.022603835390063443,0.028446248730323066,113
2,0.027305922339177727,0.0036142555297655234,0.011254102656586402,0.007760977104684194,124
3,0.0,0.0,0.0,0.0,0
4,0.0,0.0,0.0,0.0,0
