,max,min,avg,median,count
0,0.0587030544603357,0.01246471171272268,0.03780227093540274,0.05047546476106951,42
1,0.017231913100192373,0.006597171748377049,0.012166708318649633,0.013033047105975911,96
2,0.03546576619526855,0.0030459968111931873,0.020846334883961374,0.02404014451034873,145
3,0.0,0.0,0.0,0.0,0
4,0.0,0.0,0.0,0.0,0
