,max,min,avg,median,count
0,0.04017339830501154,0.02356358259300557,0.03294405805425915,0.03634465902308756,44
1,0.07678200533879537,0.04119540378035002,0.05726806830303406,0.048127397294021754,122
2,0.11461066204694617,0.025460622707576555,0.051288893865393016,0.031054657445895747,91
3,0.0,0.0,0.0,0.0,0
4,0.0,0.0,0.0,0.0,0
