,max,min,avg,median,count
0,0.2691318660289794,0.005339485921855768,0.12392490608904286,0.0695615602483942,15
1,0.14853871283940145,0.031336990858478984,0.09795715986583335,0.12061917567533932,16
2,0.0040823214641056375,0.0005290016710122625,0.0023844539670720374,0.0027360766004010037,349
3,0.0,0.0,0.0,0.0,0
4,0.0,0.0,0.0,0.0,0
