,max,min,avg,median,count
0,0.0558269766974422,0.021350412940733983,0.041437363177023824,0.053089047448917424,39
1,0.13084760428518352,0.037501646641920384,0.09704665243342606,0.11157201923074828,70
2,0.018920823387135643,0.0007617495999654119,0.005064848443346226,0.0016274322773837092,151
3,0.3843861459890486,0.09232709501709906,0.23835662050307382,0.23835662050307382,2
4,0.0,0.0,0.0,0.0,0
