,max,min,avg,median,count
0,0.04388277689517961,0.010008169277132255,0.029585919887226326,0.03692533691065196,49
1,0.04096803089400162,0.005940856793359714,0.022530618119302792,0.021788106478092435,117
2,0.03896622229524607,0.00704322572575677,0.02651443830514284,0.028042409816193,198
3,0.0,0.0,0.0,0.0,0
4,0.0,0.0,0.0,0.0,0
