,max,min,avg,median,count
0,0.07427525202417394,0.014659299187022514,0.03751005142564834,0.029435240361086017,27
1,0.012437225903596572,0.0036152800653256475,0.009320831132038363,0.009764456659426232,84
2,0.005640506103706523,0.00029044718478240714,0.0026363708370728584,0.0026966423249007968,148
3,0.0,0.0,0.0,0.0,0
4,0.0,0.0,0.0,0.0,0
