,max,min,avg,median,count
0,0.46314864263680205,0.21811206049483833,0.35296755014006576,0.35971614985927014,26
1,0.07456283088404617,0.026252472984374414,0.04627022194976533,0.04772081114090715,73
2,0.03356305161571401,0.01500827838411401,0.024845207301685972,0.02310256672094041,157
3,0.0,0.0,0.0,0.0,0
4,0.0,0.0,0.0,0.0,0
