,max,min,avg,median,count
0,0.1230154854579137,0.07624638814692632,0.10080252852825403,0.09621478290638295,37
1,0.0637101206985188,0.0024985853788356497,0.04223148856994232,0.04998048549217305,101
2,0.06474054780784352,0.006047169866295957,0.0393448717027946,0.03478914010716776,122
3,0.0,0.0,0.0,0.0,0
4,0.0,0.0,0.0,0.0,0
