,max,min,avg,median,count
0,0.2286801827176091,0.027599772939964306,0.16444297155388524,0.18923877853029386,14
1,0.1326873612849967,0.011104091978367097,0.06090980693388466,0.052566147324367166,41
2,0.02740679881163094,0.004307192384855904,0.013555221313709297,0.011054676070433946,283
3,0.5399024518820839,0.10499325495503183,0.2811509753745902,0.2803004072856826,5
4,0.0,0.0,0.0,0.0,0
