,max,min,avg,median,count
0,0.11733677338340959,0.015563228682203226,0.06176118770002953,0.06372082855472333,23
1,0.018687604556520767,0.0038591913720602464,0.0122707125754601,0.01112260814908031,125
2,0.013632178383674122,7.914239965038006e-06,0.007481957669794846,0.008092307424453353,129
3,0.0,0.0,0.0,0.0,0
4,0.0,0.0,0.0,0.0,0
