,max,min,avg,median,count
0,0.04462953746391826,0.013087751149736267,0.03527126067481676,0.04109397976902831,32
1,0.01220660441359265,0.00012172535251298257,0.008474127869380493,0.010713176158444549,111
2,0.013852865742548652,0.0009193508537814653,0.009187752319125634,0.011918636097843474,122
3,0.0,0.0,0.0,0.0,0
4,0.0,0.0,0.0,0.0,0
