,max,min,avg,median,count
0,0.2693206466604324,0.013825012309847345,0.11224701690737564,0.10804594009562603,25
1,0.0772572251216578,0.012350676727594217,0.04648901136376597,0.04171774103345475,92
2,0.02484818603631036,0.005459624885739262,0.01556351956808898,0.014659307596880979,151
3,0.0,0.0,0.0,0.0,0
4,0.0,0.0,0.0,0.0,0
