,max,min,avg,median,count
0,0.039116988274514694,0.0012791061913850605,0.02264449658177724,0.019937133227634227,42
1,0.03714211797355004,0.0005050116114053008,0.013313871279625324,0.008628559275761226,75
2,0.013850205962263924,0.004103037366554077,0.01051304446948426,0.011709691363223489,166
3,0.4576684025647691,0.20628502018071682,0.32561848958300293,0.31290204600352295,3
4,0.0,0.0,0.0,0.0,0
