,max,min,avg,median,count
0,0.27924143342255714,0.07941488205911851,0.1998566395985822,0.1999285158409866,45
1,0.1970416695272248,0.09206030800877124,0.12365902636281541,0.10373653313025522,70
2,0.03564307874758038,0.004909614216232645,0.025982964629648886,0.02940829089612247,168
3,0.0,0.0,0.0,0.0,0
4,0.0,0.0,0.0,0.0,0
