,max,min,avg,median,count
0,0.3625290013144638,0.02081146026909034,0.2022621392111054,0.21714824370239583,22
1,0.03720998034328341,0.0007238417262902063,0.02666780896231085,0.03353117157436285,127
2,0.08477129065051156,0.03392776497284869,0.06638345211244863,0.07381430643715561,120
3,0.0,0.0,0.0,0.0,0
4,0.0,0.0,0.0,0.0,0
