,max,min,avg,median,count
0,0.2760725797343234,0.05158711672183631,0.20232019077890734,0.2225094408357037,20
1,0.10949050746955309,0.0024200455146613253,0.06774862849936701,0.07840469518861638,63
2,0.03200691966793309,0.01727701668890744,0.024822518911742662,0.025881690463474365,173
3,0.0,0.0,0.0,0.0,0
4,0.0,0.0,0.0,0.0,0
