,max,min,avg,median,count
0,0.18447642691568525,0.035097087280087126,0.09203438623644847,0.09654647130049783,9
1,0.11641666029694335,0.020571746009864958,0.08726291825588305,0.094522588916983,10
2,0.006952109884320941,0.0006888643826900194,0.004615692278274843,0.005579240864573013,237
3,0.0,0.0,0.0,0.0,0
4,0.0,0.0,0.0,0.0,0
