,max,min,avg,median,count
0,0.1798427474063262,0.0673362467178324,0.12341112812734993,0.12583783164140497,22
1,0.03451876437299301,0.001805747792541491,0.015005347034263244,0.00511284828888413,50
2,0.010477478748763607,0.0011372804656232624,0.005688393228135869,0.005520833193269165,189
3,0.7215193076865869,0.6273329033436464,0.6744261055151166,0.6744261055151166,2
4,0.0,0.0,0.0,0.0,0
