,max,min,avg,median,count
0,0.1607468221615512,0.009398768977896124,0.07592484514331947,0.04087263409377269,52
1,0.054876381154056186,0.004821138074213344,0.03164573895551321,0.03593654208538,89
2,0.08300435312823176,0.03520199456628618,0.05299521815819112,0.041318919211446294,216
3,0.6822271935397525,0.250988173842694,0.5082916872119294,0.6366930931301509,8
4,0.0,0.0,0.0,0.0,0
