,max,min,avg,median,count
0,0.11436707401677251,0.013099454456130004,0.07755452932863463,0.09721914409053536,21
1,0.05267789801462024,0.0030483219657322885,0.01786549909454226,0.01242297430278821,50
2,0.036208194506131865,0.011374490873747626,0.026625956658878756,0.030416677480086623,186
3,0.6254674978880553,0.4896655134909166,0.557566505689486,0.557566505689486,2
4,0.0,0.0,0.0,0.0,0
