,max,min,avg,median,count
0,0.20402099974364774,0.05304539215208642,0.13265139120274422,0.1409108364532031,40
1,0.02567158517283282,0.0019583317109655735,0.015112569530891929,0.014212248342091586,123
2,0.03620302211039101,0.0012022924980104757,0.016318358862140264,0.013967771663684908,102
3,0.0,0.0,0.0,0.0,0
4,0.0,0.0,0.0,0.0,0
