,max,min,avg,median,count
0,0.3024442080138034,0.18096522452160732,0.24005183287187984,0.23153432626390924,23
1,0.053870408941991105,0.0016905221204027206,0.027374112675510827,0.0350953253343671,69
2,0.030607099978689087,0.002533039914884723,0.019718821963859327,0.019986324053061586,180
3,0.0,0.0,0.0,0.0,0
4,0.0,0.0,0.0,0.0,0
