,max,min,avg,median,count
0,0.1690271589938072,0.01932362357477758,0.09161003853885051,0.0816612063333584,24
1,0.024700094856188713,0.00802130722735616,0.018902321902658413,0.023736105741828644,100
2,0.03252912934755153,0.006981340759694588,0.015521214892178645,0.013420542962754755,134
3,0.0,0.0,0.0,0.0,0
4,0.0,0.0,0.0,0.0,0
