,max,min,avg,median,count
0,0.07142628115133559,0.015710769639950203,0.04542196093917983,0.045199728278217506,37
1,0.031007864743828353,0.002013434860027609,0.01697569342776509,0.01593540564606986,109
2,0.01697212100294712,0.003924440318713507,0.007764392804563142,0.006135980766835978,111
3,0.0,0.0,0.0,0.0,0
4,0.0,0.0,0.0,0.0,0
