,max,min,avg,median,count
0,0.8653392635487818,0.2542040579340273,0.5325533318013544,0.47811667392125423,3
1,0.2080604454719539,0.08605640889753181,0.12445970323528263,0.11272294676273287,41
2,0.013010624768259241,0.0018954926308568341,0.007008005236109438,0.006449423605629036,187
3,0.028248168408433538,0.005102283188336756,0.018012649936820415,0.023632598674957206,57
4,0.0,0.0,0.0,0.0,0
