,max,min,avg,median,count
0,0.3863945928851885,0.06543231277644584,0.2097195624868931,0.1305115206479159,25
1,0.043189445200400634,0.0007414527248390679,0.018044301442914433,0.011915657175341605,86
2,0.0415581303828345,0.006635326053357739,0.022263199011295785,0.020931478376011073,146
3,0.0,0.0,0.0,0.0,0
4,0.0,0.0,0.0,0.0,0
