,max,min,avg,median,count
0,0.27377169899521536,0.13235599063049425,0.2054323122284094,0.22823712711888422,10
1,0.008764458839279371,0.00023995939945945877,0.004382390172798201,0.0036795291639693355,106
2,0.013846273667610239,0.002134441290454272,0.005426402421424491,0.003526782830158188,142
3,0.0,0.0,0.0,0.0,0
4,0.0,0.0,0.0,0.0,0
