,max,min,avg,median,count
0,0.1410651669975504,0.05851189887692365,0.09932853072611834,0.1058428773839658,21
1,0.012847893584360054,0.004478368216713114,0.009317771833147278,0.00903457515744508,115
2,0.009610800564465978,0.0008570020617537851,0.0047151404030940924,0.005438370799427993,123
3,0.0,0.0,0.0,0.0,0
4,0.0,0.0,0.0,0.0,0
