,max,min,avg,median,count
0,0.3783823250316328,0.04080839880096971,0.15181978463794052,0.08592943557411697,21
1,0.06262363111237493,0.0302735316089206,0.04732340731676555,0.05049247878575756,64
2,0.04819138617752557,0.01485864367367453,0.03000332521082204,0.032278602771673326,175
3,0.0,0.0,0.0,0.0,0
4,0.0,0.0,0.0,0.0,0
