,max,min,avg,median,count
0,0.021156292020110587,0.004888746810375424,0.013757162867979672,0.013072087983039197,27
1,0.032934911870277084,0.013516626777358409,0.022399028606595393,0.022422377574655247,99
2,0.0033970278533094547,0.00026077646566066535,0.002291700144800894,0.0025142516754373253,239
3,0.0,0.0,0.0,0.0,0
4,0.0,0.0,0.0,0.0,0
