,max,min,avg,median,count
0,0.16083408125915769,0.051195181516507676,0.11596816008143533,0.11761040255419491,41
1,0.07709321503982482,0.0047399015686427045,0.04913695453916399,0.05546154841826682,85
2,0.014963708482178971,0.0010665413762438766,0.00775505924148355,0.009522062960434619,203
3,0.0,0.0,0.0,0.0,0
4,0.0,0.0,0.0,0.0,0
