,max,min,avg,median,count
0,0.09661272062733928,0.023412108206389132,0.05138499083457928,0.030121043001970466,22
1,0.11590254766136919,0.046707411951319146,0.07844290594962484,0.08104176600753416,60
2,0.030769245469427893,0.015985565232990818,0.025268535675356103,0.02885090070835866,176
3,0.0,0.0,0.0,0.0,0
4,0.0,0.0,0.0,0.0,0
