,max,min,avg,median,count
0,0.5727912741571886,0.28739032443108553,0.42516090363679115,0.36391825748314716,24
1,0.08571285147006645,0.0011128798618736755,0.04217839495099711,0.02692776811858236,61
2,0.03961745033379431,0.0010742481449008974,0.020095820524191704,0.019754517400935815,235
3,0.0,0.0,0.0,0.0,0
4,0.0,0.0,0.0,0.0,0
