,max,min,avg,median,count
0,0.08518351447818924,0.018488038242564037,0.04984770796293865,0.05862252000701434,29
1,0.061354713741892074,0.002807312364905266,0.025098405983843376,0.015377475252721057,77
2,0.009719787091389376,0.0018476659446610333,0.0055461879136298586,0.005384225745569718,175
3,0.0,0.0,0.0,0.0,0
4,0.0,0.0,0.0,0.0,0
