,max,min,avg,median,count
0,0.03553265382170992,0.0025051625443025943,0.017982159685172944,0.017340768587986468,30
1,0.01823261788759502,0.00722301954125703,0.011121964735294287,0.009865994386091538,52
2,0.01571427238866795,0.012831536485972683,0.014537260521610845,0.014803780851789546,208
3,0.43751854180927996,0.1731430874096075,0.28796480358488585,0.25323278153577017,3
4,0.0,0.0,0.0,0.0,0
