,max,min,avg,median,count
0,0.421035885344776,0.009242884361720093,0.2156009500099978,0.1585409173321105,22
1,0.0546707384636535,0.00647917564414652,0.02369563260377825,0.011027859727150518,81
2,0.06782288267562701,0.003076579482822535,0.0325972095288645,0.018762867832502885,152
3,0.0,0.0,0.0,0.0,0
4,0.0,0.0,0.0,0.0,0
