,max,min,avg,median,count
0,0.2601388282724499,0.033819278801913745,0.18581674426618822,0.2142733440382029,22
1,0.09963728516050997,0.017811080327125382,0.0612891087906003,0.058899632135161833,89
2,0.09260074440255138,0.017813746935047333,0.049074845875295356,0.0360699369118811,160
3,0.0,0.0,0.0,0.0,0
4,0.0,0.0,0.0,0.0,0
