,max,min,avg,median,count
0,0.34582501236037166,0.04913138732002079,0.16727294247938684,0.17532182055700055,28
1,0.09771809939962543,0.04993484946610847,0.0655302310069709,0.05742431281378186,102
2,0.05081395026839472,0.017858412485078905,0.039544674846226174,0.04755977741515606,129
3,0.0,0.0,0.0,0.0,0
4,0.0,0.0,0.0,0.0,0
