,max,min,avg,median,count
0,0.4595349093077673,0.0777285225495211,0.24169350878687484,0.26672150388679633,26
1,0.039016013459276445,0.008114637266664958,0.024840359219211516,0.02631934301061905,122
2,0.0660527902697793,0.0035180430639406924,0.04193001498026751,0.046339049361126636,112
3,0.0,0.0,0.0,0.0,0
4,0.0,0.0,0.0,0.0,0
