,max,min,avg,median,count
0,0.24185916550337133,0.020366512855470285,0.10228749003638718,0.06161536447917578,34
1,0.010286752443538064,0.004305578195691943,0.00783267536098571,0.00903457515744508,214
2,0.4684237945597703,0.02362399506027194,0.24946932137403838,0.27911770454895135,9
3,0.0,0.0,0.0,0.0,0
4,0.0,0.0,0.0,0.0,0
