,max,min,avg,median,count
0,0.15537118313660453,0.05757644939706006,0.12238044776293773,0.1504155940567886,47
1,0.04715108742950143,0.005217307490345903,0.02329614482266935,0.02104607488854468,120
2,0.053246442853086655,0.010049666185536314,0.0334470854204849,0.03845645391434421,99
3,0.0,0.0,0.0,0.0,0
4,0.0,0.0,0.0,0.0,0
