,max,min,avg,median,count
0,0.3397683157304421,0.00850211373558459,0.21628629960499146,0.24737302795641702,6
1,0.06130158243883759,0.01475540297689402,0.036175834970595386,0.028464390772300282,31
2,0.010817659003970956,0.0008144439163202559,0.0044308571297745954,0.0036595715231574812,227
3,0.37112750252132926,0.07289442847747192,0.22201096549940058,0.22201096549940058,2
4,0.0,0.0,0.0,0.0,0
