,max,min,avg,median,count
0,0.18927091656932368,0.04788010109110769,0.09931316725215136,0.08343783798327703,41
1,0.04571137533194772,0.012546404620139093,0.028255218390141133,0.028493265261432216,121
2,0.0242630532687413,0.00018407818163539738,0.015262932002908491,0.018176842992215936,142
3,0.0,0.0,0.0,0.0,0
4,0.0,0.0,0.0,0.0,0
