,max,min,avg,median,count
0,0.06247587367053624,0.03573901161252629,0.0480442406237126,0.04360848993804184,30
1,0.022227025692941466,0.007456389551552736,0.015222198631466006,0.0131736383405258,93
2,0.01698613750707612,0.000761749599965412,0.009343766956779192,0.011160669607698452,139
3,0.0,0.0,0.0,0.0,0
4,0.0,0.0,0.0,0.0,0
