,max,min,avg,median,count
0,0.10739606449492191,0.0011254235425070026,0.05237297922354708,0.057860060453714134,34
1,0.09024916092788214,0.04519310812933195,0.06617131322182704,0.06111115743934321,82
2,0.11061735453512035,0.010936911181872911,0.07292699476356312,0.08083448017580246,163
3,0.0,0.0,0.0,0.0,0
4,0.0,0.0,0.0,0.0,0
