,max,min,avg,median,count
0,0.17665627566198563,0.016865861172688776,0.12066219004022352,0.13247691260078737,29
1,0.026966730023355145,0.012732646148880956,0.01934885592521348,0.01782458516338262,86
2,0.038392357194962874,0.018803177829112762,0.026936372521262148,0.020812501805804254,143
3,0.0,0.0,0.0,0.0,0
4,0.0,0.0,0.0,0.0,0
