,max,min,avg,median,count
0,0.05978611065665676,0.004959263760969728,0.026125703891974057,0.012074945294815847,29
1,0.052757351170398314,0.006399398010518583,0.02930889871430748,0.032250771686791094,92
2,0.009975460742212668,0.001354903366933167,0.005690507949387981,0.005884864639962553,140
3,0.0,0.0,0.0,0.0,0
4,0.0,0.0,0.0,0.0,0
