,max,min,avg,median,count
0,0.053195278004971105,0.01099166968794115,0.031259404753463484,0.03698137074092841,29
1,0.013791078536746307,0.002498716819171307,0.00867163514927042,0.008856295485610028,77
2,0.01212674047869182,0.0026445065252321295,0.004957138089954589,0.0034231104975619726,155
3,0.0,0.0,0.0,0.0,0
4,0.0,0.0,0.0,0.0,0
