,max,min,avg,median,count
0,0.4017326610411477,0.10659609558614688,0.3112982179560264,0.35906065992292585,28
1,0.06832561277662912,0.021761932813849277,0.04354397951732786,0.03970611304144843,98
2,0.033482326214755276,0.009810353949034964,0.020054187698640716,0.022291267759933526,149
3,0.0,0.0,0.0,0.0,0
4,0.0,0.0,0.0,0.0,0
