,max,min,avg,median,count
0,0.1761020882547405,0.02656803522115226,0.1039406235891831,0.1422535342666073,27
1,0.04801593595444981,0.0320736126327635,0.04031780195754041,0.04314771544668034,95
2,0.019307636277284684,0.002472258249162118,0.009026387240430494,0.00956342970674267,138
3,0.0,0.0,0.0,0.0,0
4,0.0,0.0,0.0,0.0,0
