,max,min,avg,median,count
0,0.160920886238351,0.035984571670940164,0.10408290440357884,0.13216524542367286,37
1,0.11275118151164555,0.009659832127265677,0.07635560500976332,0.09845688826946224,87
2,0.054673238670724045,0.002834854130180146,0.03312996548386576,0.031627090402413655,145
3,0.0,0.0,0.0,0.0,0
4,0.0,0.0,0.0,0.0,0
