,max,min,avg,median,count
0,0.6740144935992675,0.19495295605687107,0.44170003116637924,0.456132643842999,3
1,0.04537786949168085,0.005713607930749778,0.02554119846443812,0.028771691973510472,152
2,0.09633764887612481,0.010073336023870396,0.04837254466078965,0.04618966323653449,105
3,0.19729658341873516,0.12297026667490168,0.1642847293239379,0.15913791806722463,26
4,0.0,0.0,0.0,0.0,0
