,max,min,avg,median,count
0,0.15375688427548154,0.026905844790513472,0.07106314547789713,0.04279979566250456,45
1,0.0392800893100589,0.005130910447562037,0.017610434914420523,0.011650490241433217,105
2,0.08146470291864885,0.00463824741010614,0.033347080119222904,0.03281962019833305,138
3,0.7320142977437339,0.01107622597846443,0.3715452618610992,0.3715452618610992,2
4,0.0,0.0,0.0,0.0,0
