,max,min,avg,median,count
0,0.471778889555328,0.010850230676656775,0.2406801014238858,0.23667076139518217,24
1,0.03153854383188104,0.004070400521908483,0.01780359571673863,0.017824585163382624,122
2,0.04976182036720226,0.014988534985402945,0.032811855944261156,0.03341668829956141,114
3,0.0,0.0,0.0,0.0,0
4,0.0,0.0,0.0,0.0,0
