,max,min,avg,median,count
0,0.08959395687274518,0.03325351767942754,0.05445079278632381,0.04251755651428624,22
1,0.0656877709444535,0.00014492340454715194,0.032346618686520424,0.018097985822807524,57
2,0.022623415745632366,0.012659615357727801,0.017683127996046866,0.019944202824693866,221
3,0.0,0.0,0.0,0.0,0
4,0.0,0.0,0.0,0.0,0
