,max,min,avg,median,count
0,0.4178696546405756,0.18447642691568528,0.29444372878390124,0.30385816010869343,9
1,0.7643381617296324,0.250577105123579,0.6454632428531332,0.7591972794972883,10
2,0.02367514611438993,0.0018020026298629938,0.014087233989018576,0.013176037991381204,249
3,0.0,0.0,0.0,0.0,0
4,0.0,0.0,0.0,0.0,0
