,max,min,avg,median,count
0,0.07778134418872511,0.008186739322432149,0.03503280626188664,0.029635060845205105,51
1,0.07890340636402121,0.0016444374614600177,0.026193541909429983,0.018959007635455646,106
2,0.1280593792232314,0.035864869776771224,0.066041148042627,0.05794620548897395,135
3,0.0,0.0,0.0,0.0,0
4,0.0,0.0,0.0,0.0,0
