,max,min,avg,median,count
0,0.1386744090369393,0.009757160922576634,0.05385347903608062,0.023504458133345656,36
1,0.12780914062125676,0.01806531939298732,0.0798571851429419,0.07207626106595547,69
2,0.08265449895470812,0.02670016971037648,0.04962396057839878,0.046193816067060994,150
3,0.0,0.0,0.0,0.0,0
4,0.0,0.0,0.0,0.0,0
