,max,min,avg,median,count
0,0.1427895094301522,0.03583993990913071,0.07577525125164034,0.059756864688064106,9
1,0.06755784218682628,0.03170313332136393,0.04227375203903168,0.035710914200617394,32
2,0.002980896675278287,0.0006849870365740397,0.0016322134644027452,0.0017046206270848782,244
3,0.29355079443366866,0.16828448510747,0.2143961207900129,0.1813530828289001,3
4,0.0,0.0,0.0,0.0,0
