,max,min,avg,median,count
0,0.05048878022306172,0.0015354415237769264,0.024888475948795192,0.02773371326775764,31
1,0.023555884378100852,0.001996971652297025,0.00930847246332421,0.008980275940644475,93
2,0.01871472750965048,0.0016793501872772508,0.009947084217589308,0.007071698989993295,163
3,0.0,0.0,0.0,0.0,0
4,0.0,0.0,0.0,0.0,0
