,max,min,avg,median,count
0,0.10304229131041737,0.018589864583658747,0.06000379995014952,0.05438887058878936,31
1,0.025603296220497052,0.007341300558568156,0.01645533265363395,0.01652809768657579,128
2,0.04934166324019113,0.014743251337824713,0.03028664152705427,0.02376588327839617,112
3,0.0,0.0,0.0,0.0,0
4,0.0,0.0,0.0,0.0,0
