,max,min,avg,median,count
0,0.2660861521149458,0.026014099840291422,0.18092928102892009,0.2363450553334725,27
1,0.05694272380966634,0.021669972360234976,0.044656240774855284,0.05489907275247325,94
2,0.07170706122089597,0.01438201819113347,0.03898752585765748,0.03795652705284314,144
3,0.0,0.0,0.0,0.0,0
4,0.0,0.0,0.0,0.0,0
