,max,min,avg,median,count
0,0.05076774285186258,0.02921232850642993,0.03950486737490894,0.03898067719917603,26
1,0.011350437589482017,0.005082177539130817,0.007919341510600439,0.006642260237561947,119
2,0.01378081508574981,0.00782864188529241,0.010891896233524325,0.011127905929521937,130
3,0.0,0.0,0.0,0.0,0
4,0.0,0.0,0.0,0.0,0
