,max,min,avg,median,count
0,0.21129282543664238,0.07862727653159533,0.16336428586711477,0.1869009667218216,24
1,0.04330910577098349,0.001781350316051391,0.019695121064734616,0.018643927745906272,146
2,0.038911274864754715,0.031107853560995526,0.03423931494431673,0.032994526549902925,88
3,0.0,0.0,0.0,0.0,0
4,0.0,0.0,0.0,0.0,0
