,max,min,avg,median,count
0,0.6764639284001496,0.16208894730021686,0.4887392842005018,0.5047462993393254,5
1,0.02201630279270335,0.004351618814404694,0.011441965060414658,0.010853864374691678,92
2,0.017224072336113515,0.003963960798126713,0.009194594600715051,0.00872318537575313,158
3,0.0,0.0,0.0,0.0,0
4,0.0,0.0,0.0,0.0,0
