,max,min,avg,median,count
0,0.5290082444112525,0.1845522283757743,0.3648718598196915,0.3222350630706616,23
1,0.07972510434175453,0.0020026887543365688,0.05644676564415256,0.07392818303094412,115
2,0.04054902998912455,0.009724398581002948,0.028835613907915853,0.030918566332744195,123
3,0.0,0.0,0.0,0.0,0
4,0.0,0.0,0.0,0.0,0
