,max,min,avg,median,count
0,0.12230185716943207,0.04891883833572371,0.07853501971312415,0.0762228910393668,28
1,0.04811217573780212,0.02334066257559779,0.033724715809444306,0.03100786474382835,86
2,0.019900754933820656,0.0019672404725473444,0.009793023600069607,0.00831182303954808,142
3,0.0,0.0,0.0,0.0,0
4,0.0,0.0,0.0,0.0,0
