,max,min,avg,median,count
0,0.06565171712526559,0.01810154128277712,0.05294370182151044,0.061290730113318814,53
1,0.016897093768290513,0.002504342868358868,0.006826658689271644,0.003858557417352385,172
2,0.04139842191815248,0.016645653486788616,0.023700729870053016,0.021050761664561584,97
3,0.0,0.0,0.0,0.0,0
4,0.0,0.0,0.0,0.0,0
