,max,min,avg,median,count
0,0.21134392094130314,0.021481510158238095,0.1312032263385544,0.1562421280188568,25
1,0.021980775960960614,0.0007607044530180258,0.007165173579941569,0.0017642293576212735,52
2,0.03341587131801605,0.019728588606225304,0.028968369300514784,0.031729126765402516,196
3,0.6650347786977969,0.5028683153021397,0.5839515469999683,0.5839515469999683,2
4,0.0,0.0,0.0,0.0,0
