,max,min,avg,median,count
0,0.07729910079068858,0.01500638294030088,0.03789981230607238,0.018141861153769943,27
1,0.01820489430921616,0.0011689617404894133,0.010729934186759502,0.011052762877781756,104
2,0.002373149835495586,0.00033142759947644615,0.001620304162548614,0.002078570658778592,200
3,0.0,0.0,0.0,0.0,0
4,0.0,0.0,0.0,0.0,0
