,max,min,avg,median,count
0,0.20266373984177188,0.04886138309509131,0.11079958629188107,0.11590183809871511,37
1,0.15870201999831793,0.021527038668213896,0.08096169264957595,0.0861937218595761,70
2,0.06506009961865952,0.004604943316740526,0.03374497581829624,0.04431722145098176,159
3,0.0,0.0,0.0,0.0,0
4,0.0,0.0,0.0,0.0,0
