,max,min,avg,median,count
0,0.06208559333001366,0.01957552749921423,0.042731894262815116,0.039599511171764044,29
1,0.026580316868255297,0.0010097341691110968,0.015337274413025076,0.014814669822528858,82
2,0.008980183703678136,0.004496482130321974,0.005744937283410665,0.004786178434152509,147
3,0.0,0.0,0.0,0.0,0
4,0.0,0.0,0.0,0.0,0
