,max,min,avg,median,count
0,0.10178773768683916,0.08347590996264816,0.09312861669910685,0.09541614856153051,33
1,0.021388651897966418,0.004986465655507946,0.014284100975208191,0.015814012854239848,54
2,0.010896533591269573,0.00493130369216207,0.00827137055159817,0.008710397460358864,203
3,0.0,0.0,0.0,0.0,0
4,0.0,0.0,0.0,0.0,0
