,max,min,avg,median,count
0,0.11067115019545111,0.03587381057496896,0.08968524495810345,0.10681084642772702,24
1,0.07715199198154576,0.03952319365727121,0.05585247450032199,0.04909711990452119,63
2,0.018684639285009044,0.004187280225690345,0.012761589083817615,0.015629793043932933,172
3,0.0,0.0,0.0,0.0,0
4,0.0,0.0,0.0,0.0,0
