,max,min,avg,median,count
0,0.1005798505567627,0.030176281987252564,0.07515189329096034,0.0763025719679644,22
1,0.09747788817222852,0.027849972044569116,0.05529237636316846,0.046465349855309396,74
2,0.009759108154710166,0.0008480924674049964,0.005630049135502843,0.005774975832628882,185
3,0.21381461585793998,0.12585401519713915,0.16983431552753958,0.16983431552753958,2
4,0.0,0.0,0.0,0.0,0
