,max,min,avg,median,count
0,0.2692541944859905,0.0018348912943041557,0.1372749225737666,0.09216827706345275,22
1,0.1605157163456343,0.050820991965193726,0.11357160909601172,0.13287960962626164,48
2,0.025795609578794856,0.0017465591793107025,0.011365335575897438,0.0036061754206111294,192
3,0.0,0.0,0.0,0.0,0
4,0.0,0.0,0.0,0.0,0
