,max,min,avg,median,count
0,0.15802236830407346,0.03180512689687554,0.0883308928850585,0.09392436403242467,26
1,0.07018229942195157,0.00974176920533909,0.036059954631670756,0.02588814523638267,93
2,0.041757526604816665,0.012666152910823354,0.02151734364233652,0.014707468844044414,144
3,0.0,0.0,0.0,0.0,0
4,0.0,0.0,0.0,0.0,0
