,max,min,avg,median,count
0,0.06956289463637172,0.024171062188642126,0.039128859301311034,0.035531252624993605,35
1,0.022291797066197175,0.001062723905839409,0.012987685588180573,0.010015644087781564,66
2,0.018762867832502885,0.001874346771348696,0.009676340095524127,0.007477659889249295,157
3,0.0,0.0,0.0,0.0,0
4,0.0,0.0,0.0,0.0,0
