,max,min,avg,median,count
0,0.19152889008490706,0.03234345357793588,0.11502777892200529,0.1287761350464956,31
1,0.021162473945824475,0.0002137324824475438,0.008827227551392588,0.006666123157789975,142
2,0.0515699952503984,0.012131357222922723,0.028270518400471824,0.02244779571445039,110
3,0.0,0.0,0.0,0.0,0
4,0.0,0.0,0.0,0.0,0
