,max,min,avg,median,count
0,0.2532452883757018,0.00850211373558459,0.1365112225401512,0.16762918767175966,7
1,0.03274841533438575,0.001492527961228451,0.017178461569818438,0.021419386908138983,124
2,0.021680932355298763,0.006303905377346222,0.013329193912265466,0.013243601587805066,137
3,0.0,0.0,0.0,0.0,0
4,0.0,0.0,0.0,0.0,0
