,max,min,avg,median,count
0,0.713678767452053,0.062210433511917414,0.33761858438334763,0.21293786734623563,5
1,0.02751511900753423,0.011705268973890633,0.020517349452797862,0.019784479029803747,116
2,0.014673485158458194,0.0010623543982041356,0.010160577896670898,0.012744406102038253,157
3,0.09600586816696582,0.00037923976609629926,0.05157059464556597,0.06104817595366155,32
4,0.0,0.0,0.0,0.0,0
