,max,min,avg,median,count
0,0.08703995456271321,0.015058045903194138,0.047983609497159456,0.04559759635973065,48
1,0.12870887835817577,0.052211076587023425,0.07832683705786077,0.06789912018978736,87
2,0.029420595613740552,0.003384843719036705,0.01999387269748026,0.024543319361907713,179
3,0.0,0.0,0.0,0.0,0
4,0.0,0.0,0.0,0.0,0
