,max,min,avg,median,count
0,0.1204717453802217,0.04694481548344563,0.08086840766659556,0.07372519973586952,40
1,0.07038467346084387,0.021691670483281442,0.053175212311951436,0.0624830983961066,130
2,0.09364291220898534,0.025236213806430943,0.0567869794730263,0.048766278701692374,86
3,0.0,0.0,0.0,0.0,0
4,0.0,0.0,0.0,0.0,0
