,max,min,avg,median,count
0,0.37960858998526364,0.029214885698771897,0.2081139597605992,0.13950179529871257,23
1,0.05162107389684578,0.01567410678529414,0.02664907880445639,0.02384335714057793,112
2,0.06413538484626899,0.022212012979908304,0.04909952325891123,0.05776282645361605,126
3,0.0,0.0,0.0,0.0,0
4,0.0,0.0,0.0,0.0,0
