,max,min,avg,median,count
0,0.20570088662427716,0.09729187622969099,0.14546455114968207,0.14796097509168016,44
1,0.10693373410391532,0.00021329917782672962,0.030851547317661494,0.02018768622306181,93
2,0.05547398544461039,0.004380188183676013,0.030766353455572097,0.04384043356860641,137
3,0.0,0.0,0.0,0.0,0
4,0.0,0.0,0.0,0.0,0
