,max,min,avg,median,count
0,0.058893650421124995,0.007693263370901359,0.02528497705160415,0.017082929828250906,45
1,0.006975160580031527,0.0005426701593992089,0.004587157079271596,0.0046079067410334665,110
2,0.026317425695494896,0.00796214827237612,0.015708560308753717,0.014703277500106901,104
3,0.0,0.0,0.0,0.0,0
4,0.0,0.0,0.0,0.0,0
