,max,min,avg,median,count
0,0.12017163490872763,0.006721259741011307,0.06543730482865406,0.08244449919300427,21
1,0.042475936019252744,0.0016249245903406922,0.02078375739420646,0.018501065480384892,78
2,0.012405864914901425,0.0048196053525710455,0.008758303606469304,0.008387680997960584,158
3,0.12045425289196315,0.02370388264496743,0.06350386587006286,0.046353462073258,3
4,0.0,0.0,0.0,0.0,0
