,max,min,avg,median,count
0,0.1418311624911678,0.04931488096338037,0.09109322028037095,0.08796196900002788,51
1,0.03924685849613927,0.008453430687262212,0.02456970007537416,0.02508231645773106,76
2,0.04138338979700386,0.0069419864619355695,0.023668519373709795,0.024088784495636874,209
3,0.0,0.0,0.0,0.0,0
4,0.0,0.0,0.0,0.0,0
