,max,min,avg,median,count
0,0.17361981318211286,0.0017586337068170228,0.0790984264742973,0.06675150981276641,40
1,0.017592921879534963,0.0015044328493078296,0.010674571326503937,0.011098327509586768,180
2,0.09769579735445999,0.027256352854945945,0.06620211690391599,0.0754693435831037,48
3,0.0,0.0,0.0,0.0,0
4,0.0,0.0,0.0,0.0,0
