,max,min,avg,median,count
0,0.18881539683430568,0.09054353827252966,0.15568462613193937,0.17697384689160184,32
1,0.048256850399295996,0.002013434860027609,0.020716798196073288,0.023323994336448117,135
2,0.03641859611409788,0.0013082813139260587,0.022892823065217175,0.02409623103556172,98
3,0.0,0.0,0.0,0.0,0
4,0.0,0.0,0.0,0.0,0
