,max,min,avg,median,count
0,0.12137915706381204,0.006841871614027664,0.07461358215776995,0.10728224168940166,43
1,0.020326726086255416,0.016471081401060104,0.018024675679793413,0.017902453468861997,192
2,0.14280530244509812,0.028231946350904744,0.0921461174310767,0.12070860172211936,58
3,0.0,0.0,0.0,0.0,0
4,0.0,0.0,0.0,0.0,0
