,max,min,avg,median,count
0,0.1688837967660583,0.0038042129183267414,0.07348652754427705,0.04485204993783859,28
1,0.03838855662218034,0.021863374555028476,0.029302359363082352,0.02912638222712323,79
2,0.040369816294241724,0.012727547813547416,0.023286165121406292,0.020312449320126748,148
3,0.0,0.0,0.0,0.0,0
4,0.0,0.0,0.0,0.0,0
