,max,min,avg,median,count
0,0.38269742079775365,0.036303028253311845,0.16858865257223205,0.04638122852136245,14
1,0.41709633784286276,0.26773930248989664,0.3424595444173808,0.3439602255769733,14
2,0.01896990758566903,0.0019035918586372963,0.012154748222512897,0.013640299725058596,311
3,0.0,0.0,0.0,0.0,0
4,0.0,0.0,0.0,0.0,0
