,max,min,avg,median,count
0,0.44004314408349915,0.31200640455490886,0.37147748814019477,0.3697781887869033,14
1,0.012515820015734987,0.001155144781250397,0.006405189304295636,0.0061834305399203395,186
2,0.04133879937083262,0.007728819526456998,0.02533835206560368,0.02452040670471465,167
3,0.1570064557575365,0.009264806346098203,0.09192797077399903,0.1288244181413266,36
4,0.0,0.0,0.0,0.0,0
