,max,min,avg,median,count
0,0.045439494113515506,0.011589151977804973,0.0272514235566313,0.030016119536139946,62
1,0.04273676036829089,0.004174454538223589,0.03112987527122531,0.03793812453270868,137
2,0.03078144176962142,0.009938365895176429,0.018196669999703145,0.01532517920227312,264
3,0.0,0.0,0.0,0.0,0
4,0.0,0.0,0.0,0.0,0
