,max,min,avg,median,count
0,0.06959639771930244,0.016941037409383936,0.037280102283643216,0.03346836671442103,41
1,0.028558492289107108,0.001204028244815746,0.01332739378657724,0.014778160722743171,74
2,0.012310268905180744,0.003916180242986728,0.007195634906945546,0.006670797666031073,151
3,0.4902130433095572,0.334292038333454,0.4122525408215056,0.4122525408215056,2
4,0.0,0.0,0.0,0.0,0
