,max,min,avg,median,count
0,0.18898243183260274,0.07758540357443608,0.12498143167273128,0.11318277158771856,25
1,0.01708825621560278,0.006830313879507028,0.011448715496168499,0.009590722794821777,59
2,0.011269033542886539,0.0022869872002326814,0.00754665531252219,0.007877656108323356,178
3,0.0,0.0,0.0,0.0,0
4,0.0,0.0,0.0,0.0,0
