,max,min,avg,median,count
0,0.16405697538987132,0.014955317793311608,0.09770838282492607,0.0743680396726325,68
1,0.0722642799282554,0.03678539907070285,0.05376734013091923,0.0535731298873095,127
2,0.02545628168534634,0.0037238646988698985,0.01303684916619272,0.006718691423267758,298
3,0.0,0.0,0.0,0.0,0
4,0.0,0.0,0.0,0.0,0
