,max,min,avg,median,count
0,0.48310689344789165,0.0418017517146535,0.3109735016319566,0.42101562693830025,24
1,0.07783606131830327,0.03074995489178903,0.058460228114269916,0.06247238418902511,147
2,0.06215019246637945,0.009652634083685586,0.04680749966144309,0.0521365096011612,103
3,0.0,0.0,0.0,0.0,0
4,0.0,0.0,0.0,0.0,0
