,max,min,avg,median,count
0,0.09855174104878946,0.020902874418247095,0.057092079150320704,0.03966855631774299,43
1,0.0804976014597515,0.00926124114606518,0.05719768116317363,0.06803133660825796,66
2,0.00874788707467203,0.001385932873655587,0.006385741958588161,0.0072861151266062785,155
3,0.0,0.0,0.0,0.0,0
4,0.0,0.0,0.0,0.0,0
