,max,min,avg,median,count
0,0.2526923948312142,0.06586414441982065,0.16502780432956038,0.16843699336255127,68
1,0.10017587836907338,0.01216209190937419,0.05518696189598915,0.048911364571922994,107
2,0.008952790794611289,0.0025796815576774284,0.005181245536009878,0.004708315783185113,301
3,0.3598561107017069,0.13518311268812688,0.22960514916140182,0.18961174858188629,13
4,0.0,0.0,0.0,0.0,0
