,max,min,avg,median,count
0,0.2911964547735567,0.08247478570347608,0.14759400076307116,0.10543512799706702,50
1,0.12447410371824617,0.04928691561913576,0.09066314568731518,0.10830375648522714,103
2,0.06814963972912258,0.007467820630414116,0.03926541312929742,0.033018408310539926,178
3,0.0,0.0,0.0,0.0,0
4,0.0,0.0,0.0,0.0,0
