,max,min,avg,median,count
0,0.10856399264305412,0.025279000320263957,0.08328244760448474,0.09157066507364697,29
1,0.011531285895105858,0.006803310146812154,0.00993891454126184,0.010494908932826997,230
2,0.01951221470429577,0.010706901353222878,0.01304618995420682,0.011323648306309723,84
3,0.0,0.0,0.0,0.0,0
4,0.0,0.0,0.0,0.0,0
