,max,min,avg,median,count
0,0.2765209009148547,0.0021092622828774526,0.1556185100613954,0.22365985681323095,52
1,0.09938807914237012,0.026562309833192285,0.06577381200945326,0.06777935106073799,119
2,0.054796506834746135,0.0038015629214911287,0.027493793182006947,0.025197852073289284,200
3,0.0,0.0,0.0,0.0,0
4,0.0,0.0,0.0,0.0,0
