,max,min,avg,median,count
0,0.046564008033732666,0.01206435804665963,0.029064819609941256,0.03573901161252629,28
1,0.013207303852443732,0.0015642369862933416,0.007618987195073793,0.008283896892595044,111
2,0.016344204450204028,0.0033281405769819135,0.010482147112221592,0.010198513822839159,122
3,0.0,0.0,0.0,0.0,0
4,0.0,0.0,0.0,0.0,0
