,max,min,avg,median,count
0,0.05558960722829792,0.02281288146356736,0.04357805917284002,0.04657188854365098,45
1,0.016823237753587728,0.003196923692058666,0.009898198353884401,0.008463129173967814,65
2,0.01629284282064798,0.002709657623552301,0.00844210171093247,0.005511600644948816,162
3,0.0,0.0,0.0,0.0,0
4,0.0,0.0,0.0,0.0,0
