,max,min,avg,median,count
0,0.40775803549829076,0.12970681258003827,0.277186778951385,0.2581513911514211,27
1,0.10095963712434855,0.008261972767735647,0.05761378571571011,0.049836180266581376,68
2,0.03518554439019314,0.00290282900945334,0.022912087341656843,0.025508190743818375,266
3,0.0,0.0,0.0,0.0,0
4,0.0,0.0,0.0,0.0,0
