,max,min,avg,median,count
0,0.38216199217565416,0.06554488514189996,0.24318261762616636,0.2501695813590708,30
1,0.18200496131450214,0.009379782352166613,0.0919120515168631,0.07922116820108543,69
2,0.036978779945491404,0.0020032472254752536,0.020632012853807828,0.023935436685451342,185
3,0.7325436913290208,0.04949479171584372,0.3910192415224322,0.3910192415224322,2
4,0.0,0.0,0.0,0.0,0
