,max,min,avg,median,count
0,0.33185532800399775,0.06797783373333456,0.17150307838619355,0.13653497658783037,22
1,0.02867200001376781,0.004172482154214041,0.019391455248007262,0.022356807478487076,63
2,0.02352335152799594,0.003328140576981914,0.013751928836002625,0.011995451650757733,171
3,0.0,0.0,0.0,0.0,0
4,0.0,0.0,0.0,0.0,0
