,max,min,avg,median,count
0,0.1909593480916569,0.08748931784514671,0.14394857349065385,0.1658849447921847,27
1,0.08647877227883373,0.005007873192674303,0.04084123965388241,0.025502671298741758,103
2,0.060484241036569436,0.008617942057192839,0.02915576471500806,0.011095680987802255,127
3,0.0,0.0,0.0,0.0,0
4,0.0,0.0,0.0,0.0,0
