,max,min,avg,median,count
0,0.3912003180856533,0.036335068307576844,0.23122034742950137,0.24775966841805427,12
1,0.31232811951288714,0.04078251462772907,0.16737315303402894,0.19094429317027448,42
2,0.013099951788078764,0.009895648991888429,0.011836934325358211,0.012427999613070527,250
3,0.0,0.0,0.0,0.0,0
4,0.0,0.0,0.0,0.0,0
