,max,min,avg,median,count
0,0.07730153494158176,0.00146876747832074,0.029864616072257617,0.02237766698443379,33
1,0.04928433145689544,0.015193901473256284,0.03687551656048177,0.03846725130821023,98
2,0.014058648499748501,0.004388310067559377,0.00830376602755437,0.005971826175362498,156
3,0.0,0.0,0.0,0.0,0
4,0.0,0.0,0.0,0.0,0
