,max,min,avg,median,count
0,0.2166594403105216,0.03074428715804466,0.09610954596944098,0.0659747626297584,28
1,0.03492026582542034,0.018229892936468865,0.025646070551465765,0.024939807233307586,102
2,0.015851396677742255,0.006619044217178975,0.009879140922430862,0.008509818975235308,126
3,0.0,0.0,0.0,0.0,0
4,0.0,0.0,0.0,0.0,0
