,max,min,avg,median,count
0,0.23230215321245137,0.019786495152832387,0.15677359513709602,0.17434786600666566,27
1,0.052486082641332116,0.014973400708704471,0.03167584704932544,0.02814545466894593,112
2,0.029872635630670413,0.006592652528949781,0.01795140234191086,0.016344204450204028,115
3,0.720242521889928,0.3832730173186814,0.5517577696043047,0.5517577696043047,2
4,0.0,0.0,0.0,0.0,0
