,max,min,avg,median,count
0,0.43107746509986633,0.25544045484373695,0.36408172255003846,0.3962649439689311,22
1,0.1382937893964465,0.0014638612751437959,0.061275944416449034,0.038404105359588686,70
2,0.01686928346256998,2.4125471577577488e-05,0.006866243907267691,0.004570557925052316,170
3,0.0,0.0,0.0,0.0,0
4,0.0,0.0,0.0,0.0,0
