,max,min,avg,median,count
0,0.3794161439961174,0.14519106613055643,0.24723254823161014,0.19513094808846007,25
1,0.03509075342928027,0.01957035802495375,0.027721142914253004,0.03029871616525699,96
2,0.06619611141246416,0.03025943408750259,0.04770999773839113,0.05004393291901639,135
3,0.0,0.0,0.0,0.0,0
4,0.0,0.0,0.0,0.0,0
