,max,min,avg,median,count
0,0.031514931694490884,0.00398519166311302,0.01710919924975273,0.01361678737273528,42
1,0.006424088428931966,0.0010131907859143045,0.004933945694523214,0.005567172503033298,198
2,0.03477273532215643,0.0032818523753292525,0.017495688872293403,0.017864590635325042,26
3,0.0,0.0,0.0,0.0,0
4,0.0,0.0,0.0,0.0,0
