,max,min,avg,median,count
0,0.3101074317171778,0.06633402947991371,0.19625735283024628,0.24205120235064695,24
1,0.07978733323916525,0.007810703487162321,0.05021047982865425,0.05667408144543068,51
2,0.01050516826071343,0.0015521681522862518,0.00534002052907927,0.004720232789899245,199
3,0.0,0.0,0.0,0.0,0
4,0.0,0.0,0.0,0.0,0
