,max,min,avg,median,count
0,0.11965029575105778,0.08425525708847946,0.11014403515549556,0.11552356388572373,31
1,0.06793836631496139,0.027376295044627418,0.04486069675695768,0.036782994881423794,73
2,0.017164892416378804,0.0009730399845873147,0.008129795583047047,0.01011750659803673,284
3,0.0,0.0,0.0,0.0,0
4,0.0,0.0,0.0,0.0,0
