,max,min,avg,median,count
0,0.05708551083619564,0.02882202986995364,0.04540925410796788,0.05508318128248996,48
1,0.008653077296211951,0.0011638599561808,0.00341310775722328,0.0021387174909319284,159
2,0.016894175864064127,0.004029713815212837,0.010272837169525723,0.009065951395968318,86
3,0.0,0.0,0.0,0.0,0
4,0.0,0.0,0.0,0.0,0
