,max,min,avg,median,count
0,0.16113916902441486,0.030961810052527305,0.08005737127448201,0.06035876953187581,28
1,0.06781398004122248,0.03450874376713622,0.051865865387893104,0.04807848807703255,77
2,0.041757526604816665,0.009134714206736767,0.025221478343139436,0.03051655869329169,157
3,0.0,0.0,0.0,0.0,0
4,0.0,0.0,0.0,0.0,0
