,max,min,avg,median,count
0,0.15478330791645412,0.03337448464978553,0.09431391964427231,0.10782109235817705,31
1,0.04001272910786301,0.018271617760163932,0.0332217912864086,0.034746958301931696,148
2,0.0247117441546418,0.007031785263346782,0.018299846603743685,0.020484892866694037,114
3,0.0,0.0,0.0,0.0,0
4,0.0,0.0,0.0,0.0,0
