,max,min,avg,median,count
0,0.19839640430107972,0.08166120633335838,0.1467386130206052,0.1636484046673113,22
1,0.14450626012604567,0.06473160094617565,0.1109020860792671,0.11841533798796702,49
2,0.03258874148197813,0.004285421600686949,0.021026445078199462,0.02940787096910761,193
3,0.0,0.0,0.0,0.0,0
4,0.0,0.0,0.0,0.0,0
