,max,min,avg,median,count
0,0.05138072325693455,0.0007419314835450511,0.019775246696470117,0.008070034625790716,28
1,0.010343605876129267,0.0009816401299701794,0.005814245495028236,0.005832550012550418,153
2,0.019219023065880827,0.004637028231157849,0.01189103298000147,0.01352788407167107,73
3,0.0,0.0,0.0,0.0,0
4,0.0,0.0,0.0,0.0,0
