,max,min,avg,median,count
0,0.041177314098520754,0.014173485284390318,0.031178394468006854,0.037976580655290755,60
1,0.03868143506923571,0.0010627936249068726,0.02138406342551279,0.021994618479617024,98
2,0.009755317420456721,8.825791746856327e-05,0.003966530896409271,0.00424470656688214,253
3,0.1480693330413392,0.023193489232728088,0.07519651312458711,0.08397624773597757,12
4,0.0,0.0,0.0,0.0,0
