,max,min,avg,median,count
0,0.24695288711992372,0.10017109556726637,0.15606832562360068,0.1532169752380597,11
1,0.11072305162428898,0.0075054639590956965,0.059429869096761526,0.06869005565463081,73
2,0.03139027659230813,0.0029171783746860043,0.016187971059248008,0.016854129893642714,240
3,0.0,0.0,0.0,0.0,0
4,0.0,0.0,0.0,0.0,0
