,max,min,avg,median,count
0,0.030657586781502398,0.0007890478420956232,0.014858940431658179,0.013950050754220176,56
1,0.013020563177927422,0.0051434554009288005,0.008862705812139859,0.009523251955600514,115
2,0.008536551614530995,0.003222308742979319,0.005564584355334376,0.004750153695821156,258
3,0.0,0.0,0.0,0.0,0
4,0.0,0.0,0.0,0.0,0
