,max,min,avg,median,count
0,0.07275194634828595,1.3918659466171271e-05,0.03926981726590388,0.03142735667300645,22
1,0.022450961098961907,0.007417783574345088,0.012189341176362183,0.009466354652121756,82
2,0.016127045616705197,0.0006249158183554643,0.0072632069763106126,0.005157371382459119,153
3,0.0,0.0,0.0,0.0,0
4,0.0,0.0,0.0,0.0,0
