,max,min,avg,median,count
0,0.09536808221206253,0.017003286282044727,0.047660042372706025,0.04428181655122743,36
1,0.021602188426240197,0.00017370876210331216,0.009152849823031035,0.0056296736006417785,91
2,0.011278819512973165,0.0038956781982352764,0.007927621108159892,0.009134714206736767,124
3,0.0,0.0,0.0,0.0,0
4,0.0,0.0,0.0,0.0,0
