,max,min,avg,median,count
0,0.45913553435454496,0.1640676303453426,0.3519162386914137,0.3865288846726989,44
1,0.14816840532559608,0.013681742264146687,0.09568928977489573,0.09964760903881802,143
2,0.008306627138246937,0.003473274085481964,0.00573328306606339,0.005349896131557633,289
3,0.0,0.0,0.0,0.0,0
4,0.0,0.0,0.0,0.0,0
