,max,min,avg,median,count
0,0.0638353639937177,0.001192071811774635,0.029635987384015305,0.02355481563179191,36
1,0.03162555713954275,0.0224592451864835,0.026028094359054767,0.024999633429259135,108
2,0.0207103648810615,0.005559735797757807,0.013287349711420135,0.013243601587805066,113
3,0.0,0.0,0.0,0.0,0
4,0.0,0.0,0.0,0.0,0
