,max,min,avg,median,count
0,0.13206375098831222,0.03332584255961755,0.09279549909712481,0.10534599558415438,31
1,0.09446946648088334,0.036198234641244886,0.06551168128723794,0.07281677993175646,75
2,0.035579608143524,0.007824773680996978,0.019476196488095874,0.018096512190752374,157
3,0.0,0.0,0.0,0.0,0
4,0.0,0.0,0.0,0.0,0
