,max,min,avg,median,count
0,0.1305115206479159,0.03243888623710403,0.07889035714568275,0.07122660984041089,26
1,0.02031756275600907,0.001357466795514094,0.011614417800559306,0.012894509797079647,175
2,0.043745193668713094,0.012117555024702801,0.02944933508666765,0.03257756571211098,60
3,0.0,0.0,0.0,0.0,0
4,0.0,0.0,0.0,0.0,0
