,max,min,avg,median,count
0,0.4329728825345516,0.04063798810888225,0.26269921288087533,0.24644804160497819,14
1,0.06787131391486022,0.004263692688962066,0.03648646350074784,0.029827264373023667,140
2,0.0723925455344788,0.011845691048096794,0.03976828399638491,0.029977897070709875,103
3,0.0,0.0,0.0,0.0,0
4,0.0,0.0,0.0,0.0,0
