,max,min,avg,median,count
0,0.07914005704944639,0.004914170397385537,0.05787760453838734,0.06586993009029897,30
1,0.011675244731037588,0.0002830838512489056,0.005040445710364891,0.0016405331700584756,121
2,0.018051486517892328,0.009364251929659468,0.013366467596855275,0.011405642099060103,235
3,0.0,0.0,0.0,0.0,0
4,0.0,0.0,0.0,0.0,0
