,max,min,avg,median,count
0,0.11307038558731422,0.03859572824768701,0.07114971710834443,0.05213802755800095,39
1,0.08202725729653482,0.010450857327047258,0.04616649600755625,0.03803945434231735,70
2,0.008236962777722566,0.0007593301384328958,0.0058209144141515585,0.007158247227265337,163
3,0.0,0.0,0.0,0.0,0
4,0.0,0.0,0.0,0.0,0
