,max,min,avg,median,count
0,0.13986692426233527,0.08019077578942624,0.11784205656395859,0.131428567551906,26
1,0.02790877560623668,0.004499922818926095,0.011269647841954823,0.008993686929590577,55
2,0.008127903932042404,0.0019455510233102183,0.004046228388128995,0.0026179953906059206,249
3,0.0,0.0,0.0,0.0,0
4,0.0,0.0,0.0,0.0,0
