,max,min,avg,median,count
0,0.6520809553220345,0.21724419669071066,0.3364063051540268,0.27757019802868205,6
1,0.07581115598304868,0.007785775848674462,0.05097661080693576,0.05352626100435256,138
2,0.018366291409998695,0.0009690454729041252,0.0071033159842501595,0.0031939015209181388,161
3,0.19184883818815351,0.02830913706387346,0.08947959033761393,0.08452813381813196,33
4,0.0,0.0,0.0,0.0,0
