,max,min,avg,median,count
0,0.2868271956963392,0.014321606060707032,0.09193485640049176,0.020516544858990595,51
1,0.03486645189059162,0.01712762618981979,0.02712832689209625,0.02947612439704705,127
2,0.021471656043800663,0.0027951922305494395,0.01339963588031504,0.012692923652219058,201
3,0.0,0.0,0.0,0.0,0
4,0.0,0.0,0.0,0.0,0
