,max,min,avg,median,count
0,0.044693344073752875,0.021091370985058512,0.03255560395836159,0.03487367782868362,39
1,0.02150489551308603,0.0007238417262902063,0.009515423745363261,0.0090487394045046,69
2,0.01393061336344172,0.002032817668242003,0.006522237668153834,0.00509375202504013,146
3,0.7066035966574987,0.3931743219466547,0.5498889593020767,0.5498889593020767,2
4,0.0,0.0,0.0,0.0,0
