,max,min,avg,median,count
0,0.16089017150386445,0.010385285225119582,0.06816609638503408,0.06020106772509185,52
1,0.10450728163719598,0.01840410463606768,0.07115358189880218,0.07699684575744017,89
2,0.05029686120461027,0.01157808482641154,0.032229170450870474,0.04280506775974352,217
3,0.8694443666519136,0.05149843227838189,0.6390146790203858,0.8018075797559026,8
4,0.0,0.0,0.0,0.0,0
