,max,min,avg,median,count
0,0.37960858998526364,0.0759385006581053,0.22234930975653505,0.1636484046673113,22
1,0.07359655370555042,0.03456287785195987,0.062309145686719046,0.06717407806426755,45
2,0.044196917565403844,0.005924604078467538,0.02300127009568186,0.02560775323631141,189
3,0.0,0.0,0.0,0.0,0
4,0.0,0.0,0.0,0.0,0
