,max,min,avg,median,count
0,0.10820696023033169,0.008991444152905962,0.04888216793327779,0.01882940349380142,32
1,0.03597254166800249,0.006440338497931761,0.016701606335944308,0.011120640417097502,168
2,0.06839473579019636,0.023224438480039276,0.04032136054449152,0.03633614166651642,81
3,0.0,0.0,0.0,0.0,0
4,0.0,0.0,0.0,0.0,0
