,max,min,avg,median,count
0,0.23252794614960492,0.053195278004971105,0.13480444270250938,0.11476070373067242,28
1,0.014939086026591213,0.0011177085055708233,0.0065213901917098695,0.0032493099381976894,125
2,0.03655497957889391,0.0004758665262904263,0.012781476783769608,0.007864741214090724,105
3,0.0,0.0,0.0,0.0,0
4,0.0,0.0,0.0,0.0,0
