,max,min,avg,median,count
0,0.14867837707697806,0.07054820681640013,0.1187610734710735,0.1422535342666073,26
1,0.03539938154918596,0.005141804304444908,0.017864913325157144,0.009695481607528592,79
2,0.08038970277257264,0.0050937520250401306,0.04453399133237017,0.048678937978201255,152
3,0.0,0.0,0.0,0.0,0
4,0.0,0.0,0.0,0.0,0
