,max,min,avg,median,count
0,0.06126095028636351,0.024283561670450808,0.048215725964127945,0.060102957779635424,61
1,0.047301837892332055,0.0005185039236430892,0.030173923265699572,0.03558766671764397,123
2,0.0283310904811685,0.004640603920596428,0.017685372926475876,0.023214730142497513,279
3,0.0,0.0,0.0,0.0,0
4,0.0,0.0,0.0,0.0,0
