,max,min,avg,median,count
0,0.21987181194976946,0.0047151465087147525,0.11232922059414072,0.1110063510134794,21
1,0.04972244167538032,0.0156731493009447,0.028973067708690632,0.02612849902215789,189
2,0.023799039669184695,0.007309440579950324,0.01682692557936848,0.01680450300359282,279
3,0.0,0.0,0.0,0.0,0
4,0.0,0.0,0.0,0.0,0
