,max,min,avg,median,count
0,0.04298572324101311,0.0031975451976786165,0.02885128357337799,0.04002267925295347,26
1,0.038873303453735915,0.0006535671268497661,0.02171200067391979,0.027287681774725608,68
2,0.005556411469899377,0.000369869808538557,0.0029214121317473474,0.002921497569422487,237
3,0.0,0.0,0.0,0.0,0
4,0.0,0.0,0.0,0.0,0
