,max,min,avg,median,count
0,0.2187459399133948,0.019443062896435992,0.13252162620296906,0.1630176229772787,39
1,0.05162734905396283,0.0036795291639693355,0.024693714908195552,0.023841853345826967,71
2,0.019995428190044788,0.010942350221351899,0.015147141619633814,0.013951568854666991,152
3,0.7248859918142778,0.6200849904959866,0.6724854911551322,0.6724854911551322,2
4,0.0,0.0,0.0,0.0,0
