,max,min,avg,median,count
0,0.06684821514330558,0.0052920779972657215,0.03597442175294201,0.037124628081888975,41
1,0.011447775643248566,0.0021251426494651457,0.0072268194010579115,0.00920651786010748,111
2,0.008907446619667577,0.0001425549904465255,0.0042021826088652625,0.002862100674137792,123
3,0.0,0.0,0.0,0.0,0
4,0.0,0.0,0.0,0.0,0
