,max,min,avg,median,count
0,0.11956651080756843,0.022819114717329118,0.07953917834618353,0.08579931494440833,33
1,0.07863069277502721,0.005785914637557667,0.04266019948684452,0.03754714541117782,135
2,0.10519000238331778,0.011741585689655366,0.05791254752490801,0.061680163250116736,95
3,0.0,0.0,0.0,0.0,0
4,0.0,0.0,0.0,0.0,0
