,max,min,avg,median,count
0,0.029217781947660313,0.0017586337068170228,0.014126392309522794,0.00963548996988731,52
1,0.022608727367635705,0.0011034876980607932,0.009661173831466066,0.00974176920533909,186
2,0.11884128296907485,0.02776969413340985,0.0715649579633391,0.06518062934908636,25
3,0.0,0.0,0.0,0.0,0
4,0.0,0.0,0.0,0.0,0
