,max,min,avg,median,count
0,0.2212080627576771,0.012590321173858292,0.1325544178858306,0.19326947830054383,23
1,0.041637889952000164,0.006372999954882173,0.029137498140116354,0.038054680235019726,139
2,0.05776282645361605,0.022676782785492955,0.039478603934146886,0.04015254128196799,95
3,0.0,0.0,0.0,0.0,0
4,0.0,0.0,0.0,0.0,0
