,max,min,avg,median,count
0,0.11746624486140239,0.015194634972840983,0.053629416644076236,0.03893295012479245,37
1,0.08800829450449418,0.04585191420450706,0.0609827501380954,0.05783812290410078,102
2,0.05391150831744079,0.015170918033201058,0.036604433340761376,0.03590921864558053,119
3,0.0,0.0,0.0,0.0,0
4,0.0,0.0,0.0,0.0,0
