,max,min,avg,median,count
0,0.14602316681650482,0.01814384197641341,0.08046154812141786,0.07107476503831803,38
1,0.17556302482704433,0.02403460840474196,0.10836877743967002,0.12739692829735885,80
2,0.04151302588737219,0.001981639605011031,0.011999833398443396,0.005520308095770265,166
3,0.0,0.0,0.0,0.0,0
4,0.0,0.0,0.0,0.0,0
