,max,min,avg,median,count
0,0.10209274937494076,0.05699263424837543,0.08016666363944533,0.08748483807742288,46
1,0.02787648623901579,0.008328382677922208,0.015058416626905305,0.00987501526185663,77
2,0.020965953541992315,0.003981024195600548,0.010464424580803421,0.0050624686395945,184
3,0.4123813541923233,0.15099419223039295,0.29854470729539323,0.3154016413794283,4
4,0.0,0.0,0.0,0.0,0
