,max,min,avg,median,count
0,0.0666574658690282,0.0036032616607047183,0.04512866605529096,0.05013972817494285,46
1,0.028188177239835625,0.0008402436756211374,0.014999498909029735,0.01700163103823646,168
2,0.09734605707487808,0.01693635594680089,0.06169914759209004,0.0714920112060049,57
3,0.0,0.0,0.0,0.0,0
4,0.0,0.0,0.0,0.0,0
