,max,min,avg,median,count
0,0.2153295753567981,0.019898601583590005,0.12423868488819782,0.14253005922570988,28
1,0.06280878031801432,0.002225017118466716,0.038351889708383435,0.04805307606575604,61
2,0.04220243871885109,0.006858324199148544,0.024886561990080137,0.022817705842291567,185
3,0.0,0.0,0.0,0.0,0
4,0.0,0.0,0.0,0.0,0
