,max,min,avg,median,count
0,0.28196122511082927,0.15581083643606047,0.21412543304022597,0.19649630674136428,23
1,0.048917088609823516,0.023873748487849063,0.03407417575830682,0.027468676963265704,48
2,0.017838802032019957,0.009596765758698002,0.013097491684182196,0.012024212955016156,196
3,0.0,0.0,0.0,0.0,0
4,0.0,0.0,0.0,0.0,0
