,max,min,avg,median,count
0,0.27355811779010525,0.13776362052501134,0.2020574836305414,0.20055490421234276,11
1,0.009418395511734495,0.0008534233814620376,0.005869979914300704,0.0058554980349502725,215
2,0.07597961367820812,0.012332838984528579,0.040617875868744234,0.0431451010670385,67
3,0.0,0.0,0.0,0.0,0
4,0.0,0.0,0.0,0.0,0
