,max,min,avg,median,count
0,0.014526239705404818,0.006591992135640151,0.011445169448899284,0.01259032117385829,27
1,0.012269118179098516,0.004218129418902586,0.0071405586815111765,0.005098149056318394,186
2,0.027749395505314533,0.017689818016748873,0.022343959243184323,0.022404881819499532,44
3,0.0,0.0,0.0,0.0,0
4,0.0,0.0,0.0,0.0,0
