,max,min,avg,median,count
0,0.0785475490653649,0.018262390711466306,0.037599680159442476,0.02382800126881326,39
1,0.0465645629807918,0.004904260908713282,0.020580599744671642,0.018421684513007255,94
2,0.04635682716469354,0.018423366174698218,0.034401842643655464,0.034867685789366394,129
3,0.6058365450413917,0.37935529002289814,0.49259591753214493,0.49259591753214493,2
4,0.0,0.0,0.0,0.0,0
