,max,min,avg,median,count
0,0.1193612695854501,0.014432913519454381,0.06517572132022956,0.058033078493744346,38
1,0.009443777828524657,0.00015208591338117906,0.00351852102058932,0.002258300606682035,119
2,0.024906856718226452,0.0011180534331901178,0.018138407286919064,0.02221019069447041,225
3,0.0,0.0,0.0,0.0,0
4,0.0,0.0,0.0,0.0,0
