,max,min,avg,median,count
0,0.12226087245724111,0.0018013583609490281,0.08125372073895167,0.09525947872824846,13
1,0.15643088238391856,0.016360233440390278,0.10453922353582909,0.11475460530635907,25
2,0.015040416285972231,0.009721866820555808,0.012328301795960344,0.012545193507707837,336
3,0.06545258815468889,0.0005266481015176314,0.030961864532943396,0.03487970609607003,75
4,0.0,0.0,0.0,0.0,0
