,max,min,avg,median,count
0,0.21033472368870929,0.08571085137502925,0.13678031094786536,0.10563843266398025,31
1,0.03407397455250984,0.0007766315589775277,0.021998682129598414,0.029607341206784744,136
2,0.01728378952794019,0.0002233779676131915,0.007911014877029193,0.008134743728727419,94
3,0.0,0.0,0.0,0.0,0
4,0.0,0.0,0.0,0.0,0
