,max,min,avg,median,count
0,0.1465476722929925,0.011837495272842112,0.07979523414551763,0.09382965720190481,39
1,0.11333130668115912,0.01086730184597905,0.05192873553869541,0.049169820091477794,105
2,0.069784956944965,0.012669288226121577,0.03886652155120765,0.030263816730420067,122
3,0.0,0.0,0.0,0.0,0
4,0.0,0.0,0.0,0.0,0
