,max,min,avg,median,count
0,0.12404066488917896,0.002802026499325911,0.05639030395557051,0.05733007734805598,42
1,0.06680535299628242,0.01020167860746235,0.027016364066659526,0.019929603891823355,101
2,0.01803411718673015,0.002644506525232129,0.010504611547394705,0.011316350537933511,122
3,0.0,0.0,0.0,0.0,0
4,0.0,0.0,0.0,0.0,0
