,max,min,avg,median,count
0,0.13392645561222685,0.022291284963532873,0.09099343632066052,0.09582850061921097,40
1,0.042782764920200805,0.018425078551154644,0.028290126995196847,0.025966678100528957,82
2,0.02898909052898919,0.004139609362940209,0.013092176758617315,0.006221930288654271,133
3,0.5724830914085859,0.5724830914085859,0.5724830914085859,0.5724830914085859,1
4,0.0,0.0,0.0,0.0,0
