,max,min,avg,median,count
0,0.13531046511514075,0.014526239705404818,0.07474316464468053,0.0792063338606954,29
1,0.053742959167034525,0.009590722794821777,0.03150262169536654,0.031234905570042076,153
2,0.08127383927341147,0.007864741214090724,0.0568165426149667,0.06376289765735481,74
3,0.0,0.0,0.0,0.0,0
4,0.0,0.0,0.0,0.0,0
