,max,min,avg,median,count
0,0.11678840538163064,0.01932362357477758,0.058659037460513416,0.06277837914002635,30
1,0.015478770441056494,0.001492527961228451,0.006923566741037143,0.005197925472861897,143
2,0.021242128892432974,0.000755274456950806,0.011867469412700523,0.010994003487840612,86
3,0.0,0.0,0.0,0.0,0
4,0.0,0.0,0.0,0.0,0
