,max,min,avg,median,count
0,0.15477002383380908,0.00924217810116369,0.09719327384199757,0.14020059712586627,22
1,0.11718939970922176,0.013713749333960886,0.053742673446956525,0.04007107759773369,113
2,0.03608407276756661,0.007854430117793252,0.01790005162953735,0.015132714534965652,123
3,0.0,0.0,0.0,0.0,0
4,0.0,0.0,0.0,0.0,0
