,max,min,avg,median,count
0,0.057211208905479725,0.011852031524645677,0.03175634802394473,0.027640147395544455,66
1,0.012461327009951796,0.0007014054064272697,0.006390905441624371,0.008266438931743707,186
2,0.02174001159633721,0.003024831928762863,0.012215032922427241,0.010425715880719338,223
3,0.0,0.0,0.0,0.0,0
4,0.0,0.0,0.0,0.0,0
