,max,min,avg,median,count
0,0.08829343493638196,0.013658714341918156,0.04911806411801186,0.050922496331495225,39
1,0.025187384876790994,0.009789988685832947,0.016812830629554472,0.016257562125807833,107
2,0.05149600442706468,0.0032522661705942086,0.02701441652766487,0.028519559246283466,112
3,0.3476449511670335,0.3476449511670335,0.3476449511670335,0.3476449511670335,1
4,0.0,0.0,0.0,0.0,0
