,max,min,avg,median,count
0,0.19532501239480476,0.014169989961520494,0.10782242047485062,0.10199841259234883,28
1,0.069681124897228,0.03052387329346497,0.05320310543117114,0.06217600821628917,92
2,0.025451401825156286,0.014841434210806395,0.017999969151739192,0.01675635577314403,138
3,0.0,0.0,0.0,0.0,0
4,0.0,0.0,0.0,0.0,0
