,max,min,avg,median,count
0,0.10035613896879869,0.030865179829823324,0.07790005135794484,0.08266747831529696,19
1,0.025932225786603945,0.0008672545846221616,0.009196158592308615,0.004776168309477384,79
2,0.0075906336761212565,0.0033465365804783353,0.005487243578349796,0.005133635020149639,378
3,0.2854332285449295,0.1549049387921448,0.20791068087599057,0.21487523280266232,9
4,0.0,0.0,0.0,0.0,0
