,max,min,avg,median,count
0,0.29285730261988646,0.09148983193654837,0.19510788250487895,0.20318889547556476,9
1,0.05129947976897704,0.013192898870942965,0.03613936185576046,0.03987031663715097,37
2,0.01786168466885632,0.0022621377922293746,0.012311191551332677,0.014786831459488782,260
3,0.3622490882591346,0.07787865128987977,0.26698528636820285,0.3608281195555942,3
4,0.0,0.0,0.0,0.0,0
