,max,min,avg,median,count
0,0.07075328789884383,0.005570588879291931,0.048558443142627514,0.055659237489220234,28
1,0.032029794686502966,0.01003707860543916,0.019138863978184838,0.018966760011734106,87
2,0.011414280870187197,0.006884060072735056,0.008915158814723153,0.008811692719464697,143
3,0.0,0.0,0.0,0.0,0
4,0.0,0.0,0.0,0.0,0
