,max,min,avg,median,count
0,0.036778270371166114,0.007420697212503265,0.02155987863178046,0.022367850551460008,54
1,0.04441969581036646,0.003917600194762604,0.024004061538817782,0.03343380755427902,133
2,0.02649445968001601,0.0093248683477393,0.018895878156623837,0.019181837164921136,207
3,0.0,0.0,0.0,0.0,0
4,0.0,0.0,0.0,0.0,0
