,max,min,avg,median,count
0,0.13591763018259584,0.015559723505429113,0.09854531022766269,0.11465116484394088,35
1,0.0533634353346337,0.016068573969336846,0.029049688099780403,0.01962438215213247,82
2,0.030706218503393494,0.010889717719876468,0.019622466820254945,0.01726925979380631,162
3,0.0,0.0,0.0,0.0,0
4,0.0,0.0,0.0,0.0,0
