,max,min,avg,median,count
0,0.21209151042218688,0.006343380746399432,0.11239820675712639,0.11474036257947622,23
1,0.07072560012626604,0.014659287302086231,0.044092739777629744,0.043656211741872536,106
2,0.08176638120586978,0.012577859374810613,0.04490614797663427,0.057266146894515604,127
3,0.0,0.0,0.0,0.0,0
4,0.0,0.0,0.0,0.0,0
