,max,min,avg,median,count
0,0.3406817174893243,0.17364426644034459,0.2653738315160618,0.2694483462883104,26
1,0.08713664467642464,0.009132865190075841,0.05135150811701281,0.061199232908322895,81
2,0.01231216872727627,0.002800331789975879,0.005019708352144064,0.003010448749997925,224
3,0.0,0.0,0.0,0.0,0
4,0.0,0.0,0.0,0.0,0
