,max,min,avg,median,count
0,0.056536246033584536,0.012516109763627893,0.03472998418478402,0.04268360503683341,75
1,0.12178749973033157,0.03900336952280233,0.07661333877430927,0.06582382607139946,190
2,0.07953891375624411,0.007806094798479377,0.04705718586353967,0.043024203511539225,286
3,0.0,0.0,0.0,0.0,0
4,0.0,0.0,0.0,0.0,0
