,max,min,avg,median,count
0,0.14808385346529188,0.042155387155079146,0.09506064536288843,0.09829369260556525,44
1,0.036614052586634215,0.008684947338068632,0.02582579263342378,0.03218632334025734,102
2,0.057865751425843714,0.011316715150471616,0.03400532703139183,0.036983139015690926,126
3,0.0,0.0,0.0,0.0,0
4,0.0,0.0,0.0,0.0,0
