,max,min,avg,median,count
0,0.09834861730486913,0.00963548996988731,0.05706245205589953,0.06859506814195485,43
1,0.03268806800973766,0.002430038433722955,0.014450604485234725,0.012121382948239787,66
2,0.015462289702350654,0.004583954052251918,0.010057635907738852,0.009802040436253583,154
3,0.0,0.0,0.0,0.0,0
4,0.0,0.0,0.0,0.0,0
