,max,min,avg,median,count
0,0.015194634972840983,0.004273703441763001,0.008781047426962448,0.006653585605263852,37
1,0.017305023369622148,0.0022458253646793504,0.011455718521176123,0.015021014517668239,122
2,0.016422355742674456,0.0018020026298629938,0.010412808385586201,0.01081605463178726,106
3,0.0,0.0,0.0,0.0,0
4,0.0,0.0,0.0,0.0,0
