,max,min,avg,median,count
0,0.25343864760998563,0.031021040818572862,0.16492920971366926,0.1735470859897911,29
1,0.022502252743944715,0.004154493961045566,0.012826047332918348,0.009545198432737914,87
2,0.01874721673772225,0.007208225265801134,0.012381293592383701,0.013366125028526838,166
3,0.692959406013693,0.03226466975411389,0.4475215432993435,0.6173405541302236,3
4,0.0,0.0,0.0,0.0,0
