,max,min,avg,median,count
0,0.5211728289902485,0.054026452652702506,0.3068162507671797,0.3187010485382933,25
1,0.07793298236144026,0.016131953269906043,0.053609830193352234,0.06628134061016125,112
2,0.05807262200889433,0.022194057755055126,0.037754412260908796,0.03896197041420457,123
3,0.0,0.0,0.0,0.0,0
4,0.0,0.0,0.0,0.0,0
