,max,min,avg,median,count
0,0.08043151254542188,0.0030359239982074475,0.03622019566303643,0.026455450129246324,34
1,0.02626953019286523,0.0034911398361709943,0.017251017487928372,0.01725864381193698,138
2,0.037908540600337916,0.004380188183676013,0.022788568889065598,0.03126909676123916,104
3,0.0,0.0,0.0,0.0,0
4,0.0,0.0,0.0,0.0,0
