,max,min,avg,median,count
0,0.10759582767183884,0.008773363593257574,0.04184398543130494,0.02591860708894607,40
1,0.04279210490741613,0.0017728503054582538,0.02161455532758526,0.0187082939553781,79
2,0.03724712919859928,0.012873502150320843,0.023950920244791306,0.022183931830460486,135
3,0.5392387367381584,0.22336628866080777,0.38130251269948306,0.38130251269948306,2
4,0.0,0.0,0.0,0.0,0
