,max,min,avg,median,count
0,0.2318287342242166,0.1011887818826845,0.14857430516403267,0.13862648642214107,42
1,0.11533265490634355,0.0018028292839340698,0.03320322887274112,0.006693615873513172,97
2,0.03256557662230358,0.009507009550984559,0.018138512741367234,0.015740564054525442,197
3,0.0,0.0,0.0,0.0,0
4,0.0,0.0,0.0,0.0,0
