,max,min,avg,median,count
0,0.10613530634141007,0.06281786849524022,0.09233417688783402,0.09799114831030555,43
1,0.04750534756989728,0.011181641089999495,0.026685199098167134,0.017304374978108585,105
2,0.04311860381000649,0.005472102506950926,0.022491503771872368,0.014458744397633581,137
3,0.7128575050203662,0.4520330300336234,0.5824452675269948,0.5824452675269948,2
4,0.0,0.0,0.0,0.0,0
