,max,min,avg,median,count
0,0.016827301983128814,0.000661387562740855,0.007915110061234316,0.00763334229975949,45
1,0.013684174262156441,0.002594990881228651,0.007923131709659054,0.008811329334667682,81
2,0.027314067475319708,0.007045188988272316,0.015805385611007187,0.010729865637157431,144
3,0.0,0.0,0.0,0.0,0
4,0.0,0.0,0.0,0.0,0
