,max,min,avg,median,count
0,0.09749259734719953,0.03856135067731065,0.05846201662520738,0.05244284200020755,24
1,0.06301413877855336,0.03274731315347697,0.047440589063630106,0.04743787971335359,67
2,0.0034589335956479363,0.0006565149917276826,0.002050045220366586,0.0018527966812731105,169
3,0.5207917813418861,0.5034052052585367,0.5120984933002114,0.5120984933002114,2
4,0.0,0.0,0.0,0.0,0
