,max,min,avg,median,count
0,0.09609060904957849,0.01936622870766112,0.07116993337829605,0.0817909092707715,43
1,0.058662763084111114,0.013543589537104129,0.03555355806925698,0.0301354503333424,79
2,0.02854531820992227,0.022957810712340012,0.0256433356453205,0.024493416114556275,161
3,0.7363869199630941,0.08516401447506856,0.4452204612214485,0.5141104492261827,3
4,0.0,0.0,0.0,0.0,0
