,max,min,avg,median,count
0,0.13074327615738734,0.037288834252908507,0.08480544978857055,0.07571500899774285,41
1,0.11018927726207899,0.03639396626044519,0.0766565431736151,0.0825411310396167,135
2,0.10516809268132743,0.04779219855383989,0.08111208572787583,0.09187780654877176,98
3,0.0,0.0,0.0,0.0,0
4,0.0,0.0,0.0,0.0,0
