,max,min,avg,median,count
0,0.09844454598051258,0.015252084433208718,0.05303127190493406,0.06448092491460773,39
1,0.046818944187827304,0.0026541886271655313,0.03275308456466913,0.03518236218350992,72
2,0.04391759282057019,0.005349956863820661,0.02352479885306146,0.018037967799540852,148
3,0.6356049339369514,0.05052647781345065,0.343065705875201,0.343065705875201,2
4,0.0,0.0,0.0,0.0,0
