,max,min,avg,median,count
0,0.17608933175683775,0.12352552709859618,0.14241492079491444,0.13561986115816732,29
1,0.014130341101303944,0.006347625653386233,0.008548229792541948,0.007628319331659172,138
2,0.021531058251449783,1.3907774026172044e-06,0.01039091720731636,0.01264424640252451,95
3,0.0,0.0,0.0,0.0,0
4,0.0,0.0,0.0,0.0,0
