,max,min,avg,median,count
0,0.034988836952156446,0.007008747439761452,0.022081544799817058,0.02146271057527548,35
1,0.016846296260940825,0.0025233246529315577,0.010458190660021339,0.012507900862418087,98
2,0.007880145284228679,0.0010133599288343043,0.004106996072157758,0.004387046813849885,143
3,0.0,0.0,0.0,0.0,0
4,0.0,0.0,0.0,0.0,0
