,max,min,avg,median,count
0,0.07949685279514235,0.002357359922568696,0.049514499184833,0.04552311154463946,32
1,0.0178379734660181,0.002936528767176757,0.009169685177439598,0.007088924220926489,87
2,0.01963396163281317,0.009909756699743798,0.015766795322037945,0.01566115114466895,171
3,0.0,0.0,0.0,0.0,0
4,0.0,0.0,0.0,0.0,0
