,max,min,avg,median,count
0,0.0972422348934821,0.005370608426324524,0.055429020018617756,0.05012514784556007,42
1,0.05321684478724344,0.009440678236439431,0.027838750124734156,0.024864088183313624,65
2,0.046631496223395914,0.008509818975235308,0.02999782694617666,0.026973399144158403,150
3,0.0,0.0,0.0,0.0,0
4,0.0,0.0,0.0,0.0,0
