,max,min,avg,median,count
0,0.6110876419705475,0.05842110464283493,0.4136165744426984,0.46742971978773706,22
1,0.07497169116930233,0.0135821635346559,0.049546852943866224,0.05738446349861076,75
2,0.05014487752550981,0.00363215755211324,0.030271232870953273,0.03389207363383075,163
3,0.0,0.0,0.0,0.0,0
4,0.0,0.0,0.0,0.0,0
