,max,min,avg,median,count
0,0.33123727028774225,0.19278793767701805,0.27888830842537915,0.2902520216679249,10
1,0.026018086338763586,0.00017370876210331214,0.01119302211533986,0.010132490516636915,118
2,0.03252912934755153,0.008403658256262976,0.015711268235774872,0.009490519955253645,128
3,0.0,0.0,0.0,0.0,0
4,0.0,0.0,0.0,0.0,0
