,max,min,avg,median,count
0,0.0814263749419708,0.007263259797483676,0.035515071644671915,0.027408636606262013,52
1,0.11372850023763115,0.045635435310255615,0.07916109850269233,0.07913031291919355,101
2,0.10902168535947657,0.01725614929114294,0.06195940606563559,0.06858307954680731,409
3,0.0,0.0,0.0,0.0,0
4,0.0,0.0,0.0,0.0,0
