,max,min,avg,median,count
0,0.3916566758772166,0.2676762463043897,0.3390754645283749,0.35789347140351846,3
1,0.023913280353837045,0.004593468153582331,0.01512548444451381,0.014941936402409508,47
2,0.014708963673853031,0.009478295526316622,0.01258287265465281,0.013823680374200533,191
3,0.0831854379261909,0.018948934524475405,0.046418398014769775,0.051325463314479236,31
4,0.0,0.0,0.0,0.0,0
