,max,min,avg,median,count
0,0.1910658710842249,0.032443685296801826,0.11679227171479925,0.14556706832873506,31
1,0.04868213830054537,0.003002200025015632,0.02888097198010154,0.04227640892964139,112
2,0.05614241191893751,0.005391845538931812,0.0347045330250319,0.04828418434727881,113
3,0.0,0.0,0.0,0.0,0
4,0.0,0.0,0.0,0.0,0
