,max,min,avg,median,count
0,0.024933400468453118,0.012358373675550684,0.018791797957747835,0.019282151027821843,58
1,0.009448667501290472,0.0004099771684709626,0.0046978725283470125,0.004766017256398744,94
2,0.01287845250742378,0.0025432243593982618,0.008059216049262071,0.010015837318459977,242
3,0.2523496325659512,0.014011856922387314,0.15650634643852468,0.13894667228601856,10
4,0.0,0.0,0.0,0.0,0
