,max,min,avg,median,count
0,0.13403673388167783,0.04896955306831232,0.09096789436122896,0.09309511105725023,44
1,0.029090556670921138,0.008757914207742329,0.01796710522523521,0.015425177335988567,117
2,0.03797815927320274,0.01830491205345287,0.0291742014121692,0.030076602388467925,111
3,0.0,0.0,0.0,0.0,0
4,0.0,0.0,0.0,0.0,0
