,max,min,avg,median,count
0,0.1040060903809384,0.0332795214279475,0.06317323321062326,0.049164418384499003,39
1,0.06178637014234544,0.028037393475628468,0.04197753004754125,0.03240571741740404,71
2,0.018521662505326317,0.0025097924559898286,0.011204413428382985,0.011208079928666733,150
3,0.7336464907786246,0.5902486846462014,0.661947587712413,0.661947587712413,2
4,0.0,0.0,0.0,0.0,0
