,max,min,avg,median,count
0,0.1761877746568115,0.03882772607884403,0.08676057345072824,0.08519717407840866,22
1,0.07360249970143888,0.007480955714600593,0.033687714916371035,0.03025325774808631,80
2,0.02607035932561295,0.009399150689524403,0.01316411348192863,0.009918187217900254,157
3,0.0,0.0,0.0,0.0,0
4,0.0,0.0,0.0,0.0,0
