,max,min,avg,median,count
0,0.19989726808924854,0.007222664770045455,0.08226145095282607,0.015146325946587155,30
1,0.03766690016856794,0.0049095053722676635,0.02041303206594627,0.01677980415393732,73
2,0.04822510125965841,0.0006135025722979182,0.02869627234757439,0.03049870968273527,275
3,0.0,0.0,0.0,0.0,0
4,0.0,0.0,0.0,0.0,0
