,max,min,avg,median,count
0,0.07084876860523451,0.0013694107800319313,0.0384527325859782,0.047711916722124485,42
1,0.03421015026402114,0.015512429696509749,0.022002324936240752,0.017190881175816467,66
2,0.055041010324983014,0.0010683558603866434,0.028036572920743786,0.023680068302614512,152
3,0.0,0.0,0.0,0.0,0
4,0.0,0.0,0.0,0.0,0
