,max,min,avg,median,count
0,0.16992502833606,0.005460459707603104,0.07562995222091226,0.0716099357876237,64
1,0.07070556322371316,0.039023535948424865,0.061668282858249344,0.06868455898999075,164
2,0.0415831329776834,0.015336901492257957,0.03245331704242243,0.03801868585763237,260
3,0.0,0.0,0.0,0.0,0
4,0.0,0.0,0.0,0.0,0
