,max,min,avg,median,count
0,0.09604836850788162,0.0028020264993259113,0.04243563794959436,0.021089659820760314,43
1,0.032385870675450235,0.0038916683149069144,0.019733220683758317,0.02169312988874224,163
2,0.03484415646556028,0.013823874152865833,0.02300481767360461,0.020631709551000074,53
3,0.0,0.0,0.0,0.0,0
4,0.0,0.0,0.0,0.0,0
