,max,min,avg,median,count
0,0.07663285498106427,0.0025803498794398486,0.03926387670590453,0.03465904720202053,45
1,0.018600518403451925,0.00897939779953024,0.014068955152298288,0.014858530074196928,90
2,0.011815720952083655,0.0006296960966781803,0.007529390814522821,0.010422936595302,206
3,0.0,0.0,0.0,0.0,0
4,0.0,0.0,0.0,0.0,0
