,max,min,avg,median,count
0,0.018014099526311698,0.006486370351329611,0.012677567903362521,0.012081065382403926,46
1,0.007655643279493478,0.00108199890130492,0.003382146427785439,0.0026137217350420076,67
2,0.0017317045628410827,0.00011115972082831744,0.0010254688234409386,0.0010322617142764236,158
3,0.0,0.0,0.0,0.0,0
4,0.0,0.0,0.0,0.0,0
