,max,min,avg,median,count
0,0.259345558079976,0.034193492443429147,0.15043034120261592,0.17669005010600075,65
1,0.05339843298566782,0.0062433241868124125,0.027077393796089942,0.027221590237116452,135
2,0.05289250494115197,0.0025995103452279814,0.03135687853976475,0.036699097051783244,227
3,0.0,0.0,0.0,0.0,0
4,0.0,0.0,0.0,0.0,0
