,max,min,avg,median,count
0,0.15411869978340015,0.0068794518668070055,0.08495572060918864,0.06989685795706392,25
1,0.0666326304375345,0.001684278338354316,0.040275050514249615,0.0430825320604943,95
2,0.02581177476999075,0.006141069005331397,0.014717853529861139,0.015561750655860806,138
3,0.0,0.0,0.0,0.0,0
4,0.0,0.0,0.0,0.0,0
