,max,min,avg,median,count
0,0.15410725494441524,0.03310543631242332,0.0775183142621839,0.05660623203932752,35
1,0.07525770157746126,0.01749284571737344,0.04528769289479789,0.04896163705916868,84
2,0.04537300323268546,0.01616545142981408,0.029113584987796627,0.026730627439251343,167
3,0.0,0.0,0.0,0.0,0
4,0.0,0.0,0.0,0.0,0
