,max,min,avg,median,count
0,0.1245153582447088,0.0027137708245698914,0.06967502821256302,0.06833976647758111,29
1,0.03601453138054132,0.003908411753821332,0.016896001164576645,0.018929089747335925,148
2,0.043790848988506985,0.0020924210092870895,0.026227310244841616,0.02417293413924206,93
3,0.0,0.0,0.0,0.0,0
4,0.0,0.0,0.0,0.0,0
