,max,min,avg,median,count
0,0.18360943408053945,0.00020207460449276867,0.12230112828492297,0.14734067999894288,42
1,0.052159712828357185,0.01352457701002413,0.03892190361447488,0.04279618688311863,89
2,0.06863305567839989,0.029487097583167816,0.04819861546330786,0.05421311216776791,130
3,0.0,0.0,0.0,0.0,0
4,0.0,0.0,0.0,0.0,0
