,max,min,avg,median,count
0,0.2614632496606166,0.013669724208677037,0.15162037508273613,0.17797114459273128,42
1,0.13815397871431204,0.04018596050187287,0.06944589541581689,0.0518447237462497,67
2,0.02628179982739423,0.0012022924980104755,0.01188998665539759,0.010419169541173957,154
3,0.0,0.0,0.0,0.0,0
4,0.0,0.0,0.0,0.0,0
