,max,min,avg,median,count
0,0.06352591980872138,0.005606158881307725,0.03891717746327787,0.0379794045710785,16
1,0.0077035795210791845,0.0031964682128577016,0.005763027557919171,0.0067915106259822874,129
2,0.0026103381409954833,0.0003903102273229691,0.0011768041798717976,0.0005853163716085958,207
3,0.0849968554543446,0.028921144975024366,0.06458396566617489,0.07220893111766528,4
4,0.0,0.0,0.0,0.0,0
