,max,min,avg,median,count
0,0.061989440037411886,0.006042141500704401,0.03129036190111097,0.03505856278468664,29
1,0.047954469031295105,0.021923269925697136,0.03143966200369643,0.0233444138372024,96
2,0.011643565185159872,0.00404596807901882,0.0076670126645737,0.007927185672017672,148
3,0.0,0.0,0.0,0.0,0
4,0.0,0.0,0.0,0.0,0
