,max,min,avg,median,count
0,0.05718545844634558,0.023257044065337528,0.04181918514251032,0.0452659601300162,28
1,0.03484251338897861,0.003985233117270529,0.015824632196204176,0.009122196967415452,62
2,0.007312803514865651,0.00016261433534770612,0.004084686765847894,0.0048274461585925766,274
3,0.0,0.0,0.0,0.0,0
4,0.0,0.0,0.0,0.0,0
