,max,min,avg,median,count
0,0.11161909035690447,0.015620904716790432,0.05776197006667768,0.04542078913825483,45
1,0.03173407324481953,0.021503684934898425,0.02627764054383904,0.026166780504946585,104
2,0.08883435066313702,0.030292624543957754,0.05180927883530848,0.04195656419896222,122
3,0.0,0.0,0.0,0.0,0
4,0.0,0.0,0.0,0.0,0
