,max,min,avg,median,count
0,0.06376977817095651,0.0185032071412416,0.03768507567156044,0.025859905590938637,52
1,0.028037393475628468,0.008566916677703956,0.01706873747686256,0.012249280999605861,104
2,0.03958980301888173,0.0025761106940374954,0.025557286103008014,0.030118218976318865,100
3,0.0,0.0,0.0,0.0,0
4,0.0,0.0,0.0,0.0,0
