,max,min,avg,median,count
0,0.10483191266933756,0.017103678835432196,0.0679232043178449,0.08035131417536348,41
1,0.03642011467347616,0.010421318222595555,0.027623148515832453,0.031617905184605416,126
2,0.08919346227009434,0.0054499179510017265,0.05712601886900125,0.06085995424209644,104
3,0.5524985673836511,0.11701481902761192,0.3347566932056315,0.3347566932056315,2
4,0.0,0.0,0.0,0.0,0
