,max,min,avg,median,count
0,0.21987102221457872,0.09433672004690154,0.15401593212856562,0.12416365902437902,23
1,0.05333087966270187,0.024394836610478705,0.042519010846450246,0.04827229117763893,102
2,0.06688283650078006,0.03278925616828768,0.04630501364456905,0.04589624159887989,132
3,0.0,0.0,0.0,0.0,0
4,0.0,0.0,0.0,0.0,0
