,max,min,avg,median,count
0,0.39114901252593565,0.16364861814182186,0.24842374744501666,0.2464449279742906,56
1,0.07427265061036982,0.009122196967415452,0.041333108048429726,0.03983672156578744,152
2,0.06908932648272706,0.002797838942748475,0.04065862295937655,0.0473175718875823,160
3,0.0,0.0,0.0,0.0,0
4,0.0,0.0,0.0,0.0,0
