,max,min,avg,median,count
0,0.45829342746632773,0.02237766698443379,0.3192860366259574,0.39522141868478194,32
1,0.052684011527760116,0.005343010145356581,0.032025616952600644,0.034866613009544495,82
2,0.03668435862958601,0.00956487196826688,0.02116867335906488,0.01937175583519516,179
3,0.0,0.0,0.0,0.0,0
4,0.0,0.0,0.0,0.0,0
