,max,min,avg,median,count
0,0.1455989114024259,0.012139033601244898,0.07828341940397017,0.0876608247700579,50
1,0.03434989562002879,0.006896825754205016,0.020355828694407933,0.021206425663178635,185
2,0.10476362628779723,0.027549430250773315,0.056007431448997516,0.0487748161809267,62
3,0.0,0.0,0.0,0.0,0
4,0.0,0.0,0.0,0.0,0
