,max,min,avg,median,count
0,0.17208686882100427,0.028524977523600174,0.11091359472090787,0.1262843259065488,11
1,0.011149536516974316,0.00046992919878016795,0.005788398671128115,0.005983319452900101,79
2,0.014679380898315934,0.0006666757777098914,0.007311509343727955,0.0071749707055447755,223
3,0.1667198568472804,0.16076053929790654,0.1637401980725935,0.1637401980725935,2
4,0.0,0.0,0.0,0.0,0
