,max,min,avg,median,count
0,0.020006144255216157,0.0013355389113106062,0.010636773884293802,0.01114943412298985,49
1,0.011623105154195682,0.0005330826929947171,0.006439936091880774,0.00744150061185403,115
2,0.009549589165670029,0.00010266028318328789,0.0029737040909250537,0.00045171406996193846,143
3,0.0,0.0,0.0,0.0,0
4,0.0,0.0,0.0,0.0,0
