,max,min,avg,median,count
0,0.08202316839471505,0.023164636370033093,0.051878103739225925,0.04948696061857527,43
1,0.0431503829556132,0.0071638985684624274,0.024448856935704262,0.024558976501493697,134
2,0.03335425332118086,0.018992447175523283,0.027057823448284602,0.02662469387618852,85
3,0.0,0.0,0.0,0.0,0
4,0.0,0.0,0.0,0.0,0
