,max,min,avg,median,count
0,0.30244167889302565,0.056543164792962834,0.16209351439485456,0.10395826209685192,25
1,0.08761554586987073,0.0008330495159164958,0.04367772595441405,0.04254997231075013,160
2,0.07245584447356297,0.010198513822839159,0.03722450754749015,0.03150272223025049,71
3,0.0,0.0,0.0,0.0,0
4,0.0,0.0,0.0,0.0,0
