,max,min,avg,median,count
0,0.11048840699935435,0.07093883832957268,0.08784920054453345,0.08096775523210056,46
1,0.030855001876661306,0.0012317903463960923,0.019840561677730073,0.02292693597813498,125
2,0.08217152659281722,0.03769496530540429,0.06496744231717813,0.06804367259234083,91
3,0.0,0.0,0.0,0.0,0
4,0.0,0.0,0.0,0.0,0
