,max,min,avg,median,count
0,0.35485296413545153,0.12263528830493181,0.21618907121650963,0.1644490191785161,31
1,0.03751126461234071,0.0020043151353616485,0.01511242365557508,0.004702263825654601,78
2,0.024838620134774746,0.01240122588518126,0.019088844186107644,0.01961657950598128,167
3,0.0,0.0,0.0,0.0,0
4,0.0,0.0,0.0,0.0,0
