,max,min,avg,median,count
0,0.040544588318861666,0.007542496548218734,0.029338456919631085,0.03664193602528421,47
1,0.06341953453846776,0.0024251286889889127,0.04308971395596245,0.052531395837303776,72
2,0.01700270217448683,0.0033282373780530103,0.009840272927586295,0.009491917232848248,185
3,0.0,0.0,0.0,0.0,0
4,0.0,0.0,0.0,0.0,0
