,max,min,avg,median,count
0,0.22695332675228608,0.033736448985852346,0.15958108178664632,0.19232110085967316,24
1,0.06177260859521028,0.028743750645939918,0.0447213401119539,0.03646942266039303,69
2,0.01307585569027064,0.0039056524530815206,0.009103332692794444,0.011965543853434273,178
3,0.5247891916010543,0.5247891916010543,0.5247891916010543,0.5247891916010543,1
4,0.0,0.0,0.0,0.0,0
