,max,min,avg,median,count
0,0.41660597641190716,0.11595921799752124,0.3034630868452244,0.3260464364530013,17
1,0.1645403141279702,0.00467225933310316,0.10181478320787618,0.11392405487208197,22
2,0.007175183961301633,0.00010191928042124417,0.004382065965505715,0.005563045487709343,383
3,0.0,0.0,0.0,0.0,0
4,0.0,0.0,0.0,0.0,0
