,max,min,avg,median,count
0,0.17813149567472172,0.0013903397576409625,0.09066975898042887,0.12349373498149449,15
1,0.008930341766607116,0.0005270533625711376,0.004121253647131614,0.0029290176176905384,174
2,0.020822232939636597,0.003577338757806357,0.009324620545776116,0.007439623915379116,242
3,0.23795197825565148,0.0016257067814797203,0.06688989427607393,0.013990946033582273,4
4,0.0,0.0,0.0,0.0,0
