,max,min,avg,median,count
0,0.5337615194470823,0.15566040554384922,0.3988520763906743,0.4150768140143747,26
1,0.032706685095201776,0.008805119519915722,0.025096950995049255,0.03245159366095726,142
2,0.06305845109246447,0.006198141891034308,0.039863094146492965,0.04356299764779632,93
3,0.0,0.0,0.0,0.0,0
4,0.0,0.0,0.0,0.0,0
