,max,min,avg,median,count
0,0.050642435503668065,0.0013903397576409625,0.031719925835726095,0.036593164723955636,57
1,0.05055621700297836,0.004426567246081841,0.032543202242166475,0.035089281553017625,147
2,0.05577623552006383,0.008291396980233907,0.035146946096833165,0.04133492462428056,225
3,0.0,0.0,0.0,0.0,0
4,0.0,0.0,0.0,0.0,0
