,max,min,avg,median,count
0,0.11111747824216332,0.042180873655856814,0.07994725638358693,0.0934680343367954,28
1,0.039837841353779914,0.01482175810661779,0.03106636605007464,0.033010146393860636,137
2,0.007832859536917683,0.0055461044494453365,0.0067253451741219605,0.006543258961277914,199
3,0.0,0.0,0.0,0.0,0
4,0.0,0.0,0.0,0.0,0
