,max,min,avg,median,count
0,0.12348387237363084,0.009242884361720093,0.05164326910883819,0.03882772607884403,22
1,0.03942799196301185,0.009129855543286082,0.02490922708102612,0.027013451374997065,80
2,0.010061169176832162,0.0013785247507703885,0.005450032538411569,0.0061230172576139255,160
3,0.27554564807844173,0.15916538673857752,0.2173555174085096,0.2173555174085096,2
4,0.0,0.0,0.0,0.0,0
