,max,min,avg,median,count
0,0.17499312756719362,0.024171062188642126,0.08751093177380778,0.07577600401914088,38
1,0.049572303036548755,3.243734944295191e-05,0.02213897157347281,0.018231777068966257,132
2,0.05100402806174492,0.021094045250248893,0.03492917210658343,0.032770709782783555,106
3,0.0,0.0,0.0,0.0,0
4,0.0,0.0,0.0,0.0,0
