,max,min,avg,median,count
0,0.2568445057082326,0.0203373504332472,0.12265425172974001,0.11063614557964073,27
1,0.17186383999995555,0.03800268590957229,0.09006897271934096,0.08828687215647739,53
2,0.0214167679655974,0.004618977662560622,0.01007683206205214,0.0062192375088694464,198
3,0.0,0.0,0.0,0.0,0
4,0.0,0.0,0.0,0.0,0
