,max,min,avg,median,count
0,0.140989795948816,0.034228631306508654,0.08486351910109029,0.09697169004352071,31
1,0.04625616922369259,0.011054255560458942,0.02844978443893308,0.032385870675450235,157
2,0.06845332212414752,0.008403658256262976,0.04370585317383622,0.057530337698239384,74
3,0.0,0.0,0.0,0.0,0
4,0.0,0.0,0.0,0.0,0
