,max,min,avg,median,count
0,0.23688226723896075,0.06054975988849796,0.16378568053089293,0.19522555709161205,22
1,0.06470262602934385,4.27544438581772e-05,0.033261800879694554,0.03690513644512577,56
2,0.016854874496214395,0.003622230680908109,0.007232382970178711,0.005643406773882386,201
3,0.0,0.0,0.0,0.0,0
4,0.0,0.0,0.0,0.0,0
