,max,min,avg,median,count
0,0.09016262861743346,0.0056935018971626394,0.05010248992230054,0.05636779418688117,56
1,0.10684802002671544,0.041701992857366636,0.08076478942166901,0.09834821169348863,116
2,0.04540857098597509,0.003767294121642181,0.022978595446171653,0.011623945905642814,256
3,0.0,0.0,0.0,0.0,0
4,0.0,0.0,0.0,0.0,0
