,max,min,avg,median,count
0,0.1511479449349754,0.05850213103392705,0.0901941790538237,0.07800886977086026,46
1,0.0901110434177125,0.028280098487178773,0.0475363572455605,0.03550949917487696,79
2,0.10268875661102314,0.03280134890541953,0.06896074874539429,0.0729040966741405,179
3,0.8126767871545811,0.6226060185460993,0.7176414028503402,0.7176414028503402,2
4,0.0,0.0,0.0,0.0,0
