,max,min,avg,median,count
0,0.20788436521477396,0.005902056111562451,0.11279363110675429,0.0891512959698916,21
1,0.09630630677162091,0.023340662575597793,0.06581953104433111,0.07017324808729586,61
2,0.031605935869324926,0.015889839927336297,0.025486430671517474,0.025727186570045805,180
3,0.0,0.0,0.0,0.0,0
4,0.0,0.0,0.0,0.0,0
