,max,min,avg,median,count
0,0.3009031850156417,0.034052378637928184,0.16252261586189037,0.16571744696032062,22
1,0.0877466215599145,0.02006694655045512,0.05004990305393853,0.04223681226914596,86
2,0.061366246512621264,0.033457735011938605,0.04791188787580452,0.050515084164301505,174
3,0.473923694079971,0.35867557898693414,0.42291396635457584,0.4361426259968224,3
4,0.0,0.0,0.0,0.0,0
