,max,min,avg,median,count
0,0.3313229806432775,0.244440900809027,0.2830610246159971,0.27127432701741067,11
1,0.12001817486717875,0.0027379806689607124,0.06521465459384387,0.08176692031982515,97
2,0.06724857646780519,0.011008028858580435,0.041957211359259824,0.039712419393088824,220
3,0.32829343734366123,0.00541852876769208,0.2005615154709556,0.2947759622250984,53
4,0.0,0.0,0.0,0.0,0
