,max,min,avg,median,count
0,0.02033210285680697,0.0008092103703296024,0.013849419921791362,0.015989567495058764,55
1,0.01236765245280663,0.003624964757664622,0.008661175694823876,0.010075088262521119,94
2,0.0070165442002347875,0.0002490062731670351,0.00323207248633732,0.002992721860119532,255
3,0.0,0.0,0.0,0.0,0
4,0.0,0.0,0.0,0.0,0
