,max,min,avg,median,count
0,0.061156591752657696,0.03641441204700492,0.0492304652286804,0.050940405358914566,47
1,0.0492609812519129,0.0073788143725615095,0.02740973926704246,0.03333004897263696,134
2,0.07231539691182647,0.008352359287776443,0.04977864737071824,0.05975801672695442,78
3,0.0,0.0,0.0,0.0,0
4,0.0,0.0,0.0,0.0,0
