,max,min,avg,median,count
0,0.40250639995750265,0.14973791907779,0.27500705771354184,0.3199942867163614,41
1,0.044668823365652206,0.005148070337677793,0.023531209073738298,0.02638387385380129,198
2,0.11075481579763236,0.038607876787581596,0.08174310874442331,0.09318184591837902,92
3,0.0,0.0,0.0,0.0,0
4,0.0,0.0,0.0,0.0,0
