,max,min,avg,median,count
0,0.27212373526159794,0.01124985280020389,0.14213520336277902,0.16068974246764073,30
1,0.012548988289337898,0.0013949967510287749,0.005182401262164323,0.0034622742807583584,233
2,0.05143694661200554,0.00556052897058638,0.0310780550863623,0.03410236458651363,69
3,0.0,0.0,0.0,0.0,0
4,0.0,0.0,0.0,0.0,0
