,max,min,avg,median,count
0,0.38974204844217636,0.03957582857007066,0.2307172389631836,0.22534547209502534,10
1,0.5671048531721352,0.2228684026561981,0.4249287899150077,0.4863526679852644,11
2,0.01517184208930006,0.0030008647198267614,0.009574489251479159,0.009680283813076578,244
3,0.0,0.0,0.0,0.0,0
4,0.0,0.0,0.0,0.0,0
