,max,min,avg,median,count
0,0.38538712316030216,0.11385749320466512,0.26706257398661104,0.29858581861307865,48
1,0.07643492287819585,0.04613724036676025,0.059705825271132815,0.061980184442326294,113
2,0.056773029886122844,0.0014845451216755573,0.022638394582149564,0.00829257630496486,204
3,0.0,0.0,0.0,0.0,0
4,0.0,0.0,0.0,0.0,0
