,max,min,avg,median,count
0,0.13934372767580355,0.045398149283477914,0.09543325562933344,0.09711690713470653,39
1,0.02816353843880689,0.00020449055052524737,0.015062119800637663,0.011471310744996811,98
2,0.05662420043131843,0.0021165971429276524,0.033873471271313814,0.03152305781268615,127
3,0.0,0.0,0.0,0.0,0
4,0.0,0.0,0.0,0.0,0
