,max,min,avg,median,count
0,0.4044832312666127,0.18947224696770035,0.28699989034278633,0.26511490196913623,25
1,0.08961238933844624,0.045906245984023965,0.06975726055783135,0.06727152561399827,60
2,0.07110095891118098,0.0025731531572218418,0.026751626504074928,0.022702313199547682,171
3,0.0,0.0,0.0,0.0,0
4,0.0,0.0,0.0,0.0,0
