,max,min,avg,median,count
0,0.14998862123183768,0.03421400127616324,0.09068352395083479,0.09187085730389813,24
1,0.017432292839323984,0.0005907447455977487,0.009507892957610863,0.011989554539296721,83
2,0.010292180087313417,0.0010653001146587288,0.0044894138248844345,0.0025788677511772856,158
3,0.0,0.0,0.0,0.0,0
4,0.0,0.0,0.0,0.0,0
