,max,min,avg,median,count
0,0.07683152907943738,0.005385701296606852,0.03576685888945337,0.02975839727903167,68
1,0.031679704515868594,0.006539563088609095,0.019815755781253337,0.02607854081216487,110
2,0.02346255398561996,0.008585289028167685,0.015591721240542455,0.015836499577956197,314
3,0.0,0.0,0.0,0.0,0
4,0.0,0.0,0.0,0.0,0
