,max,min,avg,median,count
0,0.08461191488654152,0.006997859412483062,0.03604786056590545,0.03701560629438994,56
1,0.09502546364763272,0.016914371562559847,0.05668331098973426,0.06864536725455012,93
2,0.03356658330669778,0.005225920756437455,0.020653319301690565,0.023356245420428107,227
3,0.4703844465858555,0.1832508351319551,0.37641500771483083,0.4083955731694376,10
4,0.0,0.0,0.0,0.0,0
