,max,min,avg,median,count
0,0.06430050399721081,0.003035923998207448,0.02917635373487191,0.011059386359132744,34
1,0.06372244373294954,0.022031586510030763,0.033110232772112114,0.02497527823918815,81
2,0.05450652953996025,0.0025918556985607623,0.03941840675963558,0.04875755206286253,162
3,0.0,0.0,0.0,0.0,0
4,0.0,0.0,0.0,0.0,0
