,max,min,avg,median,count
0,0.052330549265483375,0.0016092605921414534,0.02536364532917116,0.019392940442036176,38
1,0.028888865543515968,0.009483797160089213,0.021836665269447726,0.025385428013706593,197
2,0.06632827397167287,0.00010973785348813166,0.03545133628622304,0.0524179100580335,26
3,0.0,0.0,0.0,0.0,0
4,0.0,0.0,0.0,0.0,0
