,max,min,avg,median,count
0,0.12723168281003533,0.014365457097540408,0.09001274856428595,0.10296019214931164,30
1,0.048707134741338885,0.0042460753429508944,0.029929589545020986,0.03589826841749004,95
2,0.027385998337362577,0.0039677569132396265,0.015506019122194686,0.01883058580429589,138
3,0.0,0.0,0.0,0.0,0
4,0.0,0.0,0.0,0.0,0
