,max,min,avg,median,count
0,0.18022323044915195,0.078180147301397,0.13360766574406852,0.14712414701766627,27
1,0.03547464927243349,0.001622174670458664,0.018470395452075166,0.0182407070738684,130
2,0.027585448670911013,0.0073995807630476635,0.018952231562731275,0.018515558116068892,131
3,0.0,0.0,0.0,0.0,0
4,0.0,0.0,0.0,0.0,0
