,max,min,avg,median,count
0,0.07312941364949321,0.002947565100873778,0.03639335630018352,0.044630302397921255,23
1,0.008189319488774775,0.0012094411800866061,0.004314650016712841,0.004070400521908482,68
2,0.01422165991610448,0.000742050179787514,0.008105913562291544,0.010817659003970956,168
3,0.7371351598696544,0.7371351598696544,0.7371351598696544,0.7371351598696544,1
4,0.0,0.0,0.0,0.0,0
