,max,min,avg,median,count
0,0.06513711010253016,0.008121690276986811,0.030336624333117835,0.017598550315817158,52
1,0.06408980338603625,0.011346526567159908,0.02948604629289623,0.01535607850550342,115
2,0.024639247680043677,0.0056127426617487335,0.013909027250884614,0.008235488989526123,197
3,0.0,0.0,0.0,0.0,0
4,0.0,0.0,0.0,0.0,0
