,max,min,avg,median,count
0,0.13852786969739636,0.01663248051495446,0.06709297350986262,0.062109235370460716,39
1,0.06929494736341871,0.007653094167080924,0.04439486613755707,0.049918716643363434,71
2,0.024891770665672167,0.005084786537408128,0.01463597717444999,0.014151228671755339,150
3,0.4546125784464508,0.21554552255270926,0.33507905049958003,0.33507905049958003,2
4,0.0,0.0,0.0,0.0,0
