,max,min,avg,median,count
0,0.07162630427826139,0.0052994704635613964,0.043185321557535884,0.044914247921492526,33
1,0.010488466626987386,0.000809860299460961,0.00575319531300042,0.006415326818988127,143
2,0.019457109888111845,0.0007570201007102183,0.006431846231001809,0.002764892149780502,132
3,0.0,0.0,0.0,0.0,0
4,0.0,0.0,0.0,0.0,0
