,max,min,avg,median,count
0,0.10101426332904276,0.016330795415738605,0.06501029100590316,0.06240311059025056,55
1,0.04008779255398908,0.008520056684135732,0.02663521567256455,0.03566124757684061,90
2,0.03300761910196448,0.0029986103033727346,0.019653231940550235,0.02145613963381285,221
3,0.7063610304352533,0.25099973567942324,0.558844810586304,0.5822617003640136,9
4,0.0,0.0,0.0,0.0,0
