,max,min,avg,median,count
0,0.14776664757033803,0.05361320773451601,0.11049256086060835,0.13465465515848915,33
1,0.08321517956809309,0.010021208564960703,0.0474428981189276,0.03722006163752318,135
2,0.05407751614384175,0.023359823833061438,0.03737856237503755,0.033056426693373685,132
3,0.1375779062715047,0.1375779062715047,0.1375779062715047,0.1375779062715047,1
4,0.0,0.0,0.0,0.0,0
