,max,min,avg,median,count
0,0.18787325393382467,0.046564008033732666,0.12196846418543099,0.13150539944407627,32
1,0.015310536270166281,0.004832593834404222,0.009927297864600435,0.010207541104049794,126
2,0.046536013679937566,0.0019211545086367822,0.023780246081427266,0.02213663077761374,101
3,0.0,0.0,0.0,0.0,0
4,0.0,0.0,0.0,0.0,0
