,max,min,avg,median,count
0,0.20102534699381847,0.012600969936996586,0.1116760647765835,0.10882037832921766,31
1,0.22302453647202763,0.0012733898496744946,0.13754447068072667,0.15216803115396899,85
2,0.04351686071564405,0.016610581924343604,0.0276405218218987,0.028710277889541367,167
3,0.7618533047212428,0.22606908017628044,0.49396119244876163,0.49396119244876163,2
4,0.0,0.0,0.0,0.0,0
