,max,min,avg,median,count
0,0.3012064859579544,0.025624884041092966,0.19228576188877655,0.2118578222292285,28
1,0.08447697576186151,0.001367017142862664,0.04640142981464355,0.060837880473787444,80
2,0.04468515917770304,0.020795948890220645,0.0312946683539853,0.028660356394771748,172
3,0.0,0.0,0.0,0.0,0
4,0.0,0.0,0.0,0.0,0
