,max,min,avg,median,count
0,0.04525359231378142,0.014086734067239495,0.03484975821784194,0.03862507441641903,45
1,0.04408701312622651,0.0032853132150200215,0.019477951979689767,0.014277826537559542,69
2,0.011910860951561648,0.0014338604876753148,0.005068942982092912,0.004409133590443895,154
3,0.0,0.0,0.0,0.0,0
4,0.0,0.0,0.0,0.0,0
