,max,min,avg,median,count
0,0.08610871175762529,0.002939420143755646,0.038601319757531706,0.02360540864702278,46
1,0.019483789872907054,0.0012003442712005235,0.007360522096362182,0.004905971393220899,149
2,0.01891977101179254,0.015577290152300556,0.017585834301809218,0.018256205358428132,75
3,0.0,0.0,0.0,0.0,0
4,0.0,0.0,0.0,0.0,0
