,max,min,avg,median,count
0,0.2131384419371343,0.10448400885364843,0.17513759228353343,0.1916179375621799,26
1,0.12674777081145458,0.027621708302828802,0.06761759320474596,0.043760078030215546,66
2,0.03973633185235154,0.004658193522607087,0.01812171680020603,0.012125521326286524,168
3,0.0,0.0,0.0,0.0,0
4,0.0,0.0,0.0,0.0,0
