,max,min,avg,median,count
0,0.20077560673574354,0.027469677492614714,0.0957641370399038,0.06776841002261205,45
1,0.1042093203294628,0.032176362653260904,0.057877789941805015,0.05061137251479762,154
2,0.05354133252868302,0.02124291270155521,0.03972237016323889,0.04711677700184791,290
3,0.0,0.0,0.0,0.0,0
4,0.0,0.0,0.0,0.0,0
