,max,min,avg,median,count
0,0.08691082981997258,0.008221293421586241,0.05081440994942958,0.05769190159080944,31
1,0.05915309950021049,0.02323257584423518,0.03930739221480299,0.04149787664332882,103
2,0.020341008330316976,0.0061230172576139255,0.012757281580009706,0.011521714402257733,129
3,0.0,0.0,0.0,0.0,0
4,0.0,0.0,0.0,0.0,0
