,max,min,avg,median,count
0,0.27169476059730113,0.03243888623710403,0.1711061345833283,0.19462150391790511,25
1,0.024999633429259135,0.013839017722442604,0.02007677466439725,0.020255523291245813,87
2,0.05400795624639456,0.013324431984756592,0.03096288193245329,0.02730592233917773,144
3,0.0,0.0,0.0,0.0,0
4,0.0,0.0,0.0,0.0,0
