,max,min,avg,median,count
0,0.09197390473168192,0.011950680530176715,0.050152658788789294,0.04319183629726711,11
1,0.030363025517111532,0.008059022045100648,0.018395778630685238,0.018441640420944816,76
2,0.011706180169131882,0.006981717138235613,0.009694722506523817,0.010439061806195695,194
3,0.0,0.0,0.0,0.0,0
4,0.0,0.0,0.0,0.0,0
