,max,min,avg,median,count
0,0.0690158045618001,0.018817980012947173,0.05359233196370028,0.05872498253704781,48
1,0.03313040650455074,0.0016519647330239646,0.017894361461218318,0.017041799808665416,154
2,0.020943252961701624,0.01175152876250086,0.01639126194745138,0.016009697068623718,95
3,0.0,0.0,0.0,0.0,0
4,0.0,0.0,0.0,0.0,0
