,max,min,avg,median,count
0,0.1874426459345234,0.016022953244767914,0.11953897377412688,0.12102374546480092,24
1,0.03839483433085113,0.01581565328949449,0.026344809038395832,0.022890184297259572,182
2,0.041633405577676884,0.00179148179359986,0.02520181678731811,0.02717576034361352,74
3,0.43855335528437045,0.27059763107225415,0.3545754931783123,0.3545754931783123,2
4,0.0,0.0,0.0,0.0,0
