,max,min,avg,median,count
0,0.12754503581920199,0.09028673158700241,0.11119387689231594,0.11474036257947623,20
1,0.019570358024953754,0.007539005859672291,0.011973794975705743,0.011428795503797062,113
2,0.04060916372396442,0.010253060088756344,0.026585225156576315,0.032380052804066174,132
3,0.0,0.0,0.0,0.0,0
4,0.0,0.0,0.0,0.0,0
