,max,min,avg,median,count
0,0.07864255914997254,0.017519539239768872,0.05239597142582124,0.05735599939267039,58
1,0.034137476847879024,0.0076587592024934675,0.018891640945392953,0.02240358229347278,151
2,0.025548735565284076,0.003955033563122974,0.01657759935081174,0.02303932985881132,176
3,0.6319132703341005,0.07592264736863562,0.4031842930302505,0.45245062720913287,4
4,0.0,0.0,0.0,0.0,0
