,max,min,avg,median,count
0,0.05740160649010682,0.008684818047378261,0.042173807483469404,0.054259230338394894,55
1,0.01479717882975013,0.00021406687639515673,0.01046521175230715,0.01227960113426951,147
2,0.014734436340035982,0.0058898183570219795,0.00935557688699069,0.008072066693360375,205
3,0.0,0.0,0.0,0.0,0
4,0.0,0.0,0.0,0.0,0
