,max,min,avg,median,count
0,0.08610859062027726,0.0019281412628323908,0.037822205197083306,0.03244368529680182,31
1,0.017194861220592342,0.005576111382299452,0.011523397704073901,0.01198452685292454,160
2,0.05513120012718268,0.0025982586503724846,0.03511956957023984,0.0433924975928443,67
3,0.0,0.0,0.0,0.0,0
4,0.0,0.0,0.0,0.0,0
