,max,min,avg,median,count
0,0.046843441152495,0.025291160383784376,0.035203600257182346,0.03860591388544233,40
1,0.021227578014692234,0.0010631040504464583,0.011883981477244801,0.015310536270166283,119
2,0.019500887399409115,0.0051303823355804325,0.013894031308477283,0.013630236265609465,103
3,0.0,0.0,0.0,0.0,0
4,0.0,0.0,0.0,0.0,0
