,max,min,avg,median,count
0,0.13150539944407627,0.026863192998978134,0.06941467672337069,0.03942359793024305,33
1,0.011686291276991532,0.0024122412434361513,0.007466649972227962,0.006551294347760914,79
2,0.006821708800265882,0.0017208650763149325,0.004394671913322412,0.004427262139898857,161
3,0.0,0.0,0.0,0.0,0
4,0.0,0.0,0.0,0.0,0
