,max,min,avg,median,count
0,0.24831426051521366,0.014722011689967963,0.1456109896081869,0.15964147155015446,28
1,0.006752479195538368,0.00451132542491036,0.005741542112122906,0.005749790746018857,168
2,0.07587115112704008,0.0013859328736555868,0.040521977623038344,0.04409655659964952,60
3,0.0,0.0,0.0,0.0,0
4,0.0,0.0,0.0,0.0,0
