,max,min,avg,median,count
0,0.32876059399714747,0.0031957119083057964,0.17236145432628985,0.14609807528777188,29
1,0.11987065846485286,0.03837804872932124,0.08048271098536466,0.09479622124955643,57
2,0.03639643909368219,0.012438589426175761,0.02438218192063732,0.02333840351508986,226
3,0.0,0.0,0.0,0.0,0
4,0.0,0.0,0.0,0.0,0
