,max,min,avg,median,count
0,0.07991589946643343,0.03878177598968819,0.06055151971975455,0.06549504652891787,30
1,0.024631832638416583,0.006278961140999197,0.011299468277136387,0.00853999532565186,141
2,0.0050616862231374505,0.0026191783910490462,0.0035041054281712133,0.002930382998953426,193
3,0.0,0.0,0.0,0.0,0
4,0.0,0.0,0.0,0.0,0
