,max,min,avg,median,count
0,0.46314864263680205,0.21811206049483833,0.35296755014006576,0.35971614985927014,26
1,0.048264769323994886,0.01500827838411401,0.0343593114497789,0.03455022541550402,76
2,0.04850569899329311,0.022841171829281182,0.031544691423521794,0.02971096795838025,154
3,0.0,0.0,0.0,0.0,0
4,0.0,0.0,0.0,0.0,0
