,max,min,avg,median,count
0,0.41855281969286817,0.17693061578417782,0.2888838286892438,0.2671882957101916,30
1,0.12191063372320471,0.03916315534990983,0.07139564547348609,0.06601756673051894,66
2,0.03929559013351668,0.001484457700102127,0.015518232755904127,0.005825491452711237,270
3,0.0,0.0,0.0,0.0,0
4,0.0,0.0,0.0,0.0,0
