,max,min,avg,median,count
0,0.11733677338340959,0.015563228682203226,0.06176118770002953,0.06372082855472333,25
1,0.01112260814908031,7.914239965038006e-06,0.007345898907686057,0.01073042038442561,149
2,0.01806157679674945,0.004946967916456108,0.011831938255414575,0.013632178383674122,103
3,0.0,0.0,0.0,0.0,0
4,0.0,0.0,0.0,0.0,0
