,max,min,avg,median,count
0,0.16350802742097056,0.007432786004243808,0.08319607911420472,0.06117002377698665,41
1,0.029823164815463,0.006985236073647392,0.01755378367641733,0.015880150188126402,191
2,0.08240093763272152,0.01925295491037934,0.0491468130311393,0.03582411856814638,66
3,0.0,0.0,0.0,0.0,0
4,0.0,0.0,0.0,0.0,0
