,max,min,avg,median,count
0,0.23087091101140117,0.08396510588149401,0.18560268091306828,0.2171758993563842,33
1,0.07266756327622148,0.022839060482624542,0.0392901988654978,0.033284978080117995,114
2,0.04847215898822444,0.005233031017964705,0.027444311007564788,0.027157932557869465,153
3,0.0,0.0,0.0,0.0,0
4,0.0,0.0,0.0,0.0,0
