,max,min,avg,median,count
0,0.31012868388209375,0.041967928253911255,0.1407351133562917,0.12583783164140497,27
1,0.05591812342208478,0.03429052186576215,0.04686946430298701,0.04991871664336343,112
2,0.05682828510220043,0.004427262139898856,0.031229759870219198,0.0352325437680158,115
3,0.2261065719721955,0.13336188002193922,0.17973422599706734,0.17973422599706734,2
4,0.0,0.0,0.0,0.0,0
