,max,min,avg,median,count
0,0.07870295747208873,0.005902056111562451,0.031987039690274444,0.02302799043083142,22
1,0.01641957835011919,0.0011705287490009725,0.007962446682084236,0.007424357793651549,115
2,0.015170918033201058,0.0005755195413721812,0.009661480622971494,0.010897267533761747,121
3,0.0,0.0,0.0,0.0,0
4,0.0,0.0,0.0,0.0,0
