,max,min,avg,median,count
0,0.11647558230611169,0.04336387201111628,0.08274387886263741,0.08923511052826516,20
1,0.07737333800621599,0.03062897047005365,0.05577008869144644,0.05300035438339702,44
2,0.025470974140523118,0.001983604942642316,0.011674928251508612,0.00791906041668385,196
3,0.0,0.0,0.0,0.0,0
4,0.0,0.0,0.0,0.0,0
