,max,min,avg,median,count
0,0.6654655256151166,0.03008246755730835,0.35833365857457455,0.37214267284292024,31
1,0.11458789735446673,0.05853447607045476,0.08188047589832981,0.06286371114154823,75
2,0.028049162651010113,0.0010148805660323724,0.01458701166432454,0.014109898499040575,267
3,0.0,0.0,0.0,0.0,0
4,0.0,0.0,0.0,0.0,0
