,max,min,avg,median,count
0,0.07259365751126359,0.0002896028444267698,0.03378382628272268,0.036778270371166114,54
1,0.01446089397393742,0.0007002452932000916,0.007790368554553155,0.006397600868011884,182
2,0.015480522509426166,0.0008690792991291181,0.008427037947376348,0.008044275072085732,149
3,0.0,0.0,0.0,0.0,0
4,0.0,0.0,0.0,0.0,0
