,max,min,avg,median,count
0,0.11143143248507091,0.025451283821868616,0.059159392347606254,0.049182109736793975,30
1,0.06780680604888978,0.016388832713429998,0.039777312295477533,0.043023941592634896,95
2,0.029783876144292936,0.0022317863750086144,0.01732160520164014,0.01779418732119428,137
3,0.0,0.0,0.0,0.0,0
4,0.0,0.0,0.0,0.0,0
