,max,min,avg,median,count
0,0.1690271589938072,0.01932362357477758,0.09161003853885051,0.0816612063333584,24
1,0.023841853345826967,0.00802130722735616,0.016646411523971623,0.014212248342091586,102
2,0.0378520755431941,0.006981340759694588,0.020407521408266512,0.014613892214060183,132
3,0.0,0.0,0.0,0.0,0
4,0.0,0.0,0.0,0.0,0
