,max,min,avg,median,count
0,0.30288654695924877,0.07348095621264912,0.2054185680858862,0.19434353313706088,16
1,0.018023254916428463,0.0019382543131006695,0.012269148137634819,0.014767999378569749,75
2,0.009414648436817758,0.0018712651586491973,0.004728032657784207,0.003286643324078679,280
3,0.7943284201456862,0.022251377278329196,0.36225880540870115,0.41150092962304513,5
4,0.0,0.0,0.0,0.0,0
