,max,min,avg,median,count
0,0.06183540933859589,0.0009456574259261187,0.03527660130110223,0.03807678958422837,43
1,0.032647477528320736,0.005832389309849646,0.015869163585991764,0.013309126872246167,103
2,0.05554820380424443,0.0023984705762651708,0.028389037436751235,0.026979906953323467,129
3,0.45192220596752675,0.45192220596752675,0.45192220596752675,0.45192220596752675,1
4,0.0,0.0,0.0,0.0,0
