,max,min,avg,median,count
0,0.11224785228454046,0.0008151540612203025,0.07342535654591198,0.08465491443289815,24
1,0.013507931590258352,0.002810806065678614,0.00971271347952075,0.009904896375220235,127
2,0.013543965013256769,0.0015874310930117483,0.004905292019378163,0.003013931511427588,140
3,0.0,0.0,0.0,0.0,0
4,0.0,0.0,0.0,0.0,0
