,max,min,avg,median,count
0,0.3948197517409428,0.03289721779287933,0.2019215161975935,0.25324528837570187,26
1,0.04365285624646463,0.012294663718304394,0.021277144410677233,0.016225577584042923,88
2,0.036820869357915224,0.0038956781982352764,0.016268500547115712,0.017065277844134363,150
3,0.0,0.0,0.0,0.0,0
4,0.0,0.0,0.0,0.0,0
