,max,min,avg,median,count
0,0.2966953286161829,0.0110289134321294,0.17550394194602692,0.19614454758746955,23
1,0.09337439118077076,0.026642852980848956,0.06248189410352214,0.07178888560541304,75
2,0.05300131251568579,0.018592638791954885,0.03868510745951508,0.036935706831083534,211
3,0.0,0.0,0.0,0.0,0
4,0.0,0.0,0.0,0.0,0
