,max,min,avg,median,count
0,0.19943193789572344,0.03627055050095682,0.10081814921452385,0.10289794364961387,33
1,0.03426903858977424,0.0028585090870924664,0.013336405549235245,0.009929797311640582,117
2,0.03327465441757453,0.000755274456950806,0.018208323477841678,0.019358736792046794,115
3,0.0,0.0,0.0,0.0,0
4,0.0,0.0,0.0,0.0,0
