,max,min,avg,median,count
0,0.09860494307228126,0.040769213963578965,0.07107387548946398,0.07597438877495837,54
1,0.024636353655826337,0.001651013692102679,0.012891213437642362,0.014549734029432802,168
2,0.0753323415987922,0.009610800564465978,0.036759592051319775,0.041723703422240695,41
3,0.0,0.0,0.0,0.0,0
4,0.0,0.0,0.0,0.0,0
