,max,min,avg,median,count
0,0.10531651348649132,0.02293223789022308,0.06802368003491455,0.07114066831598183,42
1,0.07392750395408526,0.019327541917109257,0.055222007888573364,0.06151384919296366,67
2,0.021425091040571963,0.006911498977942396,0.015432147357947795,0.014835282753962257,149
3,0.0,0.0,0.0,0.0,0
4,0.0,0.0,0.0,0.0,0
