,max,min,avg,median,count
0,0.22911944717324176,0.053779992296004414,0.14967102549456784,0.15184361224397264,29
1,0.05487271228187325,0.02290296828396561,0.032428832818135654,0.025865957864055968,80
2,0.023233485801279086,0.011610976636812393,0.019031568893404432,0.01942771070296015,163
3,0.0,0.0,0.0,0.0,0
4,0.0,0.0,0.0,0.0,0
