,max,min,avg,median,count
0,0.1493063333719857,0.13912421266115815,0.14421527301657194,0.14421527301657194,2
1,0.008203140279159504,0.0003587040149680171,0.00454143075657676,0.005618910363092362,74
2,0.0060236534018276435,0.00235848487972046,0.0043227890223681825,0.005147191845911332,155
3,0.012912897011467648,0.007911483545403917,0.009991496566249654,0.008625298014427456,34
4,0.0,0.0,0.0,0.0,0
