,max,min,avg,median,count
0,0.20791804055205845,0.09223545196232008,0.14552823670306145,0.131612207364074,23
1,0.07928298270920965,0.01578047571880904,0.05186631370028662,0.060408140332627765,94
2,0.027735963410393534,0.0077939042442536875,0.018022234042082336,0.02124275181021658,139
3,0.0,0.0,0.0,0.0,0
4,0.0,0.0,0.0,0.0,0
