,max,min,avg,median,count
0,0.12065050476041696,0.028641880824689187,0.07734513689667878,0.09165758219493657,35
1,0.05893278161910615,0.016839017904659036,0.03564295628943257,0.03275704984358179,117
2,0.028771427419776917,0.0011641674264306246,0.016209247193902508,0.014471997743862089,126
3,0.0,0.0,0.0,0.0,0
4,0.0,0.0,0.0,0.0,0
