,max,min,avg,median,count
0,0.12130826717521569,0.012086905267877524,0.06452583215763316,0.060163223122277766,27
1,0.04589387034839953,0.0016736690829186772,0.015214633764904506,0.011671636067993993,145
2,0.047682389650249894,0.002472258249162118,0.034503117747772004,0.04409655659964951,86
3,0.0,0.0,0.0,0.0,0
4,0.0,0.0,0.0,0.0,0
