,max,min,avg,median,count
0,0.12581918375703507,0.004886667678774979,0.0785211495871944,0.10701400091371088,38
1,0.04052979561235931,0.01708825621560278,0.02792667112087609,0.027009777545450777,145
2,0.06189472756262258,0.007832407867038444,0.04107034037081145,0.04430222556868069,73
3,0.0,0.0,0.0,0.0,0
4,0.0,0.0,0.0,0.0,0
