,max,min,avg,median,count
0,0.0666753372494635,0.004013809788562491,0.03987758243239777,0.047718534619349225,40
1,0.02691747799689191,0.011915657175341605,0.016500302377749645,0.013893953348002244,108
2,0.029533998325030196,0.004608234846532337,0.018864841897735834,0.019431497325872984,113
3,0.0,0.0,0.0,0.0,0
4,0.0,0.0,0.0,0.0,0
