,max,min,avg,median,count
0,0.6824859479331548,0.2715650883221915,0.5416525130861549,0.61961015717938,5
1,0.09305269148760856,0.007373776089693129,0.0489747506970384,0.04475637534010786,47
2,0.02646947452732541,0.002722574107534319,0.016920017757764416,0.020681771699291907,239
3,0.16564490198998738,0.019310300233044694,0.08232295697162054,0.08644867300713042,41
4,0.0,0.0,0.0,0.0,0
