,max,min,avg,median,count
0,0.07259533229860382,0.002470691800099836,0.026700587012175463,0.0157107696399502,35
1,0.0543724436313133,0.006752479195538369,0.02900738786922119,0.02325761782165722,66
2,0.049834752628957805,0.022649272511549932,0.03457587200239781,0.03329260161880828,157
3,0.0,0.0,0.0,0.0,0
4,0.0,0.0,0.0,0.0,0
