,max,min,avg,median,count
0,0.23393747971531223,0.0037399872682208008,0.10450644871104844,0.08986022050966555,22
1,0.12360238600365572,0.07917191148570868,0.10290615962056548,0.10825261325586166,83
2,0.042588650507083235,0.0068217088002658815,0.03073098660501441,0.03212765851391539,172
3,0.0,0.0,0.0,0.0,0
4,0.0,0.0,0.0,0.0,0
