,max,min,avg,median,count
0,0.11287061474958242,0.0015142921004105267,0.03892018252353118,0.0077947280927219715,44
1,0.02553611566179308,0.0025339055451220433,0.016619859562274915,0.01894192867724191,194
2,0.24874338226258355,0.0008570020617537852,0.13733296843043033,0.14730390986335423,24
3,0.0,0.0,0.0,0.0,0
4,0.0,0.0,0.0,0.0,0
