,max,min,avg,median,count
0,0.14305275180576957,0.025409029432091654,0.07368654308518297,0.07481173568998585,31
1,0.05475134241875648,0.00874093532285208,0.03032378830894248,0.02550613732194338,89
2,0.037512731155753806,0.004461615327182593,0.022212982514789252,0.017535723655382054,157
3,0.0,0.0,0.0,0.0,0
4,0.0,0.0,0.0,0.0,0
