,max,min,avg,median,count
0,0.2560015903846961,0.014720815853539407,0.11997421373126085,0.09392436403242467,26
1,0.03604487145097158,0.008253841796170155,0.024622386770474736,0.026018086338763586,96
2,0.019076631554723892,0.0019672733105768328,0.012114613792195871,0.01453955111936749,136
3,0.0,0.0,0.0,0.0,0
4,0.0,0.0,0.0,0.0,0
