,max,min,avg,median,count
0,0.0609113158855979,0.0005729543361375298,0.033725835210805674,0.0448213981947157,44
1,0.1029095545465713,0.02260641296526677,0.07814077527952279,0.09050751018313369,65
2,0.09107889703825744,0.02152360166269068,0.05524354158219684,0.049606923797629376,149
3,0.0,0.0,0.0,0.0,0
4,0.0,0.0,0.0,0.0,0
