,max,min,avg,median,count
0,0.4178696546405756,0.18447642691568528,0.29444372878390124,0.30385816010869343,9
1,0.7620425794968181,0.250577105123579,0.6018672420484585,0.6911610884183478,11
2,0.02367514611438993,0.0018020026298629938,0.014087233989018576,0.013176037991381204,248
3,0.0,0.0,0.0,0.0,0
4,0.0,0.0,0.0,0.0,0
