,max,min,avg,median,count
0,0.17434786600666566,0.06161536447917578,0.11304595453113364,0.11056313713186477,26
1,0.024636353655826337,0.0015631771495870834,0.010976199770524228,0.005492313551737224,156
2,0.025145347177984716,0.012021896601227731,0.0177680579575772,0.01593435609702163,76
3,0.0,0.0,0.0,0.0,0
4,0.0,0.0,0.0,0.0,0
