,max,min,avg,median,count
0,0.09131756606482339,0.01203731914113908,0.05402304476640758,0.06360416853528349,42
1,0.11726488977918882,0.02496047852865055,0.07589784272259704,0.10358011031377609,64
2,0.020341008330316976,0.0013082813139260587,0.013101163334776383,0.01832224748409512,151
3,0.0,0.0,0.0,0.0,0
4,0.0,0.0,0.0,0.0,0
