,max,min,avg,median,count
0,0.18374142437260155,0.03987805111331401,0.12460457343766371,0.16105921442952742,25
1,0.04579616000831991,0.021981728600693192,0.03654234185810183,0.03701340472920127,111
2,0.07725941209146303,0.014162441625567337,0.047069249315279435,0.05373261452143177,114
3,0.0,0.0,0.0,0.0,0
4,0.0,0.0,0.0,0.0,0
