,max,min,avg,median,count
0,0.10314916217114474,0.019156969163504917,0.04856787752708884,0.033868979733621296,35
1,0.04838627571682965,0.0016234362490348193,0.021227482437118594,0.018329622377271322,106
2,0.0311609532750049,0.0012187040360657248,0.01485811237601794,0.01620965294170334,131
3,0.0,0.0,0.0,0.0,0
4,0.0,0.0,0.0,0.0,0
