,max,min,avg,median,count
0,0.3643006128500974,0.03552728298439369,0.19563693374346577,0.2316186370196653,9
1,0.04392173712944378,0.00047773374979716824,0.029755121717980858,0.04052979561235931,45
2,0.009416409504242478,0.001921154508636782,0.006700950435334646,0.008719729723890934,204
3,0.0,0.0,0.0,0.0,0
4,0.0,0.0,0.0,0.0,0
