,max,min,avg,median,count
0,0.09549328478897375,0.0018073502122670805,0.030173651424120356,0.01907880876685759,35
1,0.007630888874974931,0.000608517649973217,0.004543922629779557,0.0048749481974663215,114
2,0.025706896674655855,0.0016035780558536514,0.011087248537793751,0.0077455988908185815,126
3,0.0,0.0,0.0,0.0,0
4,0.0,0.0,0.0,0.0,0
