,max,min,avg,median,count
0,0.12230185716943207,0.02995703230303122,0.08098264209032122,0.09053729866717686,33
1,0.02456769131761976,0.0017889445633595354,0.012156758581718942,0.011546850173262796,191
2,0.18118788393932092,0.02602483713042127,0.1153131805714818,0.16657832672615952,32
3,0.0,0.0,0.0,0.0,0
4,0.0,0.0,0.0,0.0,0
