,max,min,avg,median,count
0,0.07063598839133647,0.034230131539808174,0.05083505428239159,0.05081141969652249,44
1,0.04260174276198544,0.006586215853358548,0.020109546986058803,0.010598927147633353,98
2,0.01714419777682252,0.004143543663036387,0.010494633459485082,0.008606237575171535,137
3,0.0,0.0,0.0,0.0,0
4,0.0,0.0,0.0,0.0,0
