,max,min,avg,median,count
0,0.51758006182548,0.4489862957228875,0.48328317877418375,0.48328317877418375,2
1,0.06605225931226022,0.005212112247954404,0.030247177158761535,0.012011580231625974,94
2,0.0579201982675777,0.0051303823355804325,0.02832765441781891,0.020815819935693487,136
3,0.19998294531989863,0.06206215605125585,0.11811629393754508,0.09232709501709906,28
4,0.0,0.0,0.0,0.0,0
