,max,min,avg,median,count
0,0.10178773768683916,0.08347590996264816,0.09312861669910685,0.09541614856153051,33
1,0.016793760327433793,0.004986465655507946,0.01187679027997348,0.012437614140892951,57
2,0.012575890429524979,0.00493130369216207,0.008916128953144592,0.008710397460358864,200
3,0.0,0.0,0.0,0.0,0
4,0.0,0.0,0.0,0.0,0
