,max,min,avg,median,count
0,0.1005798505567627,0.030176281987252564,0.07515189329096034,0.0763025719679644,22
1,0.027849972044569116,0.004873831602291274,0.01766052166860408,0.02111041265574619,103
2,0.013342101016325351,0.0008480924674049964,0.0073237030183096585,0.006894237620478894,158
3,0.0,0.0,0.0,0.0,0
4,0.0,0.0,0.0,0.0,0
