,max,min,avg,median,count
0,0.08691082981997258,0.03811853799816616,0.0628818391982654,0.06287258777648101,30
1,0.08215260421482641,0.02416496655757698,0.058439212002131494,0.06247324059313144,93
2,0.03364419911737654,0.01098408638752688,0.02436624358079335,0.026174565181567088,141
3,0.0,0.0,0.0,0.0,0
4,0.0,0.0,0.0,0.0,0
