,max,min,avg,median,count
0,0.16501517179567696,0.002307999954860158,0.09000985254325936,0.11710175285673728,35
1,0.01144879322528145,0.0027700464378157667,0.00783432017658178,0.009076061842667654,86
2,0.02380418179182226,0.003642611810025455,0.01287073490954015,0.01053524384832977,166
3,0.0,0.0,0.0,0.0,0
4,0.0,0.0,0.0,0.0,0
