,max,min,avg,median,count
0,0.36979866754366497,0.0731294136494932,0.19475761387287366,0.1626959547795239,23
1,0.07359248575082152,0.015264386394637276,0.04669873490977625,0.05213258369778023,108
2,0.12312234510235033,0.009666969870049691,0.064720524235679,0.0638798051798418,129
3,0.0,0.0,0.0,0.0,0
4,0.0,0.0,0.0,0.0,0
