,max,min,avg,median,count
0,0.0715846651415934,0.006000299214718245,0.037909076843083686,0.04088558613272785,52
1,0.014829375397876115,0.0016453011698383836,0.00960645802483454,0.012482174968782525,172
2,0.02736121453353304,0.00890312318285062,0.01797213467430392,0.020177719784100295,116
3,0.0,0.0,0.0,0.0,0
4,0.0,0.0,0.0,0.0,0
