,max,min,avg,median,count
0,0.5015247979771712,0.4248939226605805,0.4537559664707307,0.44615172419470084,27
1,0.07883355058125624,0.04598892743264757,0.06301913236867154,0.0673881130823501,75
2,0.009937420001606608,0.0004840052631476736,0.004459413543693813,0.004392911099630279,275
3,0.0,0.0,0.0,0.0,0
4,0.0,0.0,0.0,0.0,0
