,max,min,avg,median,count
0,0.09539818059780535,0.0126706855532373,0.05817705513579147,0.07439500553555577,57
1,0.04697745614541306,0.009893139239445469,0.02515238665824382,0.01928193663443867,121
2,0.01783126738820272,0.002508323897755777,0.008920616151272048,0.008691641775638245,191
3,0.4948929609666644,0.0023905101535223777,0.28123760830562633,0.27863168553483275,6
4,0.0,0.0,0.0,0.0,0
