,max,min,avg,median,count
0,0.04613717747327156,0.016509010016134296,0.03356902652967503,0.03437179744346417,45
1,0.006226251802794171,0.0012480241603923213,0.004180410779465869,0.0045815969894498635,110
2,0.029720695628343015,0.004343405961300045,0.01746632563956611,0.016028023713996184,111
3,0.0,0.0,0.0,0.0,0
4,0.0,0.0,0.0,0.0,0
