,max,min,avg,median,count
0,0.07373377972871605,0.020985751418136248,0.04112114488359708,0.04143545521794555,48
1,0.038921809326233014,0.00954198208533956,0.028986215098241112,0.037280024829983334,108
2,0.020473906930018007,0.0005463450835381246,0.009788824705164002,0.007787945302229782,162
3,0.538928846004765,0.06915325968416128,0.34740044214152643,0.43411922073565307,3
4,0.0,0.0,0.0,0.0,0
