,max,min,avg,median,count
0,0.2096715788999924,0.05905065166120176,0.1353839957155981,0.11116265524538982,30
1,0.04262170212584804,0.016489532610020202,0.029394498313050597,0.027078348471152907,143
2,0.13320072926221357,0.04176833526317754,0.0718707223466519,0.06592639564491788,87
3,0.0,0.0,0.0,0.0,0
4,0.0,0.0,0.0,0.0,0
