,max,min,avg,median,count
0,0.05213761477792179,0.022958469561509553,0.03475478037588096,0.026938860814641814,42
1,0.07564732510168133,0.02049220703212475,0.046595337782856815,0.048173759173997355,65
2,0.014207778687001663,0.008600798806381186,0.011407395097749138,0.011269033542886539,152
3,0.0,0.0,0.0,0.0,0
4,0.0,0.0,0.0,0.0,0
