,max,min,avg,median,count
0,0.048779883114719355,0.014508098156936685,0.02862753939489625,0.030687453385726433,28
1,0.033727847695179586,0.008625533587000732,0.020214598778804577,0.022156565707353512,79
2,0.033625052737911915,0.004479821546469339,0.014917431396729774,0.01022865192727528,182
3,0.5233449792885064,0.43062899206252514,0.4769869856755158,0.4769869856755158,2
4,0.0,0.0,0.0,0.0,0
