,max,min,avg,median,count
0,0.02484082344299198,0.007788466449183336,0.015874363391250784,0.015618538179519175,45
1,0.043894515711393314,0.02283192032079878,0.03325628332096024,0.02968791513088653,73
2,0.009157542666521707,0.0031178577703698932,0.005982713002796596,0.005239112510084876,168
3,0.0,0.0,0.0,0.0,0
4,0.0,0.0,0.0,0.0,0
