,max,min,avg,median,count
0,0.24348642367827808,0.016309635932088,0.15831031459688574,0.16193411447952147,25
1,0.17676419874544194,0.03390488290079565,0.0889570895008918,0.06414274342758902,60
2,0.055586292212744554,0.0021060255231931117,0.030040793262405975,0.042251567302648715,171
3,0.0,0.0,0.0,0.0,0
4,0.0,0.0,0.0,0.0,0
