,max,min,avg,median,count
0,0.13114017352915697,0.01317464669945985,0.09455981070964178,0.11086740090156448,52
1,0.025156340642619887,0.007314265682128538,0.016420960969599416,0.01371995798368978,135
2,0.011334968910188049,0.0042059878188372484,0.0076836587784426,0.006379506768825992,205
3,0.0,0.0,0.0,0.0,0
4,0.0,0.0,0.0,0.0,0
