,max,min,avg,median,count
0,0.06859506814195485,0.005370608426324524,0.04026774941261996,0.047711916722124485,42
1,0.043322094372141455,0.001651013692102679,0.015007411886600269,0.005582153039083476,66
2,0.011515408485592718,0.0008754464309341963,0.00494705622224401,0.0032522661705942086,151
3,0.0,0.0,0.0,0.0,0
4,0.0,0.0,0.0,0.0,0
