,max,min,avg,median,count
0,0.08659261222217683,0.05094572277100072,0.06844638090211504,0.07073047271165145,33
1,0.015557112253856913,9.573498506048202e-05,0.00674935701513939,0.0054081746489653155,102
2,0.03447806919388769,0.007598738796144492,0.020525811221365514,0.021338402849930417,156
3,0.0,0.0,0.0,0.0,0
4,0.0,0.0,0.0,0.0,0
