,max,min,avg,median,count
0,0.07635365369293086,0.013301712617328054,0.05641091820942775,0.07206870627404548,23
1,0.020180449940782757,0.007063925213903764,0.016548060788663853,0.018244312996079173,76
2,0.008418789651972182,0.0001943374454843952,0.004360301377336048,0.004198444232113826,167
3,0.2791122782297004,0.2186416520125054,0.2488769651211029,0.2488769651211029,2
4,0.0,0.0,0.0,0.0,0
