,max,min,avg,median,count
0,0.4380675074093706,0.05499089519396689,0.22418931168344747,0.1827585875022796,21
1,0.02345716792133408,0.000848446892428234,0.012985180942524613,0.017977073129186845,135
2,0.08087899807534216,0.015296555630114596,0.047077494426220744,0.034514397473697084,99
3,0.4166314123278835,0.4166314123278835,0.4166314123278835,0.4166314123278835,1
4,0.0,0.0,0.0,0.0,0
