,max,min,avg,median,count
0,0.13800197522756896,0.06513679213452216,0.10699395843216293,0.11185230428072455,18
1,0.034122306813371174,0.010127737803433897,0.01790004272487957,0.01402878205366909,75
2,0.01213864169480813,0.0016121358266235983,0.006331187378909237,0.005195788756901652,365
3,0.28079998262121697,0.03235802704267157,0.18273785922804445,0.24833939259406,9
4,0.0,0.0,0.0,0.0,0
