,max,min,avg,median,count
0,0.30385816010869343,0.035097087280087126,0.19672320514541894,0.2464480416049782,9
1,0.07741500103138726,0.010132490516636913,0.04828334966836584,0.068459942484185,35
2,0.017931397125460387,0.0004613532504171404,0.008374069325358544,0.0043948836448951265,213
3,0.0,0.0,0.0,0.0,0
4,0.0,0.0,0.0,0.0,0
