,max,min,avg,median,count
0,0.3912003180856533,0.036335068307576844,0.23122034742950137,0.24775966841805427,12
1,0.23901489246822957,0.04078251462772907,0.15271050762509744,0.19094429317027448,43
2,0.013099951788078764,0.009895648991888429,0.011836934325358211,0.012427999613070527,249
3,0.0,0.0,0.0,0.0,0
4,0.0,0.0,0.0,0.0,0
