,max,min,avg,median,count
0,0.038090070310769546,0.0015106041073996328,0.02028940983564136,0.01716035729207493,39
1,0.016832907321813348,0.0015044328493078298,0.008562646859320835,0.005384608359761519,71
2,0.0036211188977985213,0.00047586652629042636,0.0023712352594127293,0.003076579482822535,147
3,0.3281200561332389,0.1611852963089615,0.2446526762211002,0.2446526762211002,2
4,0.0,0.0,0.0,0.0,0
