,max,min,avg,median,count
0,0.11438417887368825,0.0037398037837899425,0.06181779735963654,0.08845355116976279,35
1,0.04992944681263945,0.0018082541373201002,0.033519990184012194,0.040687223317540315,67
2,0.02090770525847881,0.00436919544114197,0.01074059708304283,0.008008847878032398,153
3,0.0,0.0,0.0,0.0,0
4,0.0,0.0,0.0,0.0,0
