,max,min,avg,median,count
0,0.027334540960506856,0.007598708849068421,0.01762903766222324,0.019885961907470665,53
1,0.008544716935525356,0.004620672168107472,0.005949641269053255,0.005526900707577315,245
2,0.10235449027668608,0.027898693943130916,0.05668876710725353,0.05115326048262812,87
3,0.0,0.0,0.0,0.0,0
4,0.0,0.0,0.0,0.0,0
