,max,min,avg,median,count
0,0.30833873690216973,0.14515666187630252,0.21846541976717454,0.23844770443357327,42
1,0.09210140142778162,0.00025367110980965206,0.039147296242857836,0.03595587171292943,88
2,0.069312177660716,0.04534872561483863,0.060036222669595116,0.06603181303532339,434
3,0.0,0.0,0.0,0.0,0
4,0.0,0.0,0.0,0.0,0
