,max,min,avg,median,count
0,0.44319617595993643,0.0027809145613188614,0.23796171427495577,0.2815633899904792,32
1,0.08260946938277856,0.017793702311714486,0.043574908143493976,0.039302081973762955,90
2,0.06103838316859075,0.00030979534605496135,0.041499858769790295,0.05104780609483034,168
3,0.0,0.0,0.0,0.0,0
4,0.0,0.0,0.0,0.0,0
