,max,min,avg,median,count
0,0.054428800045413527,0.001770392687012742,0.029011313618135543,0.026576621863203715,33
1,0.03068953563444894,0.0052503692119412965,0.016526003813751654,0.019437135790641602,71
2,0.009813702893156376,0.0025554256664241572,0.0059702198903933855,0.005076683592067292,304
3,0.0,0.0,0.0,0.0,0
4,0.0,0.0,0.0,0.0,0
