,max,min,avg,median,count
0,0.51758006182548,0.022819114717329118,0.27019958827140456,0.27019958827140456,2
1,0.08775177724875402,0.0189711848328607,0.04873605380830019,0.03846211168818122,37
2,0.010419169541173957,0.0018374790364164063,0.0060759962472963945,0.007297577411807567,175
3,0.10659217889863142,0.01432945564640257,0.062118408646868684,0.06624950239838684,46
4,0.0,0.0,0.0,0.0,0
