,max,min,avg,median,count
0,0.43107746509986633,0.25544045484373695,0.36408172255003846,0.3962649439689311,22
1,0.10034465290991816,0.0014638612751437959,0.0345312981221702,0.02787331314114805,74
2,0.02042339732870526,2.4125471577577488e-05,0.01003681178799828,0.01021763993313423,166
3,0.0,0.0,0.0,0.0,0
4,0.0,0.0,0.0,0.0,0
