,max,min,avg,median,count
0,0.1518517052628145,0.057053644795332245,0.08830545045288646,0.08409315099141478,44
1,0.04086101819780738,0.003848439010169541,0.030017365704402,0.03743259700432524,94
2,0.03948403940806398,0.006810216658080176,0.01654622212043671,0.012191959951883522,352
3,0.0,0.0,0.0,0.0,0
4,0.0,0.0,0.0,0.0,0
