,max,min,avg,median,count
0,0.44938103759345777,0.22306793394280983,0.35525276108919407,0.3645231296793444,22
1,0.10735884452152848,0.042782764920200805,0.08300195288658464,0.08690756289239304,51
2,0.0330252536162321,0.003752979175598995,0.023464401701552163,0.029140016956013697,186
3,0.0,0.0,0.0,0.0,0
4,0.0,0.0,0.0,0.0,0
