,max,min,avg,median,count
0,0.28665119323144417,0.020590901530916143,0.16843349759273496,0.2392052705925196,10
1,0.25272271237719535,0.025962927059615497,0.12767970544266613,0.10073384798368923,54
2,0.024538543320561722,0.0005323643532126225,0.013811392367026595,0.01657586889827397,192
3,0.0,0.0,0.0,0.0,0
4,0.0,0.0,0.0,0.0,0
