,max,min,avg,median,count
0,0.44396590881502457,0.051610212640429906,0.24997986362689373,0.22710012402685834,38
1,0.07860599998407032,0.013906687585021022,0.04679363453424803,0.05407780752838627,116
2,0.09852927965811341,0.035281764252431506,0.06103892665449939,0.05308561361816582,155
3,0.0,0.0,0.0,0.0,0
4,0.0,0.0,0.0,0.0,0
