,max,min,avg,median,count
0,0.19532501239480476,0.04982871826797613,0.12965713053014757,0.15542843993643188,27
1,0.04955735734752583,0.0021867273768698525,0.021830862378658455,0.013193511171526753,76
2,0.019439229663577973,0.011971341629104836,0.01625532220941573,0.016629479801272874,154
3,0.0,0.0,0.0,0.0,0
4,0.0,0.0,0.0,0.0,0
