,max,min,avg,median,count
0,0.3101074317171778,0.06633402947991371,0.19625735283024628,0.24205120235064695,24
1,0.0663045451127126,0.007810703487162321,0.03760117780777223,0.0404757358588004,55
2,0.01050516826071343,0.0015521681522862518,0.00534002052907927,0.004720232789899245,195
3,0.0,0.0,0.0,0.0,0
4,0.0,0.0,0.0,0.0,0
