,max,min,avg,median,count
0,0.09431750522768588,0.03289721779287933,0.0665774664578548,0.06277837914002633,27
1,0.02926192734826503,0.005356354592196575,0.019779292556114863,0.023406551207155072,86
2,0.005853810678102755,0.0008626944041896031,0.003042397784710666,0.0034848015383773423,150
3,0.0,0.0,0.0,0.0,0
4,0.0,0.0,0.0,0.0,0
