,max,min,avg,median,count
0,0.15478330791645412,0.03337448464978553,0.09431391964427231,0.10782109235817705,31
1,0.034746958301931696,0.018271617760163932,0.027444993102209957,0.02601726667335304,150
2,0.024739653764100207,0.007031785263346782,0.018305428525635364,0.020484892866694037,112
3,0.0,0.0,0.0,0.0,0
4,0.0,0.0,0.0,0.0,0
