,max,min,avg,median,count
0,0.11490619005972871,0.0048147381416496614,0.06909533739910809,0.06647195074909211,41
1,0.014274902826670233,0.001966877827472373,0.007952681913040143,0.004967980269778716,126
2,0.028928889170497307,0.008933417689139817,0.019558187772820586,0.022338832152981842,104
3,0.0,0.0,0.0,0.0,0
4,0.0,0.0,0.0,0.0,0
