,max,min,avg,median,count
0,0.19839640430107972,0.08166120633335838,0.1467386130206052,0.1636484046673113,22
1,0.12339406469084489,0.02940787096910761,0.08622669991584367,0.09518462498512317,53
2,0.03380376278765444,0.004285421600686949,0.02190562344190883,0.03140193875842554,189
3,0.0,0.0,0.0,0.0,0
4,0.0,0.0,0.0,0.0,0
