,max,min,avg,median,count
0,0.09364152431859335,0.019573918076803594,0.057844283051628774,0.06632513020148284,37
1,0.00885629548561003,0.0018025547250128822,0.004702193592329493,0.002691524767260861,129
2,0.0068961457414698545,0.0002753376199969479,0.002982082163230913,0.0012842401591805549,93
3,0.0,0.0,0.0,0.0,0
4,0.0,0.0,0.0,0.0,0
