,max,min,avg,median,count
0,0.3500596908730793,0.0009022415002849217,0.18972755714568512,0.185000837616924,5
1,0.01620409329515226,0.005940837316705086,0.008736744058738694,0.007260028505663379,47
2,0.005554304397673272,2.6602457500788312e-05,0.003529154635503029,0.004535317512550611,203
3,0.09873560985167991,0.027813736888204276,0.0632746733699421,0.0632746733699421,2
4,0.0,0.0,0.0,0.0,0
