,max,min,avg,median,count
0,0.5211957652349317,0.04159566991192615,0.3953947641161525,0.5185626019764924,26
1,0.15366820594849337,0.004746661937811471,0.07599917039750755,0.05253157670013274,67
2,0.026622502170064996,0.0060882851563671845,0.015779512457333212,0.01733226021695614,248
3,0.0,0.0,0.0,0.0,0
4,0.0,0.0,0.0,0.0,0
