,max,min,avg,median,count
0,0.6889648459972519,0.03298301108321702,0.3524078106035339,0.3347380490993907,7
1,0.40283054518872446,0.04000476065594379,0.22708618406689932,0.19229597678625757,32
2,0.01792762955513453,0.0018333705609885258,0.01164408606248457,0.014508777874722734,222
3,0.7362608379944692,0.17199683576017635,0.5374257242145654,0.7040194988890506,3
4,0.0,0.0,0.0,0.0,0
