,max,min,avg,median,count
0,0.05351453653434933,0.0011002245921515781,0.03179407478868236,0.03875675343563852,46
1,0.0526197813079295,0.003886843131515961,0.02842194464334898,0.027373892452177792,77
2,0.017221325806657046,0.0005384589595314748,0.007616303783482892,0.005587707375115556,142
3,0.0,0.0,0.0,0.0,0
4,0.0,0.0,0.0,0.0,0
