,max,min,avg,median,count
0,0.012153224343347837,0.0032971037891677125,0.0075858465572659515,0.00812169027698681,52
1,0.013804223611757545,0.0036725814865661635,0.009103159528148304,0.011583358737821466,91
2,0.005068312445652189,0.003322837803960555,0.00428971662184639,0.004357633941770505,220
3,0.0,0.0,0.0,0.0,0
4,0.0,0.0,0.0,0.0,0
