,max,min,avg,median,count
0,0.4387740113096127,0.09654647130049783,0.25230149290214443,0.23007906277501775,13
1,0.05231235649606026,0.002442713866662874,0.028482779523505357,0.03450874376713622,173
2,0.06412753892647576,0.01247130138279938,0.0406456458835132,0.04579899998946092,71
3,0.0,0.0,0.0,0.0,0
4,0.0,0.0,0.0,0.0,0
