,max,min,avg,median,count
0,0.07937090686515703,0.009053149018100145,0.040896807192101946,0.05197192941222471,40
1,0.020320493308405307,0.0002230079190408905,0.00889585096045071,0.006515275461253217,180
2,0.09017908687823253,0.017891427658273888,0.046528525725850804,0.03548129469458047,40
3,0.0,0.0,0.0,0.0,0
4,0.0,0.0,0.0,0.0,0
