,max,min,avg,median,count
0,0.12437436549155052,0.06667533724946349,0.09939637657461096,0.10759874896447919,40
1,0.15009484509932183,0.003856105736828703,0.07718663271982266,0.052511139719815816,83
2,0.06574179957957424,0.015408711693951664,0.03984458942327436,0.0418443862834925,131
3,0.8446138447716914,0.609729662633713,0.7271717537027023,0.7271717537027023,2
4,0.0,0.0,0.0,0.0,0
