,max,min,avg,median,count
0,0.11454732883735966,0.05092249633149523,0.08489213771199185,0.09337518400721459,41
1,0.018387634027270644,0.002026355008195007,0.011399522574204391,0.011617024902498227,130
2,0.024920034384936746,0.005924604078467539,0.01660702020609773,0.021254927006576607,88
3,0.784059231364613,0.784059231364613,0.784059231364613,0.784059231364613,1
4,0.0,0.0,0.0,0.0,0
