,max,min,avg,median,count
0,0.06831118831900493,0.02081146026909034,0.044198634593983446,0.043085305621919597,24
1,0.0187082939553781,0.0011705287490009725,0.007742217426827963,0.003856105736828703,80
2,0.008999566141118482,0.001067467365271328,0.004584188381441244,0.003526782830158188,157
3,0.0,0.0,0.0,0.0,0
4,0.0,0.0,0.0,0.0,0
