,max,min,avg,median,count
0,0.14867837707697806,0.07054820681640013,0.1187610734710735,0.1422535342666073,26
1,0.031625557139542744,0.0050937520250401306,0.011803787420327979,0.007462342025083516,80
2,0.10791045573954718,0.027579498711314387,0.06509733207527157,0.060928065174722455,151
3,0.0,0.0,0.0,0.0,0
4,0.0,0.0,0.0,0.0,0
