,max,min,avg,median,count
0,0.190879149552835,0.07182332166787594,0.15068990416234512,0.16095748738925386,30
1,0.049730084311742584,0.01651281413226675,0.03685841249369073,0.040529737489438625,100
2,0.03385080168681087,0.007730933554086374,0.020371896318598412,0.021399724193741494,136
3,0.0,0.0,0.0,0.0,0
4,0.0,0.0,0.0,0.0,0
