,max,min,avg,median,count
0,0.15191054754834296,0.05778196348297239,0.09172966030247924,0.08884787576314439,43
1,0.07655338199090242,0.003141100426502492,0.04107826802482649,0.0434597826232001,125
2,0.04567224527439122,0.02047970907910462,0.032054706072829044,0.03430770156620905,169
3,0.0,0.0,0.0,0.0,0
4,0.0,0.0,0.0,0.0,0
