,max,min,avg,median,count
0,0.016554984206560933,0.008910955500629545,0.011320320599980024,0.010684637087499813,36
1,0.009737930503198912,0.0030612882407354235,0.00618834616337041,0.0050082843862017,114
2,0.020890637632315325,0.00029792113322126473,0.00929433313540391,0.007352941176470582,188
3,0.0,0.0,0.0,0.0,0
4,0.0,0.0,0.0,0.0,0
