,max,min,avg,median,count
0,0.14610230535753552,0.025347108823163385,0.07088929172429699,0.07102983800495676,42
1,0.08372084500674216,0.0015437171419237083,0.032311390538288166,0.0058225724929618404,81
2,0.02387077473689124,0.0027643511173503876,0.010793269933693173,0.011914101988881142,146
3,0.794621259605807,0.06492188512245235,0.5212197317602851,0.7041160505525962,3
4,0.0,0.0,0.0,0.0,0
