,max,min,avg,median,count
0,0.21794510786290683,0.030802679379787926,0.12129042760345903,0.10489811004256401,34
1,0.030456209933436236,0.0023586310205089955,0.017069553679608652,0.01755012818139575,108
2,0.0100979403968738,0.0015266928647620264,0.004895613349547882,0.003958498822016099,203
3,0.0,0.0,0.0,0.0,0
4,0.0,0.0,0.0,0.0,0
