,max,min,avg,median,count
0,0.06617733504315317,0.00366225474314622,0.04322985830681362,0.04340260358558883,34
1,0.10240453314579515,0.005456077269976548,0.056178045507205135,0.07550785111412403,80
2,0.004475877616605428,0.0002794926658878392,0.00218056078273632,0.0010934923600862884,293
3,0.0,0.0,0.0,0.0,0
4,0.0,0.0,0.0,0.0,0
