,max,min,avg,median,count
0,0.09618011492461394,0.0031024562838170367,0.05534427138055591,0.07832044016502548,36
1,0.06601381527022981,0.004478368216713114,0.04216293870773865,0.05152047003095565,84
2,0.04844559125038102,0.011486331128069687,0.03211396259670883,0.04160318252041732,136
3,0.0,0.0,0.0,0.0,0
4,0.0,0.0,0.0,0.0,0
