,max,min,avg,median,count
0,0.12226087245724111,0.0018013583609490281,0.08125372073895167,0.09525947872824846,13
1,0.15643088238391856,0.016360233440390278,0.10453922353582909,0.11475460530635907,27
2,0.012747903371661082,0.008100546646030458,0.010940327867971989,0.011586128993904763,334
3,0.06545258815468889,0.0005266481015176314,0.030961864532943396,0.03487970609607003,75
4,0.0,0.0,0.0,0.0,0
