,max,min,avg,median,count
0,0.14008536397519722,0.03434319366171125,0.07239519029918583,0.04627070475511231,32
1,0.054411088911463325,0.01751674309560682,0.038947791743684915,0.0466939613261304,69
2,0.009101496773526927,0.000567243068859977,0.0048639947709539205,0.005044421555946893,275
3,0.0,0.0,0.0,0.0,0
4,0.0,0.0,0.0,0.0,0
