,max,min,avg,median,count
0,0.22018399749747372,0.02080092467953483,0.09794185911329636,0.05127160050551823,31
1,0.13405115867213457,0.059374092268515186,0.09931105827870945,0.10558764485346013,81
2,0.05688425914004974,0.0014135488033664128,0.0283161943620672,0.021330119278106584,167
3,0.0,0.0,0.0,0.0,0
4,0.0,0.0,0.0,0.0,0
