,max,min,avg,median,count
0,0.1898438956525673,0.05741191648276754,0.13033394925410546,0.13560234036453386,26
1,0.09353707296360252,0.0009435128343388101,0.04919404120134786,0.03306298109437929,94
2,0.015140166128729761,0.005388469058757118,0.00954212308390678,0.009377388201713695,155
3,0.0,0.0,0.0,0.0,0
4,0.0,0.0,0.0,0.0,0
