,max,min,avg,median,count
0,0.10103838797413053,0.05308904744891743,0.07806636265813763,0.0780576427506583,42
1,0.03786703618343162,0.010201678607462348,0.02807691755032326,0.033354739075305576,105
2,0.030278970324144852,0.019266297319927034,0.026638610791665816,0.028157120758057985,109
3,0.3677985930243893,0.3677985930243893,0.3677985930243893,0.3677985930243893,1
4,0.0,0.0,0.0,0.0,0
