,max,min,avg,median,count
0,0.12635609867375833,0.062127871966137733,0.07994371066932153,0.06543533592314295,25
1,0.009857338013692903,0.00013985788144574898,0.004866382535706956,0.005519600962222008,155
2,0.022623588305957527,0.00042148168490399373,0.011041723155736738,0.01462067712734348,97
3,0.0,0.0,0.0,0.0,0
4,0.0,0.0,0.0,0.0,0
