,max,min,avg,median,count
0,0.13912583112550395,0.011042445825878218,0.05772711064355209,0.03384668031099487,39
1,0.06255822897982441,0.0011034876980607932,0.019113504222060842,0.005197925472861897,72
2,0.02705797016953463,0.007945999326968323,0.01902487696917753,0.02003905785810857,149
3,0.6704382099037438,0.0615132467307007,0.41879184049970514,0.524424064864671,3
4,0.0,0.0,0.0,0.0,0
