,max,min,avg,median,count
0,0.7132310721807117,0.04516658687802232,0.38577988985055633,0.4830568058776886,6
1,0.05858149623840279,0.02657647854049424,0.042413785987240535,0.04584522023970193,82
2,0.033565324502314545,0.0008639977975191035,0.017620498942165184,0.012682694578984967,169
3,0.5923914362376603,0.5923914362376603,0.5923914362376603,0.5923914362376603,1
4,0.0,0.0,0.0,0.0,0
