,max,min,avg,median,count
0,0.13101554612129887,0.03152078209978045,0.08341958855470047,0.07098549738116507,28
1,0.030993823760798796,0.016899550001384333,0.023764883700639988,0.02596221608652601,77
2,0.009216389639558271,0.0017009506761887824,0.005492666504452353,0.00558528028288115,156
3,0.0,0.0,0.0,0.0,0
4,0.0,0.0,0.0,0.0,0
