,max,min,avg,median,count
0,0.1652585727410409,0.011094790258399819,0.10810366203249706,0.12907244143312943,10
1,0.034265096916130805,0.004502942141678495,0.0240931863126718,0.02952466635212164,109
2,0.007130117770070799,0.0003755725790455681,0.0029651755501314426,0.0015284527361256123,192
3,0.6080726655262325,0.3994450996008939,0.5037588825635633,0.5037588825635633,2
4,0.0,0.0,0.0,0.0,0
