,max,min,avg,median,count
0,0.26320130328612706,0.08038133442580075,0.15159979285896413,0.14126238323141863,23
1,0.08259920076020073,0.010015644087781564,0.0531244735928341,0.0514705489492727,128
2,0.05595418783326965,0.012890621018938505,0.034468042342581696,0.03553911432897757,108
3,0.41198878848936954,0.41198878848936954,0.41198878848936954,0.41198878848936954,1
4,0.0,0.0,0.0,0.0,0
