,max,min,avg,median,count
0,0.13803313380465887,0.0039627992189733745,0.0649333306580515,0.07654886026970499,26
1,0.04574110941233628,0.002430038433722955,0.023875442386567525,0.023078877872879235,116
2,0.03348160040973758,0.007302553843266057,0.020588837534784372,0.019900754933820656,118
3,0.06624950239838684,0.06624950239838684,0.06624950239838684,0.06624950239838684,1
4,0.0,0.0,0.0,0.0,0
