,max,min,avg,median,count
0,0.3102721076916779,0.00011700753210043096,0.18971051188498314,0.24378003557425634,26
1,0.08847420733839698,0.013371004796563654,0.055542096915742765,0.05660700690128013,95
2,0.026437429123942587,0.0039619591649721125,0.015622002046939509,0.01734867331546909,142
3,0.0,0.0,0.0,0.0,0
4,0.0,0.0,0.0,0.0,0
