,max,min,avg,median,count
0,0.058046519403143315,0.027335241461957527,0.03986584700923097,0.04214193869955841,31
1,0.02346867111396289,0.0011310722950813078,0.01120295560379723,0.009907641686976559,150
2,0.01943302854433008,0.008417436086470059,0.015631525807160512,0.017258369898112243,99
3,0.0,0.0,0.0,0.0,0
4,0.0,0.0,0.0,0.0,0
