,max,min,avg,median,count
0,0.05734048200691965,0.014381518380166616,0.038746777669195015,0.049460427308636375,34
1,0.022177219789946072,0.010634760665074194,0.01800735130660524,0.02106192292467974,79
2,0.010273851103714773,5.4838160190145897e-05,0.005945385310513842,0.00641244736143389,289
3,0.0,0.0,0.0,0.0,0
4,0.0,0.0,0.0,0.0,0
