,max,min,avg,median,count
0,0.19060877583497668,0.03516738114027173,0.10106125534297808,0.09071642514204116,40
1,0.05816600238642895,0.01632537383329596,0.03889759790912632,0.03265632637803573,73
2,0.03912330558685784,0.00012509753293956483,0.01769269904713523,0.012619830699591337,146
3,0.44968611525234836,0.15086233991350503,0.3320931774016491,0.395731077039094,3
4,0.0,0.0,0.0,0.0,0
