,max,min,avg,median,count
0,0.15761475481867587,0.05122428510441946,0.11442665970855485,0.11719266902819263,47
1,0.04548311508894738,0.01008155437858123,0.03190322785177526,0.0350800045766543,72
2,0.01893065814828619,0.005234361353801321,0.01083928023414899,0.01078734841630831,177
3,0.0,0.0,0.0,0.0,0
4,0.0,0.0,0.0,0.0,0
