,max,min,avg,median,count
0,0.07812848411847242,0.035531252624993605,0.05853083067740851,0.05786398976292529,35
1,0.14777089253092712,0.01072700968017941,0.06479820482717095,0.04194891027559059,67
2,0.04277654463185192,0.0054378918518511975,0.030383772398798525,0.036514618015353946,158
3,0.0,0.0,0.0,0.0,0
4,0.0,0.0,0.0,0.0,0
