,max,min,avg,median,count
0,0.0716344203889673,0.0063885085457361995,0.05260519299682005,0.058389900135238586,37
1,0.016878015534976015,0.00023995939945945882,0.005335091908494996,0.0015631771495870834,109
2,0.061150391453007893,0.004474522083267449,0.041885708750528605,0.046187220369060866,116
3,0.0,0.0,0.0,0.0,0
4,0.0,0.0,0.0,0.0,0
