,max,min,avg,median,count
0,0.11082296490487625,0.0007469188088868288,0.06446037357938614,0.06632513020148284,37
1,0.05069090235751658,0.0020263550081950073,0.03209899896417115,0.03078937534014734,116
2,0.02365311895247968,0.001627432277383709,0.013526558994751265,0.011472575805861628,103
3,0.0,0.0,0.0,0.0,0
4,0.0,0.0,0.0,0.0,0
