,max,min,avg,median,count
0,0.18881539683430568,0.012064358046659632,0.10747178322997444,0.1326606272742848,29
1,0.04994467380676037,0.003059747567208971,0.025765368495899603,0.02633591304225359,100
2,0.03910201603073973,0.010025816078360584,0.0242832239490574,0.02574094042246399,131
3,0.0,0.0,0.0,0.0,0
4,0.0,0.0,0.0,0.0,0
