,max,min,avg,median,count
0,0.04396487666616221,0.00020402809323207376,0.018964629272230922,0.009181540578198134,44
1,0.07237993263960874,0.009516135999673082,0.03870612957522551,0.03160298036099962,65
2,0.016825752570990574,0.01017978867309532,0.014089640382943048,0.016174152774550324,153
3,0.0,0.0,0.0,0.0,0
4,0.0,0.0,0.0,0.0,0
