,max,min,avg,median,count
0,0.5472096244008308,0.1933172419380879,0.32670406868421714,0.327402578218752,7
1,0.0614019152611877,0.0157070455512402,0.043978028066091114,0.05444190102298256,58
2,0.057843466639810555,0.00386331581479077,0.031507795889616094,0.03788004670866131,196
3,0.0,0.0,0.0,0.0,0
4,0.0,0.0,0.0,0.0,0
