,max,min,avg,median,count
0,0.18132719042244377,0.019727039717062918,0.1162589849814315,0.13341044719787332,37
1,0.08189905939052439,0.03893152722282633,0.06399474003084864,0.07772459310442842,70
2,0.016485548547304156,0.004819182734547973,0.009609544485619783,0.008099041453405398,160
3,0.0,0.0,0.0,0.0,0
4,0.0,0.0,0.0,0.0,0
