,max,min,avg,median,count
0,0.11082296490487624,0.029004304019796593,0.057929818803248656,0.045199728278217506,37
1,0.03176239655668883,0.015478770441056494,0.02537362099397139,0.028731064945913907,131
2,0.0748336203228326,0.010455618077855744,0.0419022947060164,0.03596210906526661,93
3,0.0,0.0,0.0,0.0,0
4,0.0,0.0,0.0,0.0,0
