,max,min,avg,median,count
0,0.21548120712009103,0.1141057524060355,0.15648939288519012,0.13803313380465887,28
1,0.026414794469521066,0.0026541886271655313,0.014060795486763686,0.015010291104124232,111
2,0.04205314363719625,0.0033136571410933213,0.026965860125375447,0.03237063622201271,115
3,0.19998294531989866,0.10659217889863143,0.15328756210926503,0.15328756210926503,2
4,0.0,0.0,0.0,0.0,0
