,max,min,avg,median,count
0,0.11168674469160633,0.055302150332132226,0.07977357390656638,0.07637968484112428,40
1,0.16710874578510765,0.0012094411800866061,0.0476949009860443,0.010936115616448144,81
2,0.05089375751018667,0.003377592564983827,0.016832230406090103,0.010816054631787258,135
3,0.7148210126282963,0.2616766562475302,0.4882488344379133,0.4882488344379133,2
4,0.0,0.0,0.0,0.0,0
