,max,min,avg,median,count
0,0.7281500255586851,0.3253444033599546,0.6077949162519917,0.645357248757148,45
1,0.753685702026176,0.2508092010059466,0.4051001461535927,0.3396471253802215,179
2,0.691199109440164,0.2569380964063392,0.48555300167851956,0.46529010094469364,32
3,0.0,0.0,0.0,0.0,0
4,0.0,0.0,0.0,0.0,0
