,max,min,avg,median,count
0,0.5239227863517419,0.10977887003303041,0.2920332638330943,0.2800991538190895,34
1,0.7001827853220626,0.16059478297778143,0.3965710873815068,0.32266568656694233,91
2,0.30285098384999076,0.07565193134993184,0.16620240913637882,0.15151229664573362,147
3,0.0,0.0,0.0,0.0,0
4,0.0,0.0,0.0,0.0,0
