,max,min,avg,median,count
0,0.23229883206176274,0.10702096562230126,0.18642478312770233,0.1911786306502291,49
1,0.38503005303262644,0.03556880834137827,0.14061965667842535,0.044925810319803645,89
2,0.2801317207382645,0.10155800066741943,0.1995860141527823,0.21512527106100687,134
3,0.0,0.0,0.0,0.0,0
4,0.0,0.0,0.0,0.0,0
