,max,min,avg,median,count
0,0.7732745916517144,0.015472951816302644,0.38521640021768766,0.4418852431750291,24
1,0.6689160549894333,0.4075547331186311,0.4913128064649771,0.46208296645663866,84
2,0.716492759294082,0.13365574130910862,0.4275256350641453,0.45544385823459,166
3,0.0,0.0,0.0,0.0,0
4,0.0,0.0,0.0,0.0,0
