,max,min,avg,median,count
0,0.6895143994579981,0.11956651080756843,0.5297467134597529,0.5909510626730369,28
1,0.7895445830872676,0.006581266905262815,0.44989820220689636,0.3950499178733876,92
2,0.550522827329798,0.17138181108875583,0.3859117096771163,0.38923691889805845,137
3,0.0,0.0,0.0,0.0,0
4,0.0,0.0,0.0,0.0,0
