,max,min,avg,median,count
0,0.9407736411340857,0.48020809623447713,0.7520702598810071,0.7882154028984967,22
1,0.8740756037676647,0.25270518816144383,0.5616553607971619,0.5800313090057835,68
2,0.8293261673356317,0.10459588831394673,0.32576767072604584,0.17551556270735755,164
3,0.8353259835055652,0.5140029192299618,0.6746644513677635,0.6746644513677635,2
4,0.0,0.0,0.0,0.0,0
