,max,min,avg,median,count
0,0.40356904128425475,0.058389900135238586,0.2448165206168802,0.32326330767996564,36
1,0.5765665868307608,0.03025325774808631,0.23134593210436546,0.14734341350103083,68
2,0.39808433348250233,0.10664046691331162,0.2901020629772676,0.3037454292856825,159
3,0.0,0.0,0.0,0.0,0
4,0.0,0.0,0.0,0.0,0
