,max,min,avg,median,count
0,0.9080266332538965,0.13394498599144722,0.5264463909036634,0.5875033300713658,27
1,0.8146910243408652,0.2658858029743278,0.48234140945162274,0.3097825290662539,112
2,0.933758288193114,0.7235223057053967,0.8363825058624682,0.8698554303993145,116
3,0.7617987932437361,0.35834254676186295,0.5600706700027995,0.5600706700027995,2
4,0.0,0.0,0.0,0.0,0
