,max,min,avg,median,count
0,0.4683790234937766,0.15247738274168424,0.3124012621365788,0.3122808804095762,44
1,0.6651118589066284,0.23771516342241436,0.4348228343434041,0.3663187501373864,128
2,0.7615363046587179,0.2493371432866438,0.47155060517771685,0.3245099935179874,87
3,0.0,0.0,0.0,0.0,0
4,0.0,0.0,0.0,0.0,0
