,max,min,avg,median,count
0,0.596241701935548,0.1618604496568636,0.3554682436408834,0.2440157894690581,43
1,0.5873862083744051,0.08711211450894195,0.2692185593407517,0.21795214016071218,117
2,0.6338601354975625,0.007286115126606279,0.389095658336396,0.4551052885055897,99
3,0.0,0.0,0.0,0.0,0
4,0.0,0.0,0.0,0.0,0
