,max,min,avg,median,count
0,0.8676142478537648,0.22531764657359488,0.6633984525867141,0.7083813235667453,36
1,0.7550115551913669,0.33608098562330313,0.6130812897856227,0.6399311648499109,203
2,0.665367529121365,0.24208778012635906,0.4973637356015709,0.5853823832632167,17
3,0.0,0.0,0.0,0.0,0
4,0.0,0.0,0.0,0.0,0
