,max,min,avg,median,count
0,0.5546078872470973,0.14058940151310115,0.32533709059531307,0.3143698227655712,52
1,0.6013017672808638,0.3790036491897645,0.4796808622873341,0.4460470875460931,93
2,0.5974154720484044,0.3002169653805437,0.4734994391287575,0.4881742111739081,243
3,0.0,0.0,0.0,0.0,0
4,0.0,0.0,0.0,0.0,0
