,max,min,avg,median,count
0,0.7998742243383892,0.1604272761823238,0.47508674381753513,0.3916197783147882,40
1,0.5941294370662683,0.41321842121742663,0.49009441839488155,0.4831992226366816,94
2,0.6702118258452803,0.05051867925851204,0.46446594394787655,0.5151381986947112,124
3,0.4061962028745401,0.4061962028745401,0.4061962028745401,0.4061962028745401,1
4,0.0,0.0,0.0,0.0,0
