,max,min,avg,median,count
0,0.6767009539601726,0.0642446158785533,0.3754875701894321,0.3093085235865851,42
1,0.7796805950413072,0.023078877872879235,0.3880101702053613,0.45261210241108196,63
2,0.8215415671245919,0.5128548661936629,0.6490866978178751,0.6697344756667979,152
3,0.0,0.0,0.0,0.0,0
4,0.0,0.0,0.0,0.0,0
