,max,min,avg,median,count
0,0.5523102511532886,0.15454181445106824,0.26451063608456576,0.15820418387086177,42
1,0.4264250574357323,0.0067291975658168406,0.14554228235287017,0.12451240634344642,65
2,0.5876562157284092,0.10827917034301551,0.3170338272378759,0.2796485384771283,153
3,0.0,0.0,0.0,0.0,0
4,0.0,0.0,0.0,0.0,0
