,max,min,avg,median,count
0,0.8127543772304671,0.07996774373927813,0.5380134388025357,0.6603439290942149,46
1,0.3892255906421781,0.121310532725584,0.24030203482796147,0.19038852197909933,155
2,0.7122395835431103,0.15166266837124073,0.4715541408173916,0.45138181770122016,73
3,0.0,0.0,0.0,0.0,0
4,0.0,0.0,0.0,0.0,0
