,max,min,avg,median,count
0,0.6930598010361774,0.15081330336957433,0.3025513419431658,0.21479151750661027,30
1,0.72052294904437,0.03549885585502676,0.23940076570325303,0.14203409232963232,78
2,0.7400255007185588,0.13500884931879323,0.4379037112398949,0.4809079871167688,169
3,0.0,0.0,0.0,0.0,0
4,0.0,0.0,0.0,0.0,0
