,max,min,avg,median,count
0,0.7467386843688016,0.04241235894105728,0.3223774009952402,0.32220428207980817,39
1,0.745290359801179,0.30730844828813103,0.6168422849841128,0.6758489061143952,73
2,0.8030670657449709,0.38867406629851703,0.5441212158091469,0.42428260743171375,169
3,0.0,0.0,0.0,0.0,0
4,0.0,0.0,0.0,0.0,0
