,max,min,avg,median,count
0,0.6057125148438961,0.2703373998576118,0.3596726972316571,0.30562297018144186,33
1,0.8226839693502509,0.1587157948308795,0.42525322325748327,0.44568883010529897,84
2,0.49841002726348754,0.03383065042949031,0.3085716092609504,0.33010088938770554,171
3,0.0,0.0,0.0,0.0,0
4,0.0,0.0,0.0,0.0,0
