,max,min,avg,median,count
0,0.9046077880876333,0.011346335260465622,0.4930965923971534,0.6842709453742689,42
1,0.6615590229777772,0.11788978247000757,0.41714750304716547,0.5019281241573459,86
2,0.8615110388146008,0.24493785877587718,0.5991552041019023,0.586048651933622,145
3,0.8757182644979982,0.49543703392394955,0.6855776492109739,0.6855776492109739,2
4,0.0,0.0,0.0,0.0,0
