,max,min,avg,median,count
0,0.8390253951411939,0.061734226987638835,0.4728448459601706,0.5281423447957202,26
1,0.8802909634840848,0.12024857015057282,0.6310018812958672,0.6723962556335275,98
2,0.8456166479059251,0.25555009706528126,0.5076303869622965,0.3835229880307834,133
3,0.0,0.0,0.0,0.0,0
4,0.0,0.0,0.0,0.0,0
