,max,min,avg,median,count
0,0.31946977516168734,0.010624175972699941,0.16581037399914775,0.16724700213764998,8
1,0.2977777520980012,0.05788368061255206,0.1517017381946632,0.10203580302030454,76
2,0.14453672379688326,0.055513221114193705,0.0897980962060303,0.07547630614716448,202
3,0.41669209190988504,0.15283545203300603,0.28476377197144553,0.28476377197144553,2
4,0.0,0.0,0.0,0.0,0
