,max,min,avg,median,count
0,0.22095510076454028,0.03317266130509494,0.1019932174795786,0.09790198026167163,50
1,0.09638594269512803,0.03274885816995096,0.06423201042079288,0.051983919622667504,78
2,0.19307086402665902,0.03441143082419009,0.09469067117714014,0.07994114913303847,188
3,0.1623403175643665,0.005426791142421776,0.07995568652555361,0.05929850758087704,6
4,0.0,0.0,0.0,0.0,0
