,max,min,avg,median,count
0,0.44343307923629616,0.1659075255660447,0.3166010273322227,0.38085048000322935,40
1,0.3131070825745216,0.11178158266483663,0.18944662664367992,0.18787393519171286,73
2,0.603429544121531,0.07635161842373898,0.35733305935292,0.3275212199000838,153
3,0.39142469757570186,0.10282691439050733,0.24993057553692796,0.2555401146445747,3
4,0.0,0.0,0.0,0.0,0
