,max,min,avg,median,count
0,0.5120153857908978,0.04979996121039804,0.26529288043073834,0.31407496626917947,39
1,0.5503239637026834,0.11902230191983978,0.3199944408384813,0.3281087324571297,100
2,0.6779995489276938,0.10830178617425498,0.2807196433080561,0.15524985553752046,125
3,0.7234901665389918,0.07704388656089431,0.40026702654994306,0.40026702654994306,2
4,0.0,0.0,0.0,0.0,0
