,max,min,avg,median,count
0,0.45718096018968457,0.18558011694219,0.27007036741455376,0.22736028101698774,38
1,0.40731028125692553,0.040976037137917705,0.21010778922418288,0.21948969592319456,84
2,0.3194029474652279,0.011858318730004456,0.13252244750985231,0.0618437507952677,136
3,0.0,0.0,0.0,0.0,0
4,0.0,0.0,0.0,0.0,0
