,max,min,avg,median,count
0,0.7806415711677711,0.04108256351711742,0.5162243914127347,0.6310931967855703,45
1,0.6631658697054506,0.2196509846636609,0.4278976973495946,0.45390604958541736,63
2,0.5790378626684733,0.16720245959179444,0.35296018981028443,0.3950266162316466,146
3,0.0,0.0,0.0,0.0,0
4,0.0,0.0,0.0,0.0,0
