,max,min,avg,median,count
0,0.9090093775558072,0.4575048152735644,0.7182465451880152,0.6867010531757904,35
1,0.5729091756442307,0.1278750985566174,0.29982761862856055,0.23804614149831804,76
2,0.5559310420042921,0.09717404208427605,0.35622611713880925,0.43511243643911274,305
3,0.0,0.0,0.0,0.0,0
4,0.0,0.0,0.0,0.0,0
