,max,min,avg,median,count
0,0.6870903656629502,0.2786259435820061,0.49548345751509804,0.5739868489430738,58
1,0.42071970464709973,0.054659740399649485,0.2515799244095066,0.26807469920699467,87
2,0.583489285623565,0.16202133473289795,0.3628998358639751,0.2859748594432318,251
3,0.0,0.0,0.0,0.0,0
4,0.0,0.0,0.0,0.0,0
