,max,min,avg,median,count
0,0.9423553393920941,0.22699740643878774,0.6739275133324361,0.8551058578454868,21
1,0.6139053032277874,0.2075653126985414,0.3835422595396084,0.3186758659459714,43
2,0.9135260247459653,0.6241371646198121,0.7176906990167071,0.6611668224228359,199
3,0.0,0.0,0.0,0.0,0
4,0.0,0.0,0.0,0.0,0
