,max,min,avg,median,count
0,0.6261775522084033,0.032488635204706635,0.3558156370563632,0.3666151298518272,22
1,0.6412058387922436,0.07368998520130259,0.3043211632087236,0.3438201669624992,99
2,0.6152239488182802,0.003897151194991941,0.31797223590742096,0.2992029539933008,138
3,0.0,0.0,0.0,0.0,0
4,0.0,0.0,0.0,0.0,0
