,max,min,avg,median,count
0,0.8015528322256665,0.19730011566174613,0.5504815302302335,0.6929748293071957,76
1,0.8017837257372731,0.6559777197202068,0.7472805714231485,0.7956846349807482,108
2,0.8016681970046599,0.40075624714375735,0.6302889032958164,0.6952480266175816,347
3,0.0,0.0,0.0,0.0,0
4,0.0,0.0,0.0,0.0,0
