,max,min,avg,median,count
0,0.6692729739629628,0.2736561014043436,0.48139729325897057,0.4367388221780074,35
1,0.7378856217969392,0.03530639249394577,0.41770602191103423,0.483930045067077,66
2,0.8166865800649438,0.3576792078245015,0.5500643953091391,0.4915839350691128,159
3,0.0,0.0,0.0,0.0,0
4,0.0,0.0,0.0,0.0,0
