,max,min,avg,median,count
0,0.9055042887011201,0.6061939824616712,0.7547940781733835,0.7573198021168662,42
1,0.7585542458283573,0.12363790462690316,0.5113149923759078,0.5889836938016807,129
2,0.8559804188999453,0.41881823101336657,0.613663028739699,0.5734083744711022,150
3,0.0,0.0,0.0,0.0,0
4,0.0,0.0,0.0,0.0,0
