,max,min,avg,median,count
0,0.929750861739434,0.053489608719282426,0.6919426648770125,0.8144245034719393,41
1,0.9344500772927198,0.11511190818994939,0.5549418436154162,0.5406082531131824,135
2,0.8806895894366601,0.10516809268132743,0.41543204557517166,0.17700997914282954,98
3,0.0,0.0,0.0,0.0,0
4,0.0,0.0,0.0,0.0,0
