,max,min,avg,median,count
0,0.6035305861737513,0.04954947123315832,0.3718487708074835,0.3817184925219025,40
1,0.367857379165985,0.060536414255547906,0.19431761624016794,0.1766661362527777,84
2,0.46650233754253345,0.09103666259477763,0.23195810663166033,0.17570595231940264,133
3,0.36944626013352005,0.282846061110298,0.32614616062190904,0.32614616062190904,2
4,0.0,0.0,0.0,0.0,0
