,max,min,avg,median,count
0,0.8967660924608142,0.2814052098056414,0.6714628290290108,0.6997665139828017,27
1,0.9635055280908572,0.2069877092172072,0.6441468281801652,0.6599646112919564,110
2,0.9197809309951855,0.09304713497868405,0.3881705143634874,0.20494458239070168,124
3,0.0,0.0,0.0,0.0,0
4,0.0,0.0,0.0,0.0,0
