,max,min,avg,median,count
0,0.7563880165643271,0.038216930150814815,0.3894157139163963,0.2572599565311656,44
1,0.5096578352785879,0.2224708712540916,0.35554683460309827,0.31148047106366805,65
2,0.8550867583466811,0.16251649922892034,0.541975181118798,0.6680630496773442,151
3,0.0,0.0,0.0,0.0,0
4,0.0,0.0,0.0,0.0,0
