,max,min,avg,median,count
0,0.4949927125633127,0.020109065567331507,0.23967629619661354,0.20542700908750147,25
1,0.6216115037963474,0.22391319650688563,0.42438581596242325,0.4405437730222847,150
2,0.4227271020590086,0.13016222746703573,0.3201168744852943,0.31975519789280227,90
3,0.0,0.0,0.0,0.0,0
4,0.0,0.0,0.0,0.0,0
