,max,min,avg,median,count
0,0.4080382951928317,0.06448092491460773,0.24624326192271068,0.2243438705310299,39
1,0.4048349197892231,0.03309169276991969,0.19498315138901642,0.16072606494428962,71
2,0.43128734372947447,0.07121067977312881,0.3113752354691235,0.3548800805743639,149
3,0.6356049339369514,0.05052647781345065,0.343065705875201,0.343065705875201,2
4,0.0,0.0,0.0,0.0,0
