,max,min,avg,median,count
0,0.8102917349007138,0.20910053667263115,0.54489575529781,0.7150890442191229,24
1,0.7651668732819,0.08837031727353468,0.5231596762808036,0.5974976806142688,100
2,0.7044420876228187,0.3503163112064542,0.5620577526366113,0.6053315654985729,134
3,0.0,0.0,0.0,0.0,0
4,0.0,0.0,0.0,0.0,0
