,max,min,avg,median,count
0,0.5572475331456019,0.044846708429587046,0.365149632220516,0.5106672010736361,47
1,0.5195218956379812,0.28415555561621225,0.39907424211003395,0.35191789019921993,115
2,0.6910886501566536,0.10908176674620323,0.340486404921378,0.30081429550249095,209
3,0.0,0.0,0.0,0.0,0
4,0.0,0.0,0.0,0.0,0
