,max,min,avg,median,count
0,0.8302823630633634,0.591273250177871,0.7031083907344258,0.7364852707387965,29
1,0.7518492823525182,0.11532627135345672,0.4696803994075306,0.5979245564266306,136
2,0.5450914424038263,1.3907774026172044e-06,0.22528211399973666,0.1945446321474557,97
3,0.0,0.0,0.0,0.0,0
4,0.0,0.0,0.0,0.0,0
