,max,min,avg,median,count
0,0.5105384656789393,0.16366102707451677,0.3737504222578081,0.4343770804456445,30
1,0.65952144825446,0.028070182245367,0.3258325744574435,0.28101310858988404,62
2,0.6968439984576893,0.07086036063824547,0.3611351908633389,0.22633903781041584,277
3,0.0,0.0,0.0,0.0,0
4,0.0,0.0,0.0,0.0,0
