,max,min,avg,median,count
0,0.30114292572661133,0.04250939059983971,0.19879847406427276,0.2612233155227086,30
1,0.5510692063002851,0.09627388849361579,0.33325626953917864,0.4356903018146423,89
2,0.5437289762490352,0.15735138412156346,0.34352330315344765,0.333578087348115,187
3,0.0,0.0,0.0,0.0,0
4,0.0,0.0,0.0,0.0,0
