,max,min,avg,median,count
0,0.19348864216636485,0.03349765754622453,0.14522488483928975,0.16038216385709733,20
1,0.5338374861982471,0.07314625417998302,0.2920686178382811,0.24877882792825085,42
2,0.31074082838018446,0.01863867497584231,0.17435658446845842,0.19805801760602865,196
3,0.0,0.0,0.0,0.0,0
4,0.0,0.0,0.0,0.0,0
