,max,min,avg,median,count
0,0.33819546993638633,0.020753657540503723,0.17543825170245778,0.17653895485660975,35
1,0.2802206800961722,0.016846296260940825,0.14844948895517177,0.14165992498244517,81
2,0.5210687052877149,0.07087733547836074,0.2464974740055704,0.20190239434079785,160
3,0.0,0.0,0.0,0.0,0
4,0.0,0.0,0.0,0.0,0
