,max,min,avg,median,count
0,0.29139042134291776,0.12370502435468163,0.20599064648989543,0.17031480145428993,32
1,0.2831971912273321,0.09140659894031422,0.19730353392816985,0.23226141619571683,86
2,0.32792238362325615,0.07646140864984179,0.18512385574232224,0.18227690605784214,172
3,0.0,0.0,0.0,0.0,0
4,0.0,0.0,0.0,0.0,0
