,max,min,avg,median,count
0,0.7040253709666103,0.2938543044842983,0.5789464456849351,0.6342177734075782,45
1,0.7146520329866966,0.1391743372400966,0.5058133988504345,0.568719990698691,95
2,0.6110950019364884,0.23024114141873211,0.3739747018237319,0.3486735251334614,131
3,0.0,0.0,0.0,0.0,0
4,0.0,0.0,0.0,0.0,0
