,max,min,avg,median,count
0,0.3978872459033075,0.08990302088607582,0.2088192560059928,0.18582864277683553,45
1,0.4864734982750079,0.1812310687172366,0.28881561761779145,0.27143494182385897,73
2,0.34021480238143714,0.02081262346328619,0.21566153762657417,0.2302489743796815,149
3,0.0,0.0,0.0,0.0,0
4,0.0,0.0,0.0,0.0,0
