,max,min,avg,median,count
0,0.5650906301030386,0.09752143393999137,0.3637826721891971,0.3909318148265034,44
1,0.5865588666153492,0.21301559422497954,0.4292441149898429,0.44694883523237444,67
2,0.5040491813524717,0.1529531700473583,0.28224898265083564,0.2655885357941533,152
3,0.0,0.0,0.0,0.0,0
4,0.0,0.0,0.0,0.0,0
