,max,min,avg,median,count
0,0.661938900594714,0.01149853654663692,0.36408937921843904,0.4206644780156523,23
1,0.852792908333258,0.5189623289155871,0.7629795799939124,0.8050684820468821,106
2,0.770685076657993,0.12616210532571476,0.4699616864824532,0.47826570925006784,126
3,0.0,0.0,0.0,0.0,0
4,0.0,0.0,0.0,0.0,0
