,max,min,avg,median,count
0,0.8435738681630908,0.1319117903963303,0.5105206682814512,0.6161496107626495,28
1,0.7835746292358805,0.06752404302149986,0.44010819526625006,0.5972872605801488,170
2,0.8899995956590591,0.3029583721972311,0.6578590276843685,0.6686731888855815,58
3,0.0,0.0,0.0,0.0,0
4,0.0,0.0,0.0,0.0,0
