,max,min,avg,median,count
0,0.7959943878675083,0.25169550593998125,0.5029584808245906,0.5215673369469043,42
1,0.6633122707515889,0.12160027282240501,0.38738344597269553,0.3912070775493512,64
2,0.8170324808854955,0.48992917227851285,0.64051957031135,0.6569788820947298,151
3,0.0,0.0,0.0,0.0,0
4,0.0,0.0,0.0,0.0,0
