,max,min,avg,median,count
0,0.6498980812983746,0.09678000809356475,0.48293581952748116,0.5999762517057071,42
1,0.7433172330280331,0.23051660099009244,0.5384619253446961,0.6505832349942838,67
2,0.6154384624589432,0.06879854814575072,0.3280008551626145,0.37805167926035627,150
3,0.0,0.0,0.0,0.0,0
4,0.0,0.0,0.0,0.0,0
