,max,min,avg,median,count
0,0.8842467248870152,0.20168429374240132,0.5317969292877118,0.49178093109123605,34
1,0.7257017769521977,0.3585281583878271,0.5536682720361583,0.6073210793707512,74
2,0.5737958725551295,0.10037397379934493,0.3840390412971296,0.5129782335402413,296
3,0.0,0.0,0.0,0.0,0
4,0.0,0.0,0.0,0.0,0
