,max,min,avg,median,count
0,0.8509599555598412,0.3616634123807666,0.706922513203069,0.7932168687849939,22
1,0.7524477106768258,0.11708592030110807,0.5783245676351811,0.6654711218433167,71
2,0.9053896380013507,0.7248793011713817,0.8133273209276195,0.8460375748183412,167
3,0.0,0.0,0.0,0.0,0
4,0.0,0.0,0.0,0.0,0
