,max,min,avg,median,count
0,0.31301767645604994,0.03502781448644766,0.1540462846951651,0.1644742267160856,45
1,0.3379560319463331,0.12781979016038433,0.23454384500015277,0.2196349988005132,88
2,0.38231540428847455,0.032134073671484416,0.20771558247829808,0.24546613917876997,130
3,0.0,0.0,0.0,0.0,0
4,0.0,0.0,0.0,0.0,0
