,max,min,avg,median,count
0,0.6539163418029391,0.19278793767701805,0.41970403194634687,0.327402578218752,10
1,0.6200046393316782,0.06368330619225589,0.4461517557644249,0.5185962692781496,118
2,0.5611900319795577,0.037241790224661245,0.4283086885970243,0.5186740180089608,128
3,0.0,0.0,0.0,0.0,0
4,0.0,0.0,0.0,0.0,0
