,max,min,avg,median,count
0,0.83618535915455,0.18927633557643528,0.48630764522657655,0.5470857727415036,52
1,0.6711712378446721,0.16719191477504614,0.4450472073414334,0.5446183993222979,98
2,0.6273378175627518,0.06858307954680731,0.3562603223602498,0.40544232364495303,412
3,0.0,0.0,0.0,0.0,0
4,0.0,0.0,0.0,0.0,0
