,max,min,avg,median,count
0,0.3916566758772166,0.2676762463043897,0.3390754645283749,0.35789347140351846,3
1,0.6366221320491684,0.250792530293871,0.41444986897876407,0.39819539300286916,47
2,0.4095950586591258,0.02841476924688264,0.23354952854643632,0.29634253589247683,191
3,0.5249632948957839,0.05768839497046476,0.29070544499746337,0.29064781290831365,31
4,0.0,0.0,0.0,0.0,0
