,max,min,avg,median,count
0,0.9260705099346669,0.051614153942098055,0.5275483744332758,0.6740719494151665,31
1,0.8803613160841649,0.09483056582766708,0.522882826757187,0.6785846645657024,112
2,0.8085234722317581,0.08773817525105687,0.34074006910110805,0.2479898007617705,113
3,0.0,0.0,0.0,0.0,0
4,0.0,0.0,0.0,0.0,0
