,max,min,avg,median,count
0,0.503504956221366,0.03749305830058082,0.20130995481276454,0.17126727340271347,58
1,0.38198582711131013,0.027077229178390203,0.1867731365166537,0.19387240093956834,93
2,0.6160720703811442,0.24292056239311463,0.4221743529496706,0.44299065235519364,243
3,0.3627048901279008,0.014011856922387314,0.23937203672533558,0.26914657072083864,10
4,0.0,0.0,0.0,0.0,0
