,max,min,avg,median,count
0,0.6646596125603143,0.13403673388167783,0.4229128706319658,0.5724434371945921,44
1,0.5788760435872107,0.17345754717823772,0.4086539931329633,0.424485097365544,116
2,0.7629723762351929,0.0939179976008233,0.45207227162659425,0.3734337758048259,112
3,0.0,0.0,0.0,0.0,0
4,0.0,0.0,0.0,0.0,0
