,max,min,avg,median,count
0,0.7846140639465651,0.10813119742679561,0.4818075460436454,0.6836240846492995,44
1,0.8397708760228888,0.23390758359017902,0.6422279520156711,0.6979808490944405,64
2,0.8138800867629763,0.35980147463479895,0.49810327753327577,0.3844436949540137,148
3,0.0,0.0,0.0,0.0,0
4,0.0,0.0,0.0,0.0,0
