,max,min,avg,median,count
0,0.8881765115744547,0.24401572470535274,0.5881237778495951,0.6493343452231116,39
1,0.649742569892116,0.0940103702365217,0.3132217623172714,0.29519170180200927,70
2,0.9249655881854765,0.12457925979014728,0.5785182609719239,0.6945287618782926,151
3,0.7336464907786246,0.5902486846462014,0.661947587712413,0.661947587712413,2
4,0.0,0.0,0.0,0.0,0
