,max,min,avg,median,count
0,0.5820201239831421,0.048154173517124255,0.3920897606282383,0.502540282394649,22
1,0.6883449715239008,0.1616027961863811,0.4374871853433714,0.42416756308695847,80
2,0.7077412798197845,0.02784879322530737,0.35078661639679304,0.41906286714308555,157
3,0.0,0.0,0.0,0.0,0
4,0.0,0.0,0.0,0.0,0
