,max,min,avg,median,count
0,0.5620588074365555,0.16028376274023967,0.38877126616867297,0.4242415076404595,25
1,0.6410572573071543,0.16832501266473435,0.36457365146625725,0.3808618510984453,49
2,0.5169424779739062,0.1606443326463566,0.34662236619476655,0.40806185505864856,200
3,0.0,0.0,0.0,0.0,0
4,0.0,0.0,0.0,0.0,0
