,max,min,avg,median,count
0,0.5144067512039295,0.27019518933550984,0.3573600860609026,0.3575545070598789,30
1,0.3541434632720498,0.0049095053722676635,0.15353384925115532,0.12800544671974293,69
2,0.5184135259598597,0.058064267853011255,0.2272805370213927,0.15726998462593358,279
3,0.0,0.0,0.0,0.0,0
4,0.0,0.0,0.0,0.0,0
