,max,min,avg,median,count
0,0.535932300566744,0.04360848993804184,0.22371270674151894,0.10320863987088237,31
1,0.6654499023444526,0.033623491443544644,0.36730941252844396,0.351391099081253,103
2,0.3502011795148958,0.13568604522265862,0.2411601299608742,0.2577709137434454,133
3,0.0,0.0,0.0,0.0,0
4,0.0,0.0,0.0,0.0,0
