,max,min,avg,median,count
0,0.8630111439900935,0.03373807789590414,0.32169608658390947,0.24184051749176794,36
1,0.7983999469170319,0.02021133023031851,0.24419909699361525,0.07482808146372731,128
2,0.5635393046169312,0.14455036117262224,0.3026145984742817,0.22657304684445553,111
3,0.0,0.0,0.0,0.0,0
4,0.0,0.0,0.0,0.0,0
