,max,min,avg,median,count
0,0.845155230993634,0.6074505320639065,0.7196023221826701,0.7126180774009971,44
1,0.6021683289941436,0.13526353491071597,0.3893588319291791,0.4255403467373722,133
2,0.8945129582800113,0.026173934753547026,0.42185959878936885,0.2635623274527339,79
3,0.0,0.0,0.0,0.0,0
4,0.0,0.0,0.0,0.0,0
