,max,min,avg,median,count
0,0.26119056079247877,0.1651551928096109,0.2064254832434012,0.1959086142251373,42
1,0.18477165496073072,0.011718980743740953,0.13478122551409646,0.1740822262686866,75
2,0.18209929301953104,0.10570224176209427,0.13726130270228407,0.11450233355476673,142
3,0.0,0.0,0.0,0.0,0
4,0.0,0.0,0.0,0.0,0
