,max,min,avg,median,count
0,0.906780509624674,0.21366136327412813,0.6824051942240391,0.7625957709019274,42
1,0.8043960021988669,0.14958634428190784,0.4700365458200875,0.5263252243632282,65
2,0.7955905113896972,0.32627355247094997,0.5982714760666947,0.6579007539082683,153
3,0.0,0.0,0.0,0.0,0
4,0.0,0.0,0.0,0.0,0
