,max,min,avg,median,count
0,0.7886066363633016,0.026668961221294286,0.37334928513756954,0.35434530682513854,46
1,0.7339363486201513,0.1126206661479324,0.4309133885602515,0.48670013268173,123
2,0.8324194571869382,0.06701940197742064,0.479044745695597,0.6272001430610638,99
3,0.0,0.0,0.0,0.0,0
4,0.0,0.0,0.0,0.0,0
