,max,min,avg,median,count
0,0.6038891081471217,0.14482571553468032,0.3651756336694021,0.3841130422773276,44
1,0.4576124010608201,0.11914433580135378,0.2650533190881047,0.1896235006380791,68
2,0.2665345149403105,0.0023289788558676612,0.1671879689251541,0.19723951544432491,161
3,0.0,0.0,0.0,0.0,0
4,0.0,0.0,0.0,0.0,0
