,max,min,avg,median,count
0,0.7967836517455579,0.020028916928012754,0.3639193830626821,0.3466287551382757,51
1,0.529382563470439,0.2584474532088501,0.40511393368470355,0.46351450763307683,105
2,0.775853126705682,0.10791185959628605,0.43283528236784424,0.49321468196405255,102
3,0.0,0.0,0.0,0.0,0
4,0.0,0.0,0.0,0.0,0
