,max,min,avg,median,count
0,0.8697299074543381,0.25925928081254884,0.5069127993410707,0.4350390090829522,52
1,0.6596074511287793,0.06727152561399827,0.4492735679215333,0.5022027394920362,121
2,0.43337751442069283,0.0788624812822514,0.24300222712214178,0.22875223376813297,83
3,0.0,0.0,0.0,0.0,0
4,0.0,0.0,0.0,0.0,0
