,max,min,avg,median,count
0,0.6082458978432174,0.1825021078981571,0.4655138903175276,0.545898810307342,33
1,0.3935842008338015,0.09480749126367241,0.2491520997095163,0.27991216741086633,136
2,0.6132939157054844,0.08566552044515904,0.30906834829656027,0.29770315409173426,114
3,0.0,0.0,0.0,0.0,0
4,0.0,0.0,0.0,0.0,0
