,max,min,avg,median,count
0,0.7474850513725546,0.023857985671087045,0.3298682722346801,0.3017777780055543,64
1,0.7992255506533353,0.3076009324753862,0.6147779007949457,0.6418403152790968,160
2,0.6828776159477127,0.5565026733240358,0.6175494415901701,0.6110030682054822,264
3,0.0,0.0,0.0,0.0,0
4,0.0,0.0,0.0,0.0,0
