,max,min,avg,median,count
0,0.8201467636165444,0.4948085287640941,0.6219712111501254,0.6212952024217837,35
1,0.8657121115482036,0.012424764050448204,0.5882455254289658,0.7387628829846774,121
2,0.845054920439992,0.6302043569850945,0.7334442178973187,0.7328575782141965,271
3,0.0,0.0,0.0,0.0,0
4,0.0,0.0,0.0,0.0,0
