,max,min,avg,median,count
0,0.8328679000097318,0.11908084215382422,0.5018923546693153,0.49069592947528906,51
1,0.7797699671167215,0.29698947032655787,0.4713926780401475,0.45534130824872515,103
2,0.8507016622678758,0.20320610891317034,0.5877126764914108,0.7502245924656851,102
3,0.0,0.0,0.0,0.0,0
4,0.0,0.0,0.0,0.0,0
