,max,min,avg,median,count
0,0.596680824637705,0.23173274765455595,0.3758215939056524,0.32791648300633053,43
1,0.6547513598511363,0.02325761782165722,0.3124781886988094,0.20650665811892238,162
2,0.5257635258962087,0.013823874152865833,0.36690885018770425,0.4657966486614848,54
3,0.0,0.0,0.0,0.0,0
4,0.0,0.0,0.0,0.0,0
