,max,min,avg,median,count
0,0.38288311324408414,0.08219893582969509,0.18969374051350846,0.11306598790094946,50
1,0.5240815848115623,0.024988993889800318,0.310012199277964,0.3627492060018913,112
2,0.5077378240503343,0.26653624189410113,0.4338054791703868,0.46810554482530536,135
3,0.0,0.0,0.0,0.0,0
4,0.0,0.0,0.0,0.0,0
