,max,min,avg,median,count
0,0.9998459522064681,0.5773287117615455,0.902760067537318,0.9965465081338546,67
1,0.9999999996514644,0.9760319605126666,0.9930076442329432,0.9990666255240246,92
2,0.9999999996514644,0.959011438235375,0.9899248914113933,0.998824544182447,232
3,0.0,0.0,0.0,0.0,0
4,0.0,0.0,0.0,0.0,0
