,max,min,avg,median,count
0,0.9360783422227676,0.15218079717506622,0.5853478049525362,0.749757565172877,22
1,0.8942486419302833,0.4837305356718768,0.7497491706774702,0.8507450898134078,49
2,0.7950886141671325,0.14414232297309126,0.5574030341640588,0.5907988490044704,191
3,0.0,0.0,0.0,0.0,0
4,0.0,0.0,0.0,0.0,0
