,max,min,avg,median,count
0,0.6666583861487709,0.20401795773541773,0.3881607998739919,0.29302523782323736,42
1,0.789848536363735,0.0952681301907125,0.3542203849567254,0.23282629544827307,63
2,0.6251837390668249,0.3062069046757602,0.5103849557227707,0.532382851364196,151
3,0.0,0.0,0.0,0.0,0
4,0.0,0.0,0.0,0.0,0
