,max,min,avg,median,count
0,0.4539117099174294,0.0025803498794398486,0.14497228760982478,0.09156841216702162,45
1,0.3880964788784975,0.3179510738185142,0.3491407707512163,0.3506823111395286,90
2,0.7684231262333082,0.12283590686108779,0.3856854898470204,0.39223915452815594,206
3,0.0,0.0,0.0,0.0,0
4,0.0,0.0,0.0,0.0,0
