,max,min,avg,median,count
0,0.07147919094851536,0.010745390157442759,0.041937749889502836,0.038584935969117364,46
1,0.12595774166418858,0.04372748689732395,0.07351477999905662,0.06641456932120392,66
2,0.13251709645091753,0.010341406015946832,0.0625398564602925,0.0547660437386518,159
3,0.0,0.0,0.0,0.0,0
4,0.0,0.0,0.0,0.0,0
