,max,min,avg,median,count
0,0.8687453788631961,0.1512423106687193,0.5554698763649334,0.5623765481689937,34
1,0.8781257489233123,0.6419808976092484,0.7705691820692335,0.8144129364609362,161
2,0.8981970487694361,0.061172520071735834,0.4653242875165257,0.39751545492360457,91
3,0.0,0.0,0.0,0.0,0
4,0.0,0.0,0.0,0.0,0
