,max,min,avg,median,count
0,0.4444617414875175,0.0629729249755406,0.17997198330251232,0.1364681565543066,42
1,0.292028343915475,0.007373925069120774,0.10119431232911676,0.02177707754742498,177
2,0.3549931947014788,0.03031081003966102,0.18912949608046242,0.22988788657023124,196
3,0.0,0.0,0.0,0.0,0
4,0.0,0.0,0.0,0.0,0
