,max,min,avg,median,count
0,0.8797977453012608,0.11112121485262844,0.6365354836780444,0.7289298409596097,28
1,0.7781363022894436,0.001062723905839409,0.20668986931832278,0.0671322823558746,160
2,0.7538537119153732,0.22907987244611114,0.469149599487017,0.4899902074140921,70
3,0.0,0.0,0.0,0.0,0
4,0.0,0.0,0.0,0.0,0
