,max,min,avg,median,count
0,0.8201795892532674,0.31197292307586705,0.5425152539375349,0.5528611732897766,48
1,0.7687234378302689,0.2965533430141478,0.5467284740999491,0.5652602286322832,165
2,0.6210221540863082,0.12827123165362186,0.4235692913286154,0.3975560396288018,55
3,0.0,0.0,0.0,0.0,0
4,0.0,0.0,0.0,0.0,0
