,max,min,avg,median,count
0,0.7453856897989742,0.05857889163592636,0.43931877704141087,0.5432934073793124,46
1,0.6301392858181507,0.057267864326494854,0.4379562891040413,0.5493978166759207,179
2,0.6239446919797065,0.050726655893259844,0.29839972769399814,0.29202570212575973,37
3,0.0,0.0,0.0,0.0,0
4,0.0,0.0,0.0,0.0,0
