,max,min,avg,median,count
0,0.7529722709251618,0.37906995278820693,0.6075432919474215,0.6361963775186306,65
1,0.8073563098286525,0.23848348790596427,0.5928310803920989,0.6551333760610494,133
2,0.9021266085719873,0.20599732548856556,0.684541167001953,0.7485434819549536,229
3,0.0,0.0,0.0,0.0,0
4,0.0,0.0,0.0,0.0,0
