,max,min,avg,median,count
0,0.4914101227356497,0.03123199259892846,0.24907678016748172,0.17115715417667324,22
1,0.7112433959264215,0.02052375285246479,0.3592609972668676,0.4021824718900782,100
2,0.8669698055066816,0.7495718916048563,0.8246499772201126,0.84218001550052,140
3,0.0,0.0,0.0,0.0,0
4,0.0,0.0,0.0,0.0,0
