,max,min,avg,median,count
0,0.8305542302756622,0.0068794518668070055,0.5811222006094975,0.6827574709450386,25
1,0.8684940282649443,0.14250085721976213,0.5583900533031777,0.7221874924219703,92
2,0.7980300001830823,0.337259874071889,0.5912893549311015,0.6485380657959081,141
3,0.0,0.0,0.0,0.0,0
4,0.0,0.0,0.0,0.0,0
