,max,min,avg,median,count
0,0.8253317453000699,0.04248416736183323,0.43420415423685377,0.45268768441953056,35
1,0.5849734546375496,0.08209480935316386,0.3373405166936464,0.4265023407841711,84
2,0.61522594941907,0.09317387648150317,0.3560583241529763,0.3910905297460308,167
3,0.0,0.0,0.0,0.0,0
4,0.0,0.0,0.0,0.0,0
