,max,min,avg,median,count
0,0.29491335190371665,0.004826012514298387,0.1622866299420387,0.1917689123506498,42
1,0.41632273515117213,0.05221104097178569,0.14756672584896785,0.09631333263201097,100
2,0.5375361646143675,0.05732437180870008,0.2392452267145925,0.21595903785245263,117
3,0.0,0.0,0.0,0.0,0
4,0.0,0.0,0.0,0.0,0
