,max,min,avg,median,count
0,0.791499388271672,0.0027137708245698914,0.4591701169047163,0.6462310379467957,29
1,0.7991151040844165,0.3736013708344525,0.5606692780243949,0.5704974625667052,146
2,0.9295770145623277,0.11897950987393505,0.6687170303315059,0.7905786304039126,95
3,0.0,0.0,0.0,0.0,0
4,0.0,0.0,0.0,0.0,0
