,max,min,avg,median,count
0,0.7680548632004605,0.17521843305558985,0.6011821187724145,0.7419877911859459,24
1,0.7852542577861047,0.10764958055648181,0.6008257829203656,0.6896416268499052,84
2,0.7605991645974458,0.5372319271466099,0.645227640127959,0.6575215970859521,159
3,0.0,0.0,0.0,0.0,0
4,0.0,0.0,0.0,0.0,0
