,max,min,avg,median,count
0,0.39905120934768196,0.006591992135640151,0.22750719315397583,0.2330263063270551,7
1,0.8539465791075482,0.053319553691860755,0.5057672242797608,0.5451315494026624,72
2,0.8686691839078792,0.05139818762620038,0.6423006436424787,0.8259761172100649,175
3,0.7038917382632368,0.29581442262266855,0.4998530804429527,0.4998530804429527,2
4,0.0,0.0,0.0,0.0,0
