,max,min,avg,median,count
0,0.7549969553913203,0.017303140521590172,0.4486002038207154,0.4288342310924257,35
1,0.8865426899051544,0.031908885841523134,0.4988689039328797,0.5685352817020419,66
2,0.8568720045082518,0.17295099698692287,0.7031970398522828,0.821910411952392,158
3,0.0,0.0,0.0,0.0,0
4,0.0,0.0,0.0,0.0,0
