,max,min,avg,median,count
0,0.7881464143016812,0.23367874898720856,0.4997351539487583,0.4708590789697036,42
1,0.8749696249841951,0.2092592811444097,0.5137644690232106,0.5286572532971446,88
2,0.8259761172100649,0.029487097583167816,0.5003827143113723,0.5977099000056934,131
3,0.0,0.0,0.0,0.0,0
4,0.0,0.0,0.0,0.0,0
