,max,min,avg,median,count
0,0.5968726051453122,0.2614632496606166,0.44752627019577734,0.4852768363576276,42
1,0.6305199074997199,0.16385749503685063,0.4520468991187334,0.4614172427003749,66
2,0.6421107952944544,0.1222914609044124,0.3692878645029499,0.4109916065172704,155
3,0.0,0.0,0.0,0.0,0
4,0.0,0.0,0.0,0.0,0
