,max,min,avg,median,count
0,0.7627930937866808,0.08298236071980371,0.4681711572090748,0.4632762227739007,23
1,0.6307719890176743,0.29549389692328537,0.5015461219404206,0.5830194550370876,50
2,0.815379725792295,0.013753897187432938,0.49864090822812646,0.5567046923057924,196
3,0.0,0.0,0.0,0.0,0
4,0.0,0.0,0.0,0.0,0
