,max,min,avg,median,count
0,0.6709832682817728,0.4274518908190701,0.5527942336821028,0.5109962642387574,24
1,0.6863110274506777,0.16840907985717127,0.5135153849433531,0.5572607891640116,130
2,0.5870383466200436,0.06460786632330408,0.25464557737585175,0.1920632231872007,105
3,0.0,0.0,0.0,0.0,0
4,0.0,0.0,0.0,0.0,0
