,max,min,avg,median,count
0,0.531329035130547,0.04593649349351421,0.26058393822714987,0.30682713345041335,45
1,0.8400192232416226,0.05248152257520988,0.3801767667810521,0.3239744528393684,69
2,0.9117668391853719,0.2039845828706549,0.4566309714176833,0.417767310165303,156
3,0.0,0.0,0.0,0.0,0
4,0.0,0.0,0.0,0.0,0
