,max,min,avg,median,count
0,0.19884066402630562,0.005606158881307725,0.10422778097715343,0.12083161982543084,16
1,0.1793728342203377,0.008788152255469516,0.10352434867177147,0.08539862553091969,129
2,0.18346395753467934,0.0005853163716085958,0.11252124369281698,0.14441246234400743,207
3,0.0849968554543446,0.028921144975024366,0.06458396566617489,0.07220893111766528,4
4,0.0,0.0,0.0,0.0,0
