,max,min,avg,median,count
0,0.5447629558285012,0.011189438697882201,0.2599622269564128,0.2333950217156854,29
1,0.38648378012146206,0.0693111787114716,0.19247041287786085,0.14945303933708426,96
2,0.5870912946543188,0.011643565185159872,0.3482994428343497,0.3894508518218282,148
3,0.0,0.0,0.0,0.0,0
4,0.0,0.0,0.0,0.0,0
