,max,min,avg,median,count
0,0.4869683274049006,0.06081085320661039,0.2873212003078163,0.2522539671905686,28
1,0.2824791372549483,0.004270426868791157,0.1693564611307828,0.18622244850117817,62
2,0.5075280462249234,0.01669805920461322,0.2852347326627675,0.2696507489957078,274
3,0.0,0.0,0.0,0.0,0
4,0.0,0.0,0.0,0.0,0
