,max,min,avg,median,count
0,0.5341703782735269,0.30544461392062366,0.3949728492228973,0.35711456789960944,45
1,0.6871436683004578,0.2906670187546473,0.5437421107516094,0.5387213682853154,103
2,0.7630705164706841,0.16249653060098027,0.495675201852152,0.4892690462566272,123
3,0.0,0.0,0.0,0.0,0
4,0.0,0.0,0.0,0.0,0
