,max,min,avg,median,count
0,0.46677083834222244,0.0185032071412416,0.2521869098557482,0.2577553323960587,52
1,0.6765249980501965,0.026700107545541564,0.38228550559948343,0.37912217499143475,103
2,0.27695346794294184,0.0383609136176836,0.1799137377690169,0.21733064698129936,101
3,0.0,0.0,0.0,0.0,0
4,0.0,0.0,0.0,0.0,0
