,max,min,avg,median,count
0,0.671759518812491,0.05024669671427009,0.4169593063750228,0.4395066667810722,41
1,0.6587231818863207,0.04094875850470004,0.46167434861590423,0.5160182383518196,125
2,0.6667071629434046,0.5259179456653202,0.5941559028713923,0.580809607801932,105
3,0.5524985673836511,0.11701481902761192,0.3347566932056315,0.3347566932056315,2
4,0.0,0.0,0.0,0.0,0
