,max,min,avg,median,count
0,0.9012293479327133,0.21545832413229915,0.5606095766353676,0.6656671983778358,23
1,0.8311882653868633,0.050566704721217305,0.49258658593008003,0.6604252392220357,102
2,0.9030173938347629,0.13283931855452727,0.4565666341561684,0.3904810379254969,132
3,0.0,0.0,0.0,0.0,0
4,0.0,0.0,0.0,0.0,0
