,max,min,avg,median,count
0,0.47108752589103664,0.010414918317152824,0.21881882928055427,0.23173274765455595,42
1,0.7487572430778497,0.27048161682150046,0.49741679784166076,0.4618635057931554,66
2,0.725467080280477,0.34338266794216976,0.5323312438986513,0.4570004592485604,157
3,0.0,0.0,0.0,0.0,0
4,0.0,0.0,0.0,0.0,0
