,max,min,avg,median,count
0,0.30822961192724974,0.07053345296137013,0.20557117782430662,0.21358818896307197,25
1,0.5696545265329868,0.3328688972431195,0.4693491930995039,0.490705148432146,109
2,0.4257907072398495,0.08989318382651382,0.2583812645971971,0.23514328284799135,139
3,0.0,0.0,0.0,0.0,0
4,0.0,0.0,0.0,0.0,0
