,max,min,avg,median,count
0,0.7711351177787137,0.4066282375796218,0.583134537049933,0.5795592384686722,42
1,0.7594378739308298,0.34756839655467825,0.5128569579470617,0.44433557500673315,64
2,0.7929680357819751,0.3525215652539673,0.5280921106878588,0.45609585688065,151
3,0.0,0.0,0.0,0.0,0
4,0.0,0.0,0.0,0.0,0
