,max,min,avg,median,count
0,0.7109234588987741,0.07073034083450003,0.2636960588377218,0.1563194318820245,42
1,0.7318419342800141,0.6376918721726398,0.6808911421835055,0.6578068299339994,74
2,0.8367101886576472,0.1306178057332193,0.37704691527544715,0.2079044394455964,142
3,0.0,0.0,0.0,0.0,0
4,0.0,0.0,0.0,0.0,0
