,max,min,avg,median,count
0,0.6453249469009069,0.1761403694398281,0.4098707220275558,0.41925369527841494,44
1,0.8285051038135788,0.13099357822761484,0.44517691859321024,0.4643082225552383,138
2,0.5109756410670693,0.3127972323703396,0.43847874363943484,0.46598500290904915,79
3,0.0,0.0,0.0,0.0,0
4,0.0,0.0,0.0,0.0,0
