,max,min,avg,median,count
0,0.9095951174215643,0.07765225118470859,0.4240755657080556,0.21010723194927206,31
1,0.9073729255486062,0.22802717860622074,0.6345060106903917,0.7766619738607451,77
2,0.9212709394665788,0.25073661416779214,0.6832826690591889,0.823603039429908,156
3,0.0,0.0,0.0,0.0,0
4,0.0,0.0,0.0,0.0,0
