,max,min,avg,median,count
0,0.9476703334106997,0.16364861814182186,0.6049435728726104,0.7563732691489311,56
1,0.9165843131909218,0.07427265061036982,0.5457946505883451,0.4926785941240886,152
2,0.8433752805592747,0.06908932648272706,0.40053560997248727,0.2608506773512212,160
3,0.0,0.0,0.0,0.0,0
4,0.0,0.0,0.0,0.0,0
