,max,min,avg,median,count
0,0.796515399408487,0.2501781210482738,0.4612261488445232,0.35014289778171287,27
1,0.7650263692442112,0.12656729985680612,0.4429675821699868,0.4107544965074861,75
2,0.748849856332605,0.5397024280928135,0.6363672872165443,0.6100686867628903,156
3,0.0,0.0,0.0,0.0,0
4,0.0,0.0,0.0,0.0,0
