,max,min,avg,median,count
0,0.8992097926908651,0.39522141868478194,0.6845066027086537,0.7645661023020925,32
1,0.7881214990394843,0.005343010145356581,0.510995103989431,0.595145843815674,81
2,0.8245464512417697,0.48102442885610486,0.6950271877543044,0.7864473909937967,180
3,0.0,0.0,0.0,0.0,0
4,0.0,0.0,0.0,0.0,0
