,max,min,avg,median,count
0,0.8244703192296552,0.02033183540459485,0.4943647035661747,0.6831612591004058,50
1,0.8655062234949914,0.16241246651512709,0.5948303385697302,0.6815052182342538,184
2,0.7818758374477769,0.19079820882918985,0.5347609909226896,0.6797455852339864,63
3,0.0,0.0,0.0,0.0,0
4,0.0,0.0,0.0,0.0,0
