,max,min,avg,median,count
0,0.9232028168020641,0.4535860191327861,0.7163396759329441,0.7756164944063242,49
1,0.8854445581018386,0.04395118803331141,0.5173480859528347,0.4884898509842259,80
2,0.9199037929344284,0.05190571085756696,0.5827417814258871,0.6151265277326828,176
3,0.0,0.0,0.0,0.0,0
4,0.0,0.0,0.0,0.0,0
