,max,min,avg,median,count
0,0.32554937657788074,0.1262843259065488,0.19710955786789422,0.17208686882100427,11
1,0.3744287481839107,0.005983319452900101,0.17171650963705806,0.1550498204938397,79
2,0.4544642910197271,0.06639908796078092,0.30322623525369313,0.41715136487906135,223
3,0.1667198568472804,0.16076053929790654,0.1637401980725935,0.1637401980725935,2
4,0.0,0.0,0.0,0.0,0
