,max,min,avg,median,count
0,0.6024821713030629,0.13774109536975682,0.3717507370609211,0.32965084463034444,31
1,0.4690582455483294,0.030607006637503816,0.28874876351436946,0.27241156274290895,112
2,0.46022247534888877,0.20769580439817031,0.32082500187300134,0.2718161768219505,127
3,0.0,0.0,0.0,0.0,0
4,0.0,0.0,0.0,0.0,0
