,max,min,avg,median,count
0,0.7204303325442649,0.022943400871799018,0.22533935234989766,0.10139938037665051,49
1,0.7869266251877518,0.030537838270140057,0.24705487969521908,0.16657810995514968,114
2,0.7456584791333378,0.015888053803273263,0.2178955292007831,0.03944994937718506,144
3,0.0,0.0,0.0,0.0,0
4,0.0,0.0,0.0,0.0,0
