,max,min,avg,median,count
0,0.5986793442809772,0.08901270288198447,0.40526400880708635,0.46409759648282906,43
1,0.6156217605254221,0.19974735244473613,0.4508247228699373,0.543926796479429,186
2,0.7417615108812905,0.08104421510849358,0.44642883300192715,0.5409510581255159,35
3,0.0,0.0,0.0,0.0,0
4,0.0,0.0,0.0,0.0,0
