,max,min,avg,median,count
0,0.46540068293074716,0.1574479131855553,0.3097105719311684,0.31236048438492275,43
1,0.5758248709142562,0.4131864501774155,0.489664383182833,0.49231029136217747,134
2,0.566825727004046,0.1449460228413156,0.34305734156511997,0.3262910122660927,85
3,0.0,0.0,0.0,0.0,0
4,0.0,0.0,0.0,0.0,0
