,max,min,avg,median,count
0,0.7193346519536932,0.0331135617722913,0.3638298302133793,0.20907675614095436,40
1,0.6889566729860839,0.11975056108040064,0.37755738217518864,0.3207871110137662,136
2,0.740263850934013,0.2473274747527627,0.5197648224322112,0.6485669735496157,81
3,0.0,0.0,0.0,0.0,0
4,0.0,0.0,0.0,0.0,0
