,max,min,avg,median,count
0,0.9344370482393222,0.659290418326625,0.8076902018202784,0.7955186202210919,23
1,0.9174997912762297,0.35517569267285026,0.6616047011920586,0.6101176462633341,139
2,0.8155095719076161,0.03150272223025049,0.49149802566364115,0.616247972058942,94
3,0.0,0.0,0.0,0.0,0
4,0.0,0.0,0.0,0.0,0
