,max,min,avg,median,count
0,0.8981842038299649,0.07208379929568856,0.3596632725761512,0.25741005439984793,46
1,0.8484381606357436,0.14552466135499537,0.33871988283861054,0.22090049659693967,123
2,0.7283541345673761,0.16432987160331727,0.5045582649700732,0.5761635540990984,93
3,0.0,0.0,0.0,0.0,0
4,0.0,0.0,0.0,0.0,0
