,max,min,avg,median,count
0,0.7870440494100266,0.6042578781139034,0.7074796248004743,0.7499083336124962,31
1,0.7551518401286118,0.06204676808080809,0.4255426353038466,0.4124680198799898,77
2,0.6589096369295071,0.5321188345669449,0.5780750298155488,0.5688319480675784,168
3,0.0,0.0,0.0,0.0,0
4,0.0,0.0,0.0,0.0,0
