,max,min,avg,median,count
0,0.6368467132368681,0.09355850360075615,0.4412592004925055,0.4823617615246658,56
1,0.5526550926222977,0.1449903716221548,0.295404882015056,0.2688740247307058,82
2,0.6274807279772578,0.15925201158668575,0.35599183015923186,0.3832677817324614,194
3,0.0,0.0,0.0,0.0,0
4,0.0,0.0,0.0,0.0,0
