,max,min,avg,median,count
0,0.6283664136039079,0.13845122349178346,0.4096390632305379,0.4673792376552066,37
1,0.5977320349865216,0.14540202518650433,0.38589605018121903,0.480391719919457,91
2,0.7072732383863843,0.005357158461443012,0.4591468176589791,0.6207080905862531,148
3,0.0,0.0,0.0,0.0,0
4,0.0,0.0,0.0,0.0,0
