,max,min,avg,median,count
0,0.633428979982736,0.01716035729207493,0.35793542531350864,0.5124010543441224,39
1,0.8098490863937245,0.11650350597430065,0.4185712281396946,0.42505957219566065,69
2,0.49911501184040746,0.14998500545806903,0.32175805925386225,0.2659569695211655,148
3,0.621628767777531,0.3147599937019429,0.46819438073973696,0.46819438073973696,2
4,0.0,0.0,0.0,0.0,0
