,max,min,avg,median,count
0,0.8038236985561231,0.003270557718684928,0.3688461685054943,0.45460337343303364,43
1,0.5354403965575482,0.0940103702365217,0.22578411145758315,0.16340235768719757,139
2,0.4606751187065687,0.08452333242424065,0.2675797528940611,0.27783106773435107,74
3,0.0,0.0,0.0,0.0,0
4,0.0,0.0,0.0,0.0,0
