,max,min,avg,median,count
0,0.43672729300587215,0.007542496548218734,0.19552115731037706,0.16909317201069632,47
1,0.8109210249093848,0.5541084776355039,0.6470400709300147,0.6204980216635827,71
2,0.7936879865729881,0.40009593576409846,0.5615307625798625,0.5829576775061377,186
3,0.0,0.0,0.0,0.0,0
4,0.0,0.0,0.0,0.0,0
