,max,min,avg,median,count
0,0.39754070049874646,0.07708617761733162,0.2675116261170879,0.26336708548151416,36
1,0.698947464442945,0.3008117265461904,0.47617891420710096,0.4533093874867103,68
2,0.6755059092043948,0.025952530693948192,0.39067134217049665,0.46523948635525364,157
3,0.0,0.0,0.0,0.0,0
4,0.0,0.0,0.0,0.0,0
