,max,min,avg,median,count
0,0.8166684721660683,0.2958676406007676,0.4712733161616658,0.43355677253987784,24
1,0.49200757899890274,0.20558478420977355,0.3502601967673656,0.36187754687153323,69
2,0.7572652796586496,0.44857607783900955,0.5812818966262029,0.5391696165395706,178
3,0.5247891916010543,0.5247891916010543,0.5247891916010543,0.5247891916010543,1
4,0.0,0.0,0.0,0.0,0
