,max,min,avg,median,count
0,0.6218775132554494,0.3579041769771431,0.5025244144042392,0.5791101344475448,26
1,0.7021621718659534,0.07380524499717205,0.4728511087432551,0.5691595702359066,109
2,0.4464234559431144,0.12465688942916639,0.34545779074147653,0.39808433348250233,123
3,0.0,0.0,0.0,0.0,0
4,0.0,0.0,0.0,0.0,0
