,max,min,avg,median,count
0,0.6835665117228984,0.07122660984041088,0.30036449280309696,0.2596774737125736,27
1,0.8810136139523376,0.0472945194430659,0.4654028896225378,0.4697252921802246,186
2,0.8953473849848675,0.2817256588986037,0.7213487776177496,0.8366940825778595,47
3,0.0,0.0,0.0,0.0,0
4,0.0,0.0,0.0,0.0,0
