,max,min,avg,median,count
0,0.755661606659045,0.09114882926392562,0.36293154076440953,0.30524875491700937,32
1,0.7835856606306566,0.5531546557683125,0.6888242401060796,0.7198731620083751,80
2,0.8441877478393405,0.1266731452631207,0.4987571307936065,0.5201985685088726,161
3,0.0,0.0,0.0,0.0,0
4,0.0,0.0,0.0,0.0,0
