,max,min,avg,median,count
0,0.7051791749562605,0.34119467785490054,0.5631013492015253,0.5736203903810503,42
1,0.6687345511405507,0.1007198838053435,0.38227660913880407,0.3700434363101905,90
2,0.6133783191281383,0.3863435741114285,0.5005202736858874,0.5431357945160608,130
3,0.0,0.0,0.0,0.0,0
4,0.0,0.0,0.0,0.0,0
