,max,min,avg,median,count
0,0.8808084101672622,0.28859007434121897,0.5772330158274181,0.5059194084130283,35
1,0.8972592421713577,0.06746688574285237,0.45155007068301745,0.30294137867169196,66
2,0.8770503720496574,0.022418845389902648,0.3980481206030417,0.2516403269279613,156
3,0.0,0.0,0.0,0.0,0
4,0.0,0.0,0.0,0.0,0
