,max,min,avg,median,count
0,0.6147617266460835,0.016254827943569507,0.34666541617270114,0.533281872211411,31
1,0.5567786121631384,0.2678775972695515,0.41806842111467424,0.4756225590311577,109
2,0.8195989869536738,0.13422361416717876,0.43574173866420285,0.4675133328469967,136
3,0.0,0.0,0.0,0.0,0
4,0.0,0.0,0.0,0.0,0
