,max,min,avg,median,count
0,0.77651653046622,0.020101619691275264,0.46502320262800706,0.4444016721624207,26
1,0.633638903683255,0.27694187219008964,0.49178348775687375,0.5954276109560769,107
2,0.7992145023809589,0.2935962371315505,0.5403774569895714,0.5815155161474176,202
3,0.0,0.0,0.0,0.0,0
4,0.0,0.0,0.0,0.0,0
