,max,min,avg,median,count
0,0.6531819425742473,0.3896848916201936,0.5535638766539734,0.560019884428622,38
1,0.7900014732730487,0.3171677299429018,0.5701138662655685,0.6671937904332954,97
2,0.6979783067682367,0.012641937572266183,0.3486010456130227,0.3235653658109247,151
3,0.0,0.0,0.0,0.0,0
4,0.0,0.0,0.0,0.0,0
