,max,min,avg,median,count
0,0.7227885721265113,0.0668003196713254,0.45713552127121365,0.5198573117241524,26
1,0.7787800475519081,0.19043442711815778,0.39694604965529184,0.3223546085960308,59
2,0.7350837807164666,0.10280763516465671,0.4140439641551511,0.4684623304221601,176
3,0.0,0.0,0.0,0.0,0
4,0.0,0.0,0.0,0.0,0
