,max,min,avg,median,count
0,0.6427931647742464,0.3134156410232241,0.5028411746450226,0.5639692964183399,17
1,0.6628600730849267,0.1315840945105827,0.35071482730760334,0.2070324402638357,19
2,0.47441392311177255,0.28576323407904003,0.3945775224645703,0.4503038150812041,386
3,0.0,0.0,0.0,0.0,0
4,0.0,0.0,0.0,0.0,0
