,max,min,avg,median,count
0,0.8875962119223636,0.12242626481749296,0.5181596492064975,0.4581656392094919,38
1,0.6674931774783996,0.043646720863049035,0.3775886315928744,0.43477801412294925,187
2,0.383714124117108,0.029704944463587304,0.180763137184652,0.08899572163432712,52
3,0.0,0.0,0.0,0.0,0
4,0.0,0.0,0.0,0.0,0
