,max,min,avg,median,count
0,0.8460071893991024,0.2368111527021108,0.42271570705104455,0.33802141043444667,44
1,0.9058325551703869,0.32771528923127397,0.5945189245917941,0.555890222448296,65
2,0.6079883451880773,0.21589049011301567,0.4891232075370925,0.5795158192695691,154
3,0.0,0.0,0.0,0.0,0
4,0.0,0.0,0.0,0.0,0
