,max,min,avg,median,count
0,0.5517132925406787,0.1397722477579318,0.39968005780728116,0.4088573117222247,13
1,0.46575018398389184,0.11015580402574217,0.25863434300798704,0.25426027975384197,122
2,0.6630543568050219,0.007439623915379116,0.2511151995095022,0.1589896843211539,293
3,0.37898941110188306,0.0016257067814797203,0.09926637102598555,0.025827131285585753,7
4,0.0,0.0,0.0,0.0,0
