,max,min,avg,median,count
0,0.8105732327642678,0.5690403191423223,0.6752683563402256,0.6221003523150218,26
1,0.8316448088054099,0.29996233091246016,0.542431318839532,0.5609888368571354,142
2,0.8507098436774305,0.4040784398028341,0.682518239806762,0.7160599025206291,93
3,0.0,0.0,0.0,0.0,0
4,0.0,0.0,0.0,0.0,0
