,max,min,avg,median,count
0,0.5798198492283873,0.03197119853289074,0.3125417742150365,0.3857836178019525,56
1,0.8421729120696482,0.6328371343101445,0.7496876185747248,0.748850271306497,143
2,0.9021266085719873,0.22619176724146317,0.6455806643421796,0.7114530121397482,230
3,0.0,0.0,0.0,0.0,0
4,0.0,0.0,0.0,0.0,0
