,max,min,avg,median,count
0,0.30415392591548535,0.10550055084019715,0.21297091349273783,0.20953665657065126,28
1,0.3209207152512891,0.08114583141909348,0.2449398816080044,0.2925088489610028,137
2,0.3987801573993826,0.020979519291891926,0.2613297669569283,0.2604570135372694,199
3,0.0,0.0,0.0,0.0,0
4,0.0,0.0,0.0,0.0,0
