,max,min,avg,median,count
0,0.570624848519924,0.036589987851800516,0.35699070721255455,0.3255884606398798,36
1,0.34595129188586743,0.005516847766389589,0.22794600557447614,0.30960282716678805,67
2,0.5968887659819826,0.4143942881025318,0.4884286842389815,0.47789994192676094,157
3,0.0,0.0,0.0,0.0,0
4,0.0,0.0,0.0,0.0,0
