,max,min,avg,median,count
0,0.46718483684474715,0.009242884361720093,0.16332978858545028,0.12348387237363084,22
1,0.462791860738545,0.027013451374997065,0.23498158059302474,0.2282824724886122,80
2,0.692224336430664,0.02696622468697682,0.3267623880293644,0.2635916811353346,160
3,0.27554564807844173,0.15916538673857752,0.2173555174085096,0.2173555174085096,2
4,0.0,0.0,0.0,0.0,0
