,max,min,avg,median,count
0,0.43644482401436696,0.19146760948175737,0.3068217761071541,0.2616637762350429,43
1,0.7255455580055254,0.46770711502267465,0.5980776422039235,0.5385212595324906,84
2,0.8117686295298533,0.29393225382281424,0.6026840877521364,0.68695326186982,138
3,0.0,0.0,0.0,0.0,0
4,0.0,0.0,0.0,0.0,0
