,max,min,avg,median,count
0,0.6143507514424947,0.38554508490324746,0.4943443114130382,0.4575472502488455,32
1,0.6001602797990347,0.11020693068098673,0.36039996183781564,0.3126728400704628,102
2,0.3597203649609718,0.13248759756700468,0.2211070727035982,0.1847988407517891,129
3,0.0,0.0,0.0,0.0,0
4,0.0,0.0,0.0,0.0,0
