,max,min,avg,median,count
0,0.8488752824100864,0.2684472958523578,0.5509622948618395,0.5417141086456816,48
1,0.7625400186403015,0.025618722394294895,0.5199004061816651,0.6461576614555251,166
2,0.6492515825518551,0.014675841720232893,0.3618967036289617,0.40414455256628573,87
3,0.0,0.0,0.0,0.0,0
4,0.0,0.0,0.0,0.0,0
