,max,min,avg,median,count
0,0.9190545807723807,0.42657160693102525,0.6346207676218942,0.6005286613781478,24
1,0.5985043008034305,0.29411436168087257,0.4391491767532896,0.37082799643208525,61
2,0.8664605871665374,0.06655334386360462,0.6019224000509146,0.8194608715853695,238
3,0.0,0.0,0.0,0.0,0
4,0.0,0.0,0.0,0.0,0
