,max,min,avg,median,count
0,0.7332895939146646,0.1833651925049474,0.554464381805859,0.6036776718208599,48
1,0.6035637134014896,0.24886930674362492,0.4103767456876707,0.3617829093317256,107
2,0.4604126983912879,0.04343351278748233,0.23442985553938867,0.14024706532522088,192
3,0.0,0.0,0.0,0.0,0
4,0.0,0.0,0.0,0.0,0
