,max,min,avg,median,count
0,0.8007029518409117,0.1965042071225781,0.6026264838397883,0.6288163474238024,38
1,0.7448242761183231,0.17913031426301365,0.5209209995930262,0.7138676105362943,132
2,0.8064208199745699,0.4694941141499637,0.6558011095831191,0.650671079442931,106
3,0.0,0.0,0.0,0.0,0
4,0.0,0.0,0.0,0.0,0
