,max,min,avg,median,count
0,0.7646319732895334,0.040961884694850896,0.44876998702141313,0.4768675364212633,39
1,0.7429654874852861,0.13825550065009592,0.41976502393358606,0.4081353192003557,69
2,0.8672967411081554,0.06368659735086092,0.5025309246769202,0.545642803786969,148
3,0.6338476612906526,0.5780574998709853,0.605952580580819,0.605952580580819,2
4,0.0,0.0,0.0,0.0,0
