,max,min,avg,median,count
0,0.4814888961716745,0.048154173517124255,0.2473312575930441,0.23230215321245137,21
1,0.30292862086894917,0.02909236147995831,0.17081916332225877,0.19901205878895345,50
2,0.47968147171423325,0.06444147552643713,0.2140370647505697,0.13893359199008898,186
3,0.06206215605125584,0.01432945564640257,0.03819580584882921,0.03819580584882921,2
4,0.0,0.0,0.0,0.0,0
