,max,min,avg,median,count
0,0.6129976834609024,0.08772645423914975,0.3514218767096538,0.3066785612303645,32
1,0.4538026916260237,0.1749972416721301,0.3782301312108423,0.42774311335377696,62
2,0.5311914318177006,0.031031268766615633,0.3801174340813284,0.4640134573433381,204
3,0.0,0.0,0.0,0.0,0
4,0.0,0.0,0.0,0.0,0
