,max,min,avg,median,count
0,0.6585879402597952,0.19808811759456163,0.3819375289548416,0.2632063433440063,28
1,0.8009442233634395,0.5614148672535828,0.6936474847616376,0.6915429050802682,78
2,0.7047799058568202,0.4712549778153562,0.600838217242494,0.6308544122317279,154
3,0.0,0.0,0.0,0.0,0
4,0.0,0.0,0.0,0.0,0
