,max,min,avg,median,count
0,0.32562378226103,0.12247856152833039,0.22724486587428191,0.2630443030483067,46
1,0.30817462117668454,0.002910134258986058,0.16797148762377395,0.25938563540580867,93
2,0.2752490573880655,0.13893892689491688,0.21286011103334537,0.2460409948101816,213
3,0.0,0.0,0.0,0.0,0
4,0.0,0.0,0.0,0.0,0
