,max,min,avg,median,count
0,0.8655708191672719,0.0203373504332472,0.5480467398799357,0.6267796691269235,27
1,0.9357411612261484,0.6152124455835773,0.8072388462829029,0.8213891570811356,49
2,0.8451861542919104,0.1860705784624959,0.6323765832601127,0.7964273665524708,202
3,0.0,0.0,0.0,0.0,0
4,0.0,0.0,0.0,0.0,0
