,max,min,avg,median,count
0,0.6692729739629628,0.043330244662173265,0.37914531133262824,0.3246144089470386,35
1,0.7252149996297004,0.1042530878915487,0.36605516054034515,0.3276787432645483,66
2,0.7847851311825645,0.25521803005076527,0.5002477391892912,0.4300852340902645,156
3,0.0,0.0,0.0,0.0,0
4,0.0,0.0,0.0,0.0,0
