,max,min,avg,median,count
0,0.38951118815824576,0.07441346620910018,0.2473865233072853,0.21556213229798277,27
1,0.6591842685997764,0.14875348217286344,0.3954647526795771,0.4840237148000602,67
2,0.5508498153321217,0.24293089826294292,0.4271073051685965,0.41198494503248284,267
3,0.0,0.0,0.0,0.0,0
4,0.0,0.0,0.0,0.0,0
