,max,min,avg,median,count
0,0.2512276109512728,0.082836720572763,0.14807784982607217,0.13588211575178089,42
1,0.23848399502045878,0.010577226648386989,0.15017403692092798,0.1518971448151405,199
2,0.33523504219435446,0.0652815437021403,0.17426928065715558,0.16933416401257298,39
3,0.0,0.0,0.0,0.0,0
4,0.0,0.0,0.0,0.0,0
