,max,min,avg,median,count
0,0.8522233346637467,0.09697169004352071,0.40110983616482676,0.31474364191813936,31
1,0.5698012041399902,0.2025655361335875,0.4459448227514482,0.5069679735781532,157
2,0.7618755493737968,0.10556051257153501,0.4183420320335953,0.4085246541078523,74
3,0.0,0.0,0.0,0.0,0
4,0.0,0.0,0.0,0.0,0
