,max,min,avg,median,count
0,0.7751078894020668,0.06054975988849796,0.46631590696617575,0.5606655255970859,22
1,0.7467831368119918,0.0178504203290835,0.31022418051216893,0.1382456080433871,52
2,0.6619292425848584,0.003837629076718319,0.33326556519737516,0.2569104663029586,205
3,0.0,0.0,0.0,0.0,0
4,0.0,0.0,0.0,0.0,0
