,max,min,avg,median,count
0,0.8639350657674711,0.09016262861743346,0.3736861191571289,0.3051940733564186,56
1,0.5990072758256186,0.282089567417795,0.42084646837037515,0.3432716202757785,115
2,0.7397014223255496,0.1138209027849853,0.5018438174191064,0.6143612675764625,257
3,0.0,0.0,0.0,0.0,0
4,0.0,0.0,0.0,0.0,0
