,max,min,avg,median,count
0,0.6589105732189603,0.22419858859148387,0.3662415593663534,0.342858089397946,52
1,0.6208609544645793,0.24920730179211928,0.4311160127584861,0.4566168833120161,94
2,0.4577893954642327,0.09661114933683584,0.27264714259275724,0.3352964625609833,250
3,0.0,0.0,0.0,0.0,0
4,0.0,0.0,0.0,0.0,0
