,max,min,avg,median,count
0,0.8747072778079826,0.4537326141752101,0.7307779663751455,0.7921501973543077,46
1,0.7210157333906669,0.20967547900708713,0.4725472033165067,0.47582456146664215,78
2,0.8645344376846139,0.7608443163504153,0.823851736631441,0.8319117389557321,180
3,0.8126767871545811,0.6226060185460993,0.7176414028503402,0.7176414028503402,2
4,0.0,0.0,0.0,0.0,0
