,max,min,avg,median,count
0,0.8605790146171242,0.19100594810879987,0.5387116886563253,0.585383612629912,23
1,0.6342396332395726,0.028635199449252097,0.3572568581089718,0.40244331643130454,47
2,0.7493981585901591,0.027749395505314533,0.31411324388411915,0.19451096680266458,188
3,0.0,0.0,0.0,0.0,0
4,0.0,0.0,0.0,0.0,0
