,max,min,avg,median,count
0,0.6883173573046453,0.20788436521477396,0.5516561842337799,0.6744126208366149,21
1,0.7349613693843045,0.023340662575597793,0.27531196691946513,0.14832162974941876,61
2,0.7745837201187769,0.2531898859930167,0.5199579871067062,0.49018396121020624,180
3,0.0,0.0,0.0,0.0,0
4,0.0,0.0,0.0,0.0,0
