,max,min,avg,median,count
0,0.6151459331941717,0.17992739714652647,0.39513789050082504,0.36201050050287403,35
1,0.6670502150915639,0.353925868870192,0.5481066707681225,0.6144355178860005,122
2,0.6820302248930559,0.07982194665968767,0.3839635192960502,0.4159356178739401,254
3,0.0,0.0,0.0,0.0,0
4,0.0,0.0,0.0,0.0,0
