,max,min,avg,median,count
0,0.7338329653534157,0.5185944024316731,0.6401525346622227,0.6577637765146531,23
1,0.6397527661961943,0.04908645718813486,0.3141775445931331,0.3223448303885322,107
2,0.6039951145218173,0.11678941701799694,0.3110586026983429,0.21493504217076365,139
3,0.0,0.0,0.0,0.0,0
4,0.0,0.0,0.0,0.0,0
