,max,min,avg,median,count
0,0.6252052034542895,0.41295352852812334,0.5353279942984861,0.568240464972511,38
1,0.7532641711857119,0.15682292234985257,0.5398279025962665,0.5955362913034801,135
2,0.7150647214618411,0.6081438389040481,0.6458349262744335,0.6312356457616416,92
3,0.0,0.0,0.0,0.0,0
4,0.0,0.0,0.0,0.0,0
