,max,min,avg,median,count
0,0.5663318700630238,0.0033305453948284966,0.3342648359466646,0.4543788623686868,12
1,0.7171909931797088,0.27144699850927356,0.4518429300349968,0.48660251519233144,39
2,0.7679329917302524,0.13555119440942892,0.4685316948232433,0.5360030307772549,276
3,0.7750742058973819,0.2512815492168115,0.6084223446754615,0.6971635936844723,5
4,0.0,0.0,0.0,0.0,0
