,max,min,avg,median,count
0,0.8990579063141845,0.1482236812661228,0.4427882713387759,0.18845819624206953,44
1,0.8068161793415831,0.19267850293173847,0.5722996039588325,0.6783788601869384,63
2,0.8407809694245472,0.0751639060280833,0.3462552477114314,0.19959050186447397,150
3,0.0,0.0,0.0,0.0,0
4,0.0,0.0,0.0,0.0,0
