,max,min,avg,median,count
0,0.6765971967393117,0.10436879593927453,0.4132830954567656,0.398486346441222,32
1,0.5756032278285786,0.17697269429787996,0.3688942982132781,0.3784791298812452,191
2,0.38499879790838576,0.09570941468643494,0.24041459685742267,0.2692093605176649,55
3,0.0,0.0,0.0,0.0,0
4,0.0,0.0,0.0,0.0,0
