,max,min,avg,median,count
0,0.747058170298624,0.1529247185531435,0.48122428505868414,0.5100899116160112,40
1,0.8022427656609259,0.5382328618430916,0.6617646068844713,0.7001073743020356,105
2,0.7960501270596363,0.057432372464355,0.5046337051593289,0.6072863660991571,166
3,0.0,0.0,0.0,0.0,0
4,0.0,0.0,0.0,0.0,0
