,max,min,avg,median,count
0,0.7061457325480376,0.034052378637928184,0.40398394032182755,0.4210629408436765,22
1,0.8437009498307496,0.0877466215599145,0.5975283043702042,0.6910194337576676,86
2,0.3886108594437334,0.23745674667708305,0.3197937441581876,0.3010290554811353,174
3,0.473923694079971,0.35867557898693414,0.42291396635457584,0.4361426259968224,3
4,0.0,0.0,0.0,0.0,0
