,max,min,avg,median,count
0,0.33634250674028127,0.1284224870923842,0.2556401837011516,0.2615836577774668,46
1,0.6316007497685395,0.04580903233537111,0.32991624781177187,0.2578015919831881,114
2,0.5740865639996391,0.3703049832828235,0.473355683928861,0.5144155882798013,174
3,0.0,0.0,0.0,0.0,0
4,0.0,0.0,0.0,0.0,0
