,max,min,avg,median,count
0,0.8343626214622302,0.35506388093194763,0.6644823281347924,0.7897903240685863,23
1,0.6951681903124188,0.4230008534359861,0.5703276713888712,0.6004325169339476,128
2,0.7563965131520995,0.1400923035405923,0.5305292223130293,0.6266801804172897,108
3,0.0,0.0,0.0,0.0,0
4,0.0,0.0,0.0,0.0,0
