,max,min,avg,median,count
0,0.7672743449654926,0.00021561602604838707,0.5141244931934609,0.6824859479331548,7
1,0.8147142038700165,0.42139210024615753,0.599395525168142,0.5667135849728725,122
2,0.8709345610529349,0.054380179769643086,0.495047191841404,0.5849986549401751,169
3,0.7853448010456543,0.43355414325239416,0.6087108399671644,0.5806849444185478,34
4,0.0,0.0,0.0,0.0,0
