,max,min,avg,median,count
0,0.8545185189355896,0.27672451115892077,0.5864390669781618,0.6600849055672271,40
1,0.9068591843900573,0.02995761069854062,0.38082286358180617,0.2608584128485454,93
2,0.8912062099543835,0.3704978706616446,0.6866229755187476,0.6741222375759397,125
3,0.5385966424406662,0.5385966424406662,0.5385966424406662,0.5385966424406662,1
4,0.0,0.0,0.0,0.0,0
