,max,min,avg,median,count
0,0.37962209021222426,0.09189315084413865,0.23248973187875688,0.28859007434121897,36
1,0.4840437442305367,0.051727449915270805,0.23901496721460544,0.2524956413881272,66
2,0.45649976610667886,0.0021165971429276524,0.19782510309078263,0.21095661225650877,158
3,0.0,0.0,0.0,0.0,0
4,0.0,0.0,0.0,0.0,0
