,max,min,avg,median,count
0,0.4660552492436962,0.056543164792962834,0.245914669598229,0.3010565135706462,23
1,0.46781635707616465,0.17009831801756226,0.30892970648291096,0.33075536503443387,140
2,0.7859151120782297,0.00457746832164163,0.2551214861939631,0.0882310816897225,94
3,0.0,0.0,0.0,0.0,0
4,0.0,0.0,0.0,0.0,0
