,max,min,avg,median,count
0,0.8379174040592549,0.27127432701741067,0.45150012143280793,0.3313229806432775,11
1,0.6940589232491198,0.19155997698536203,0.4988443241979663,0.5551131227290576,96
2,0.7043976225451686,0.3561865420807406,0.5816964290843769,0.6248596127620891,221
3,0.5822617003640136,0.3748955848724107,0.4732076216760642,0.4637243660755497,53
4,0.0,0.0,0.0,0.0,0
