,max,min,avg,median,count
0,0.37743723177106636,0.01561810837520716,0.1092987583145777,0.016498110511554302,55
1,0.2734934402966845,0.07200920289677228,0.17770255781901664,0.1737872656399717,94
2,0.5165556508877073,0.04458801143121588,0.2837985925082363,0.24938019870326633,255
3,0.0,0.0,0.0,0.0,0
4,0.0,0.0,0.0,0.0,0
