,max,min,avg,median,count
0,0.6071858562259311,0.15142951024192852,0.3821690485826693,0.3920007082831971,44
1,0.6939850243800348,0.2682053649043675,0.5692092702349799,0.6061322324909286,66
2,0.6839002507853534,0.3263873993606514,0.5734477108068787,0.6497182956495167,149
3,0.0,0.0,0.0,0.0,0
4,0.0,0.0,0.0,0.0,0
