,max,min,avg,median,count
0,0.8486888087628378,0.23755062988148704,0.6099190399765335,0.7026733105008514,47
1,0.6159870763027685,0.11037250595420649,0.2966887258570492,0.2160909627797689,134
2,0.7336387368033449,0.4564662992683931,0.6010466444561393,0.6518920045818807,78
3,0.0,0.0,0.0,0.0,0
4,0.0,0.0,0.0,0.0,0
