,max,min,avg,median,count
0,0.8676142478537648,0.09431750522768587,0.4937614862902725,0.42398358647812634,28
1,0.778585660263779,0.43904058606741125,0.5786716614030377,0.5643538262036095,167
2,0.8002485469931409,0.10424452216872422,0.5893581361805598,0.7669675667701178,64
3,0.0,0.0,0.0,0.0,0
4,0.0,0.0,0.0,0.0,0
