,max,min,avg,median,count
0,0.5485126605140287,0.04732613618313316,0.3445561238608869,0.3990045718714869,41
1,0.7538086686978405,0.12816219102136953,0.5457163859397722,0.6300938934620091,103
2,0.8962057497328728,0.08490239660449037,0.5768313305207668,0.6070801816128535,127
3,0.8042099419520355,0.44944112534579533,0.6268255336489155,0.6268255336489155,2
4,0.0,0.0,0.0,0.0,0
