,max,min,avg,median,count
0,0.8219111830704842,0.11376237909852517,0.5208990713809779,0.6982120071669287,39
1,0.9170011911079111,0.2922053865895326,0.6524892454822537,0.6092135325074501,166
2,0.7318829715174643,0.17077136294295872,0.4003122549722355,0.36081652712175566,57
3,0.0,0.0,0.0,0.0,0
4,0.0,0.0,0.0,0.0,0
