,max,min,avg,median,count
0,0.7646453996332485,0.2697203193984688,0.5385765246687646,0.5608453729310231,36
1,0.736678845827378,0.14187924628023313,0.5101968970119654,0.5635590270561435,67
2,0.7949933661777929,0.24870663451413916,0.5994556616750144,0.6667471370405138,160
3,0.0,0.0,0.0,0.0,0
4,0.0,0.0,0.0,0.0,0
