,max,min,avg,median,count
0,0.687245877891614,0.3352654895368531,0.4797082438471275,0.47373692291818803,39
1,0.46612634917643353,0.07715383725957063,0.2656057170029156,0.2735038882004706,164
2,0.5523685053100121,0.0352325437680158,0.29274887219378776,0.32441783309113065,56
3,0.0,0.0,0.0,0.0,0
4,0.0,0.0,0.0,0.0,0
