,max,min,avg,median,count
0,0.574176466631364,0.151593280743689,0.3681482655658123,0.4436999635085865,26
1,0.537721829714434,0.07140422309446448,0.3423588236767339,0.4225586455453416,141
2,0.5795518511285831,0.1814614702868396,0.3171295991310724,0.2335337938792193,95
3,0.0,0.0,0.0,0.0,0
4,0.0,0.0,0.0,0.0,0
