,max,min,avg,median,count
0,0.9482331615975466,0.4314364174621617,0.6598048678674364,0.6159096784337443,41
1,0.8550198507431839,0.3840276066192554,0.5929256096377862,0.5885892122427203,198
2,0.8987318515113404,0.347511009923919,0.7025909780502562,0.8096574924568911,92
3,0.0,0.0,0.0,0.0,0
4,0.0,0.0,0.0,0.0,0
