,max,min,avg,median,count
0,0.5794080940920521,0.30391097131596184,0.42288557655175907,0.435413438454206,28
1,0.543298978615517,0.3231640889615528,0.42622306591023174,0.41989435924220564,208
2,0.4095205254692909,0.00556052897058638,0.31030780611574726,0.38508886621984567,96
3,0.0,0.0,0.0,0.0,0
4,0.0,0.0,0.0,0.0,0
