,max,min,avg,median,count
0,0.6367082170886469,0.22534547209502534,0.4153727407865895,0.4464058271595576,10
1,0.7214018266515363,0.4863526679852644,0.5965338454112356,0.5759124565601381,10
2,0.6278035608252073,0.15558339991242398,0.4033661469845862,0.4158897471547921,245
3,0.0,0.0,0.0,0.0,0
4,0.0,0.0,0.0,0.0,0
