,max,min,avg,median,count
0,0.535216050049056,0.003451001472152906,0.21129968102469904,0.16199139377969923,31
1,0.5114873751819585,0.034820928853184475,0.21836367788775587,0.20294261705605662,120
2,0.27459466317463804,0.005703222971836616,0.1248146000348767,0.038321956623406095,135
3,0.0,0.0,0.0,0.0,0
4,0.0,0.0,0.0,0.0,0
