,max,min,avg,median,count
0,0.3757259778444015,0.05880195208372808,0.17762641647457403,0.12216899866949639,21
1,0.7121276093694751,0.09599066242891734,0.3319074425755841,0.239003972025348,63
2,0.8078026424255625,0.10795466542380736,0.38770286684939625,0.35737280767139196,179
3,0.0,0.0,0.0,0.0,0
4,0.0,0.0,0.0,0.0,0
