,max,min,avg,median,count
0,0.8614760430136813,0.5929434666572451,0.73807071009936,0.8158886501026106,48
1,0.835507922983866,0.2760056814757044,0.6346094408739078,0.748360301208857,113
2,0.7499416729480598,0.0014845451216755573,0.5180560496932968,0.5941390975195203,204
3,0.0,0.0,0.0,0.0,0
4,0.0,0.0,0.0,0.0,0
