,max,min,avg,median,count
0,0.7047702346265295,0.03678142604091255,0.3290072206539325,0.385382902648123,32
1,0.62332570889097,0.13652617306969553,0.28307087252557916,0.1915751563188327,181
2,0.7039412880421678,0.16402279990144017,0.39485384630396647,0.3629575399132871,47
3,0.0,0.0,0.0,0.0,0
4,0.0,0.0,0.0,0.0,0
