,max,min,avg,median,count
0,0.6983516861513659,0.045398149283477914,0.3432671710378529,0.3494997442131136,39
1,0.7436560741853563,0.008764458839279371,0.4150683703599084,0.43525024400511647,97
2,0.7866633844952714,0.32899349112664666,0.6197489992672264,0.6837182731775324,128
3,0.0,0.0,0.0,0.0,0
4,0.0,0.0,0.0,0.0,0
