,max,min,avg,median,count
0,0.7184491625557774,0.18947224696770035,0.5352705480967093,0.6286559475369115,25
1,0.7430505898572044,0.32904673171298265,0.5573205293795087,0.5107792774573311,57
2,0.6193141857581234,0.11865516358095803,0.397749598806972,0.5087990515625461,174
3,0.0,0.0,0.0,0.0,0
4,0.0,0.0,0.0,0.0,0
