,max,min,avg,median,count
0,0.4665238106163566,0.111620033616889,0.2974419724892904,0.27266996700027424,33
1,0.3115747747009374,0.06462734422472892,0.21118459681560617,0.2822189432240616,206
2,0.32175373431361515,0.11094431142079678,0.18749392228097111,0.12300280966711251,49
3,0.0,0.0,0.0,0.0,0
4,0.0,0.0,0.0,0.0,0
