,max,min,avg,median,count
0,0.4066089585055322,0.07327743808956008,0.20609788036547444,0.18115982987350068,24
1,0.2511659452892019,0.004868052961526255,0.1423040037008747,0.18228081762514545,81
2,0.5651777599168961,0.10660435329551653,0.35881865360052234,0.4789926149893723,160
3,0.0,0.0,0.0,0.0,0
4,0.0,0.0,0.0,0.0,0
