,max,min,avg,median,count
0,0.6755224824214799,0.06611513956320075,0.27511396572688857,0.2214474987159387,27
1,0.7546656596530547,0.017667926925294695,0.42075142380759134,0.3372520711685906,174
2,0.6347218138626528,0.4426656853520387,0.5476144254134031,0.5336922705447437,65
3,0.0,0.0,0.0,0.0,0
4,0.0,0.0,0.0,0.0,0
