,max,min,avg,median,count
0,0.5193245980826247,0.014722011689967963,0.29560002678495384,0.2904353808478104,25
1,0.5967908047952836,0.0901797113143738,0.40982821219012217,0.563660428181392,81
2,0.8653625184420748,0.13304034669838388,0.4053527284784645,0.3243521196709067,155
3,0.0,0.0,0.0,0.0,0
4,0.0,0.0,0.0,0.0,0
