,max,min,avg,median,count
0,0.8140418650331658,0.14284996400888453,0.6572933931667742,0.7979779328705162,8
1,0.915069716762238,0.7622199647444655,0.8371275241614107,0.82565926223849,18
2,0.8467158317970961,0.24394497880485674,0.6860760237576045,0.8125348987055578,275
3,0.6936346257615527,0.09869730819830352,0.4899584452107885,0.5442933523792177,65
4,0.0,0.0,0.0,0.0,0
