,max,min,avg,median,count
0,0.7839253715948508,0.2843710842869328,0.5444130183763185,0.5205584854136973,68
1,0.816414627668712,0.2933135621210259,0.454815773503471,0.40314794691682687,110
2,0.6950254559301243,0.297727919936441,0.5076350525623377,0.4640093674819657,314
3,0.0,0.0,0.0,0.0,0
4,0.0,0.0,0.0,0.0,0
