,max,min,avg,median,count
0,0.7505514914956699,0.3015206404130506,0.5668839434780918,0.5574304091315266,64
1,0.8401193686026635,0.14894195041603597,0.5373403070852139,0.738877364887018,108
2,0.668436934437132,0.3886663463316397,0.5610837139742275,0.5918493214373595,276
3,0.6617059145944859,0.003560871026523102,0.3592477160601068,0.38512581434170773,13
4,0.0,0.0,0.0,0.0,0
