,max,min,avg,median,count
0,0.5374828431422712,0.15550248246775444,0.34853806986471075,0.43086036360384256,42
1,0.41179333707282356,0.07812389642975522,0.2722220057963486,0.2700261837480255,110
2,0.6019239819292056,0.25830831380750796,0.39889575107158637,0.3376328084310235,130
3,0.0,0.0,0.0,0.0,0
4,0.0,0.0,0.0,0.0,0
