,max,min,avg,median,count
0,0.8352868269231214,0.03698137074092841,0.4370737326855008,0.36180037019048494,26
1,0.5441764511428718,0.06471633068165722,0.2539994330260117,0.24372968386289898,107
2,0.4093005378362946,0.22828578649547943,0.30661722245155953,0.2850873396061579,123
3,0.0,0.0,0.0,0.0,0
4,0.0,0.0,0.0,0.0,0
