,max,min,avg,median,count
0,0.38232534851956806,0.023826063726817257,0.23583446100763328,0.3180445914277333,32
1,0.5865967006932653,0.30976189423820605,0.4637378383185985,0.4849099317712239,78
2,0.5016285669109576,0.14034555111317654,0.3278574827399619,0.39987765277743453,154
3,0.0,0.0,0.0,0.0,0
4,0.0,0.0,0.0,0.0,0
