,max,min,avg,median,count
0,0.6631566463205759,0.2675449158832563,0.43267232030234465,0.35139809630225316,56
1,0.625053486281261,0.09502546364763272,0.37790790064912266,0.384429221926259,92
2,0.7419345414223424,0.1866929315182738,0.510584359045817,0.5165701728542318,228
3,0.739493425825908,0.1832508351319551,0.4986520675611817,0.5524305803148345,10
4,0.0,0.0,0.0,0.0,0
