,max,min,avg,median,count
0,0.4571485635316005,0.040961884694850896,0.2718008533410391,0.2765258512980632,42
1,0.7897455430747479,0.06746688574285237,0.41420739180570687,0.29633358874330795,147
2,0.6036082762170382,0.06818180877498861,0.33500163446513004,0.3133792867820076,77
3,0.5216056260128402,0.5216056260128402,0.5216056260128402,0.5216056260128402,1
4,0.0,0.0,0.0,0.0,0
