,max,min,avg,median,count
0,0.5889299947816755,0.04135529360047057,0.3019997659269208,0.27888215221718754,53
1,0.5258390671645312,0.0055608094203572515,0.2670178125943504,0.27604177691537446,111
2,0.1631797996700774,0.02341395607629294,0.08209711339933462,0.07616825991073445,251
3,0.0,0.0,0.0,0.0,0
4,0.0,0.0,0.0,0.0,0
