,max,min,avg,median,count
0,0.6004174909112308,0.011059386359132744,0.3907585356061271,0.43340259272889553,34
1,0.7093847152669681,0.13723732687087947,0.4702910934154369,0.6394189131738099,81
2,0.7706383902064127,0.28593261144955795,0.5701138275288821,0.6328503466890947,162
3,0.0,0.0,0.0,0.0,0
4,0.0,0.0,0.0,0.0,0
