,max,min,avg,median,count
0,0.6971171521617775,0.3199574753839656,0.5118753571470425,0.5353512040559959,26
1,0.63565947543544,0.07499332117571082,0.4335505281106302,0.5402181290086898,89
2,0.6756093560064519,0.4596535455650127,0.5891519684593491,0.6084218321914943,150
3,0.0,0.0,0.0,0.0,0
4,0.0,0.0,0.0,0.0,0
