,max,min,avg,median,count
0,0.7181560497852002,0.1761877746568115,0.4814555212934854,0.44456181502884423,25
1,0.5852206302376519,0.13469199626022185,0.31580646263130935,0.29964883407686316,100
2,0.5025118646227174,0.043500041859240175,0.22958273350301134,0.14538398362387894,131
3,0.0,0.0,0.0,0.0,0
4,0.0,0.0,0.0,0.0,0
