,max,min,avg,median,count
0,0.8715446015343103,0.09725673907132262,0.49948418167069175,0.49024835571582986,38
1,0.5615243585598368,0.14571924431057512,0.34741816735209935,0.36566207509213094,197
2,0.7752887267407439,0.0524179100580335,0.37975344484784757,0.40461230940816856,26
3,0.0,0.0,0.0,0.0,0
4,0.0,0.0,0.0,0.0,0
