,max,min,avg,median,count
0,0.7025469102249072,0.10948160937581904,0.5306584389840738,0.6136412834105975,41
1,0.7298783313655718,0.6182721282988674,0.6673713113470122,0.6669742568223513,70
2,0.8091758207953733,0.17066195537124096,0.4772387221651437,0.43667724287694387,149
3,0.7566665906874117,0.12441281047636056,0.48724771888476964,0.5806637554905367,3
4,0.0,0.0,0.0,0.0,0
