,max,min,avg,median,count
0,0.8015710453544113,0.4571943149441902,0.6326913675994013,0.6136869673218344,36
1,0.7511739274015403,0.1341088074451805,0.5761142804734846,0.6491624373340621,95
2,0.8328542934086237,0.20240081391656742,0.5273611398711807,0.46747689146259797,190
3,0.0,0.0,0.0,0.0,0
4,0.0,0.0,0.0,0.0,0
