,max,min,avg,median,count
0,0.5572875258947162,0.14699305975818183,0.35050408721962284,0.3543188193885735,29
1,0.7015054808246924,0.2847959578971074,0.4696962324251116,0.4558757234177855,132
2,0.8334818389645726,0.056407587469106166,0.3899613158306313,0.4568838461185951,113
3,0.0,0.0,0.0,0.0,0
4,0.0,0.0,0.0,0.0,0
