,max,min,avg,median,count
0,0.23680905453280973,0.04775439743940665,0.15971342942485042,0.1968353337583604,39
1,0.4223110105681217,0.1033417063452346,0.21781621114899985,0.21773656917975992,73
2,0.07055229618083451,0.007883902588433264,0.04024191813069243,0.04083500213830078,160
3,0.0,0.0,0.0,0.0,0
4,0.0,0.0,0.0,0.0,0
