,max,min,avg,median,count
0,0.724219369659119,0.5033950891047377,0.6241736442255904,0.6475119649484238,50
1,0.7009062568459914,0.14828227860819385,0.4832007776387887,0.5268324567974723,141
2,0.6847726039319737,0.03177141326451528,0.3383108517290016,0.24523380354637475,176
3,0.0,0.0,0.0,0.0,0
4,0.0,0.0,0.0,0.0,0
