,max,min,avg,median,count
0,0.6580457635087088,0.16741207867828026,0.29676277438714227,0.23093997557355858,31
1,0.38259699968645267,0.04736662708128131,0.24618128395624636,0.2549515495360078,115
2,0.40897233064482064,0.08863699446738718,0.2613901239012109,0.2248331510677104,135
3,0.0,0.0,0.0,0.0,0
4,0.0,0.0,0.0,0.0,0
