,max,min,avg,median,count
0,0.6836650267286972,0.1451811672451154,0.44555717024794816,0.4684099121907755,45
1,0.8512545345875759,0.5495325824317016,0.6933070361387301,0.6360345109480922,113
2,0.7930598212530393,0.1953252948331673,0.5659467737271906,0.6592780821390467,183
3,0.0,0.0,0.0,0.0,0
4,0.0,0.0,0.0,0.0,0
