,max,min,avg,median,count
0,0.818127814545283,0.2097689022519008,0.6106724668737843,0.7709759797151581,30
1,0.6805248495511373,0.4078333168796583,0.5229530318082564,0.5318632376353585,95
2,0.8825261030841309,0.6382358044632098,0.7602479344799823,0.7717517467174413,138
3,0.0,0.0,0.0,0.0,0
4,0.0,0.0,0.0,0.0,0
