,max,min,avg,median,count
0,0.9179725510250516,0.2623643401137198,0.6198860846903269,0.6455749082456489,27
1,0.5711665575338125,0.03547464927243349,0.3973823256544196,0.5222921543676936,127
2,0.4390477017290004,0.014377552847014268,0.21952319189403205,0.230609617703947,134
3,0.0,0.0,0.0,0.0,0
4,0.0,0.0,0.0,0.0,0
