,max,min,avg,median,count
0,0.4884237067620604,0.27812334251485926,0.4106595515838559,0.43640823069266604,41
1,0.6336173108802647,0.261357341268784,0.42849981892834527,0.43023587308944206,119
2,0.6706982476268196,0.1805197877674046,0.5000662079820903,0.620500501773722,100
3,0.0,0.0,0.0,0.0,0
4,0.0,0.0,0.0,0.0,0
