,max,min,avg,median,count
0,0.4515291631702501,0.05072284558037723,0.22070456621338122,0.24636031617391285,23
1,0.6952613836827655,0.0417315471127118,0.40187839524871033,0.46702902506479543,68
2,0.6189745809491252,0.1681468958737365,0.3632312352915029,0.38212117798860007,168
3,0.7371351598696544,0.7371351598696544,0.7371351598696544,0.7371351598696544,1
4,0.0,0.0,0.0,0.0,0
