,max,min,avg,median,count
0,0.7018979615245565,0.017598550315817158,0.30509424185293554,0.13233950699864114,52
1,0.6336647244421939,0.06408980338603625,0.46735405616436754,0.598637135187288,114
2,0.7422903802245137,0.3415427217019225,0.5753047597382356,0.595869440225498,198
3,0.0,0.0,0.0,0.0,0
4,0.0,0.0,0.0,0.0,0
