,max,min,avg,median,count
0,0.164590214443227,0.024212039547865164,0.08449786738829305,0.06883941254527859,29
1,0.1308221695138565,0.012352083674199535,0.06946861979745869,0.07491989025714453,52
2,0.14402599181533404,0.0023270280092034636,0.08459337981051225,0.09796582827353127,209
3,0.0,0.0,0.0,0.0,0
4,0.0,0.0,0.0,0.0,0
