,max,min,avg,median,count
0,0.5890743342135132,0.01663248051495446,0.2932651836121448,0.2187459399133948,39
1,0.49710822098741514,0.0503341436850283,0.296144966860863,0.27261216531088583,70
2,0.4614376816960004,0.015462289702350654,0.18526949167207732,0.15255041243248132,151
3,0.4546125784464508,0.21554552255270926,0.33507905049958003,0.33507905049958003,2
4,0.0,0.0,0.0,0.0,0
