,max,min,avg,median,count
0,0.8117269566921634,0.5760491424386592,0.6588743611830974,0.628536818744662,27
1,0.684989010374732,0.11743465306637221,0.4568212415571695,0.4812950333097349,79
2,0.6771971250255343,0.03331586207788938,0.5086784473066277,0.6289857394071078,152
3,0.0,0.0,0.0,0.0,0
4,0.0,0.0,0.0,0.0,0
