,max,min,avg,median,count
0,0.9093182345397761,0.06978752627761584,0.5298235642875074,0.6299187667101797,29
1,0.8598563309205225,0.34383942644019505,0.6308123837687942,0.6436394001371825,76
2,0.888957766552061,0.06572898233909306,0.41421007777497587,0.3150530938507237,155
3,0.0,0.0,0.0,0.0,0
4,0.0,0.0,0.0,0.0,0
