,max,min,avg,median,count
0,0.4178813475296065,0.06484591829435798,0.20231099807453928,0.10972344059875358,33
1,0.49268695820087716,0.04877800143035705,0.3321794837025574,0.39916016730644194,142
2,0.38985577221366674,0.14045673632070196,0.3015235355170083,0.33652462842605085,133
3,0.0,0.0,0.0,0.0,0
4,0.0,0.0,0.0,0.0,0
