,max,min,avg,median,count
0,0.8695852941462612,0.11351595062498743,0.4256596724986033,0.3359844922173257,35
1,0.6368805517830576,0.19805547728494421,0.3847390965395026,0.3518826490617055,100
2,0.7511327515680921,0.15302374980907013,0.5009319471742557,0.5178870629165541,121
3,0.0,0.0,0.0,0.0,0
4,0.0,0.0,0.0,0.0,0
