,max,min,avg,median,count
0,0.7183985306567803,0.20620021558798302,0.47278620008724337,0.47436108761739987,55
1,0.8292981127315545,0.11704290602149606,0.5727931293212007,0.5702894932383131,89
2,0.8845732896106056,0.5357794031648853,0.7471476855769714,0.8674409642292494,222
3,0.9161759197566683,0.25099973567942324,0.6595692483730636,0.7640163745966314,9
4,0.0,0.0,0.0,0.0,0
