,max,min,avg,median,count
0,0.582202478994762,0.06869991147848882,0.43955375478936726,0.5240984664575569,33
1,0.6437651082213256,0.1010399718637898,0.35727231778090524,0.2461902743972194,135
2,0.6967156807191721,0.12027750568019566,0.40492439732113494,0.40736252586173155,132
3,0.1375779062715047,0.1375779062715047,0.1375779062715047,0.1375779062715047,1
4,0.0,0.0,0.0,0.0,0
