,max,min,avg,median,count
0,0.6408288003011992,0.08791954131035783,0.3995014092624973,0.45731016471126745,19
1,0.2977932593376371,0.015292393379380494,0.16454436132547298,0.19840217898563625,166
2,0.8050692827219589,0.04902723556243944,0.3355763962838176,0.2747367519916662,74
3,0.5484018970626914,0.5484018970626914,0.5484018970626914,0.5484018970626914,1
4,0.0,0.0,0.0,0.0,0
