,max,min,avg,median,count
0,0.27819689363246264,0.10092532620898143,0.18007595166333878,0.18787325393382467,32
1,0.8137731943760736,0.015310536270166281,0.43977974698300815,0.3709609080734413,126
2,0.7736809873902376,0.13785033326391619,0.5375417135284153,0.5759119454545754,101
3,0.0,0.0,0.0,0.0,0
4,0.0,0.0,0.0,0.0,0
