,max,min,avg,median,count
0,0.6430925589711963,0.21508714382980293,0.40189495930417574,0.31646207791466546,49
1,0.7289200186922846,0.2918325402382211,0.5762553845679241,0.6362404125988171,141
2,0.45558182405097525,0.3734177802525801,0.42649538860037517,0.4330183170117485,120
3,0.0,0.0,0.0,0.0,0
4,0.0,0.0,0.0,0.0,0
