,max,min,avg,median,count
0,0.7163979374002816,0.29107597110155686,0.5311179064654175,0.6191194481331355,11
1,0.4428865412858013,0.09793986569141563,0.30624161312179476,0.39779520568611176,22
2,0.29655940792149066,0.030197535532156646,0.14687802440107303,0.07267680754879681,294
3,0.7883817102984294,0.0476068481610304,0.503141937472715,0.6458412368119162,67
4,0.0,0.0,0.0,0.0,0
