,max,min,avg,median,count
0,0.9387747776974953,0.256014155540166,0.7201698787294424,0.8672281010109009,31
1,0.8628219747892995,0.5345037695615716,0.7185854450989233,0.7639541116100382,85
2,0.9270927559235954,0.05773592785913475,0.6791436487231288,0.8393145774221968,167
3,0.7618533047212428,0.22606908017628044,0.49396119244876163,0.49396119244876163,2
4,0.0,0.0,0.0,0.0,0
