,max,min,avg,median,count
0,0.8100881893456302,0.2562445322074332,0.5963255560052059,0.7306683520009384,26
1,0.7170611966758599,0.12222146194740285,0.48412665843059804,0.5383377057364697,93
2,0.5852345772609259,0.24441589704603284,0.407963361907605,0.42073980162497765,139
3,0.0,0.0,0.0,0.0,0
4,0.0,0.0,0.0,0.0,0
