,max,min,avg,median,count
0,0.5178676336197388,0.3722291603518872,0.4653941279203053,0.4704505448939421,28
1,0.5240017290421026,0.16856798437781956,0.40286714175717514,0.42058658651552,80
2,0.5215047260491839,0.1898629687113581,0.4021779253140991,0.45109192033496276,172
3,0.0,0.0,0.0,0.0,0
4,0.0,0.0,0.0,0.0,0
