,max,min,avg,median,count
0,0.6832117693995023,0.172420852521559,0.45639189586969414,0.47865664057007784,39
1,0.8499503168565641,0.16297272358339993,0.5707873258764755,0.6170985122228981,74
2,0.819556781919864,0.36945109046838076,0.6204120503458681,0.6867304285601877,182
3,0.0,0.0,0.0,0.0,0
4,0.0,0.0,0.0,0.0,0
