,max,min,avg,median,count
0,0.8958216133332483,0.025933834064894943,0.626766088656276,0.7844068620429264,43
1,0.8898851924404466,0.7201038172758211,0.8277736095450937,0.8456386235558974,117
2,0.8725938045411253,0.1891322565397444,0.5450059686106965,0.6376825242278442,170
3,0.0,0.0,0.0,0.0,0
4,0.0,0.0,0.0,0.0,0
