,max,min,avg,median,count
0,0.8733391600683796,0.03451526487111338,0.4565101898603202,0.6237492294537539,24
1,0.8742188642301392,0.3075678761096716,0.6267110404960724,0.5682741972071352,144
2,0.7145077948282693,0.13761801897939152,0.40243956212825777,0.4605629785534275,92
3,0.0,0.0,0.0,0.0,0
4,0.0,0.0,0.0,0.0,0
