,max,min,avg,median,count
0,0.5508503288152284,0.1915066660026293,0.3844614166625838,0.36577140070360786,45
1,0.44704549372394,0.0032853132150200215,0.31002821151822946,0.3606973589632361,68
2,0.48761173373410205,0.27519543346599684,0.3646094760583492,0.36205085993820024,155
3,0.0,0.0,0.0,0.0,0
4,0.0,0.0,0.0,0.0,0
