,max,min,avg,median,count
0,0.765605026420486,0.4043930587565478,0.6097202534330125,0.562112248968154,32
1,0.7441173956719319,0.33943748571032695,0.6123715337167183,0.6504663924158154,63
2,0.8042861433570332,0.11601766978344152,0.5330002932284347,0.5819685041191056,194
3,0.0,0.0,0.0,0.0,0
4,0.0,0.0,0.0,0.0,0
