,max,min,avg,median,count
0,0.7041849301010153,0.14011131489891182,0.4604193982882763,0.6002455420554531,25
1,0.6248248084312267,0.07947992323748403,0.37384645792049465,0.3663330673972554,120
2,0.46408998847903093,0.16193927442363526,0.2716866722698518,0.22786831463452695,117
3,0.0,0.0,0.0,0.0,0
4,0.0,0.0,0.0,0.0,0
