,max,min,avg,median,count
0,0.5627401884377929,0.023520089261649096,0.27957715851766696,0.18403682671339702,40
1,0.8054108393406774,0.05106818143240597,0.4494436091656038,0.47142491373792067,149
2,0.4146980010135194,0.06439234775612601,0.23150284388552023,0.24154249291485866,82
3,0.0,0.0,0.0,0.0,0
4,0.0,0.0,0.0,0.0,0
