,max,min,avg,median,count
0,0.34921555086310957,0.09399927979113436,0.20342347347119852,0.1891103386511673,24
1,0.16995319511068874,0.133382735042095,0.14441174775485374,0.1405859632245888,119
2,0.3545980021249386,0.15605523091481266,0.23806583714908097,0.20825519347941251,138
3,0.0,0.0,0.0,0.0,0
4,0.0,0.0,0.0,0.0,0
