,max,min,avg,median,count
0,0.6506224040333338,0.16390940398949538,0.3150535672705729,0.21864611452212698,46
1,0.5929258008787506,0.21635274107415672,0.44962484479400205,0.4713824413893916,148
2,0.614696938955272,0.015577290152300556,0.3572197465423331,0.5009678669980678,76
3,0.0,0.0,0.0,0.0,0
4,0.0,0.0,0.0,0.0,0
