,max,min,avg,median,count
0,0.8493406859234232,0.4993535889943925,0.7130370649630817,0.7104419322752442,8
1,0.8853394439082691,0.1929832522457791,0.6817372623157143,0.7658936180974798,56
2,0.7570681976937269,0.11771288388320295,0.5237786381844224,0.6258779887284155,263
3,0.6366930931301509,0.17283952020453824,0.4174256038331233,0.4880122716165982,38
4,0.0,0.0,0.0,0.0,0
