,max,min,avg,median,count
0,0.8836171389062075,0.0589762419362717,0.5619986645742968,0.7098423991508362,37
1,0.8711901789070238,0.32274449543047556,0.6569557413476366,0.6611058506653782,95
2,0.8159557033710072,0.08496056043470972,0.49157420836540916,0.5878546104219825,157
3,0.0,0.0,0.0,0.0,0
4,0.0,0.0,0.0,0.0,0
