,max,min,avg,median,count
0,0.44561014609542343,0.016680333969175634,0.2513628407873862,0.27113994999151236,11
1,0.6051516726652789,0.12301005387602412,0.34293253642126864,0.2904876196680759,53
2,0.4531220892568425,0.031893658613460024,0.24859152758477485,0.23376265410181274,243
3,0.0,0.0,0.0,0.0,0
4,0.0,0.0,0.0,0.0,0
