,max,min,avg,median,count
0,0.33378682153548084,0.10136284750855637,0.21356635080019082,0.22235504041859802,9
1,0.26051714065909737,0.14414513368106255,0.20628112240758734,0.2182625106431447,88
2,0.758506532488148,0.11627676423345755,0.38331623389596076,0.4181992076166759,205
3,0.0,0.0,0.0,0.0,0
4,0.0,0.0,0.0,0.0,0
