,max,min,avg,median,count
0,0.6276899110924226,0.03860264768190221,0.3333565444438791,0.40420033328723975,40
1,0.8535332599592528,0.27568067839855376,0.5101616110072462,0.4548628107502064,111
2,0.6472797666106992,0.07434860798483264,0.2821319855050358,0.13944499610297673,107
3,0.0,0.0,0.0,0.0,0
4,0.0,0.0,0.0,0.0,0
