,max,min,avg,median,count
0,0.6440852529528341,0.06726858680464638,0.346561201074411,0.3044052733189982,20
1,0.6651403159327378,0.2728988754501038,0.5073869699577349,0.5144438865844655,67
2,0.6405898255989038,0.041472458602951505,0.21121171083049206,0.12630063938284836,175
3,0.0,0.0,0.0,0.0,0
4,0.0,0.0,0.0,0.0,0
