,max,min,avg,median,count
0,0.7845223368695394,0.1603610065827725,0.5326201616702317,0.606888062870699,26
1,0.6195171736665027,0.10873860752951296,0.3364941793807795,0.3622108523694718,63
2,0.8326423951045163,0.012125521326286524,0.4140980939097421,0.3660882165864856,171
3,0.0,0.0,0.0,0.0,0
4,0.0,0.0,0.0,0.0,0
