,max,min,avg,median,count
0,0.8748905694461809,0.5212652491549273,0.7423482629207453,0.799641471830919,49
1,0.9675527995684882,0.7234835967302042,0.8126804925613484,0.7243592851883269,100
2,0.9351118549258529,0.043270646068717236,0.6854345293753765,0.8710489150237067,177
3,0.8484816879263936,0.49156038600703833,0.6592897402560534,0.6485584435453906,4
4,0.0,0.0,0.0,0.0,0
