,max,min,avg,median,count
0,0.6838636148467487,0.1165040577354106,0.4840072726840227,0.5237746900903761,35
1,0.8979859714090999,0.5837805977650657,0.7855883462614089,0.8186409511414603,66
2,0.8496843181965995,0.11641194829578934,0.5904864471435183,0.6196324208611532,155
3,0.0,0.0,0.0,0.0,0
4,0.0,0.0,0.0,0.0,0
