,max,min,avg,median,count
0,0.5439226707526821,0.12584103905119165,0.26869882427823866,0.26560238596420327,42
1,0.6757173284009145,0.21084435547876051,0.46307291800072947,0.5274950756817945,141
2,0.588085319461651,0.029697317360929516,0.32267081058551506,0.26508214638051036,92
3,0.0,0.0,0.0,0.0,0
4,0.0,0.0,0.0,0.0,0
