,max,min,avg,median,count
0,0.677895572492734,0.23476461362882736,0.4554645386084085,0.48618696380184473,34
1,0.7355228248808672,0.29155769855171526,0.5193887003576464,0.48893078486768715,84
2,0.6938726573802924,0.08855014698953927,0.422925278608154,0.46536765031285093,164
3,0.0,0.0,0.0,0.0,0
4,0.0,0.0,0.0,0.0,0
