,max,min,avg,median,count
0,0.824872003004614,0.06776841002261205,0.6231890459078405,0.757677109963542,44
1,0.7893106532146995,0.4782737516675376,0.6460800727886273,0.6505444186698132,105
2,0.7424183614492873,0.07233882985894675,0.4870422446744924,0.5913896953649472,340
3,0.0,0.0,0.0,0.0,0
4,0.0,0.0,0.0,0.0,0
