,max,min,avg,median,count
0,0.6253717367936982,0.08691082981997258,0.32646406813412276,0.3644528442066678,31
1,0.3596201451867045,0.05915309950021049,0.1961696180339207,0.1685787794391075,103
2,0.4342043352144504,0.14310024500949126,0.28796507934617754,0.27117924389965514,129
3,0.0,0.0,0.0,0.0,0
4,0.0,0.0,0.0,0.0,0
