,max,min,avg,median,count
0,0.8199689131376491,0.10565852201099526,0.5918621593847448,0.7399726885954885,46
1,0.6989869546420119,0.3307955610169164,0.443254742729993,0.38403623970669193,102
2,0.5318381958990568,0.3822367010866024,0.46315181596347577,0.46349464652886413,207
3,0.0,0.0,0.0,0.0,0
4,0.0,0.0,0.0,0.0,0
