,max,min,avg,median,count
0,0.5695730029555404,0.21699927484470802,0.39500021287104725,0.4506365867526803,36
1,0.46148301281264725,0.03472463191679812,0.34580552780535767,0.4287905335246099,165
2,0.5970386730219888,0.1697318376700464,0.4165307550178804,0.549407029116541,77
3,0.0,0.0,0.0,0.0,0
4,0.0,0.0,0.0,0.0,0
