,max,min,avg,median,count
0,0.6837903418852713,0.03243888623710403,0.39376346496848386,0.42242268527052845,25
1,0.6456232915657095,0.07617593337960758,0.32344406610652165,0.2967334869229178,85
2,0.5845245489114304,0.09138625924151175,0.2913086506896564,0.3181697160151909,146
3,0.0,0.0,0.0,0.0,0
4,0.0,0.0,0.0,0.0,0
