,max,min,avg,median,count
0,0.18695379245131155,0.011950680530176715,0.12457567673111272,0.16100496713665,11
1,0.14935179747721422,0.03842989060115727,0.07450246253209736,0.05135668389725986,76
2,0.33371142502590245,0.08755041902432993,0.16811269230869783,0.1508702967721384,194
3,0.0,0.0,0.0,0.0,0
4,0.0,0.0,0.0,0.0,0
