,max,min,avg,median,count
0,0.47704921808874834,0.09122372934023856,0.2981113831259637,0.31759676360710154,48
1,0.29709779018269783,0.06513022743501835,0.16816767751892123,0.13165422513391326,153
2,0.42756490715213374,0.046438755853294635,0.22639512013984214,0.21126063006975854,96
3,0.0,0.0,0.0,0.0,0
4,0.0,0.0,0.0,0.0,0
