,max,min,avg,median,count
0,0.5534717884965639,0.09961757823971137,0.3413885584754687,0.3485718723190737,24
1,0.6274394264501836,0.15862010791462294,0.45888734895173117,0.5277898364284531,182
2,0.6084603303234288,0.12336028280319906,0.36622900444254886,0.34943900592432564,74
3,0.43855335528437045,0.27059763107225415,0.3545754931783123,0.3545754931783123,2
4,0.0,0.0,0.0,0.0,0
