,max,min,avg,median,count
0,0.7716409948455322,0.03607255571695961,0.3953674494046576,0.375430254083564,36
1,0.7545278490928097,0.23486496986782118,0.5498350191826773,0.5908965033388338,160
2,0.6961394971032296,0.14249771655501672,0.3358298365441581,0.31731233925862357,61
3,0.0,0.0,0.0,0.0,0
4,0.0,0.0,0.0,0.0,0
