,max,min,avg,median,count
0,0.3653970200236859,0.09028673158700241,0.199678296383032,0.1410651669975504,20
1,0.8122982920454316,0.24755817666453486,0.5200372350506984,0.5336295350972614,113
2,0.6998106698400148,0.09687675813507131,0.4652702251707071,0.43486794423261516,132
3,0.0,0.0,0.0,0.0,0
4,0.0,0.0,0.0,0.0,0
