,max,min,avg,median,count
0,0.8648963189891479,0.40312561742691194,0.6062380833048447,0.5199024518587526,24
1,0.6138722068503487,0.0025831866285988335,0.2769325021059399,0.25326789103809416,49
2,0.8853809246622515,0.037443734370121974,0.45492742024008576,0.36974270156001865,184
3,0.8652092984076976,0.512850616136306,0.6890299572720018,0.6890299572720018,2
4,0.0,0.0,0.0,0.0,0
