,max,min,avg,median,count
0,0.7467755825511478,0.09032091528562955,0.45847116807750793,0.5637559575234419,58
1,0.7122714420660877,0.0076587592024934675,0.3050156173910769,0.21279432049129404,150
2,0.6643036697562485,0.02303932985881132,0.3450730563174707,0.31994592783543524,177
3,0.6319132703341005,0.07592264736863562,0.4031842930302505,0.45245062720913287,4
4,0.0,0.0,0.0,0.0,0
