,max,min,avg,median,count
0,0.4284228152928495,0.05108040216310058,0.24882021875324106,0.29236087242869463,57
1,0.6850448450956114,0.07400024494945233,0.38921547059677597,0.42855044042069146,129
2,0.7201237263940464,0.08669288255643814,0.25398746615604745,0.1805472191062207,198
3,0.7496133790375485,0.021752295152479055,0.4801715881760848,0.5646286071435429,8
4,0.0,0.0,0.0,0.0,0
