,max,min,avg,median,count
0,0.780075323497418,0.33217091641364344,0.5550335455502429,0.4802920666611637,40
1,0.8822988470532701,0.25432667754745286,0.4654470285185055,0.37172429649987865,101
2,0.8246146691968873,0.022973579815643748,0.3828702204220167,0.21150338863789006,118
3,0.37758413650634554,0.37758413650634554,0.37758413650634554,0.37758413650634554,1
4,0.0,0.0,0.0,0.0,0
