,max,min,avg,median,count
0,0.7541416828584093,0.19731609250165602,0.5462218161824566,0.5776928963213832,37
1,0.8721117287369364,0.11822479086178685,0.4743370292814074,0.5209404147664806,165
2,0.8160172304738946,0.0747498454942933,0.44295268047079184,0.3819391630691808,80
3,0.0,0.0,0.0,0.0,0
4,0.0,0.0,0.0,0.0,0
