,max,min,avg,median,count
0,0.6965142231138101,0.1818842306111711,0.3197333714688383,0.2046184114913949,32
1,0.6087419797053026,0.09238160101923404,0.2821776782864395,0.20761752632817418,101
2,0.8227169984167959,0.0990569016444253,0.4174730131222426,0.21915606527364648,151
3,0.0,0.0,0.0,0.0,0
4,0.0,0.0,0.0,0.0,0
