,max,min,avg,median,count
0,0.40712861298597997,0.05447956353886823,0.23471264657960025,0.22055506779367215,55
1,0.5619227673735295,0.09208930875274746,0.32443695378924875,0.2944561361624346,147
2,0.4069839724418426,0.06028538937206508,0.20253227475545837,0.1469486005478629,205
3,0.0,0.0,0.0,0.0,0
4,0.0,0.0,0.0,0.0,0
