,max,min,avg,median,count
0,0.788614155879213,0.15242802433453156,0.41845284468315674,0.3936399336051379,20
1,0.7672170991086255,0.07954039509217886,0.3811823390932396,0.3646301120800719,64
2,0.6837182731775325,0.08426491463296285,0.3251846881000655,0.1082487651297298,178
3,0.0,0.0,0.0,0.0,0
4,0.0,0.0,0.0,0.0,0
