,max,min,avg,median,count
0,0.9238134619688483,0.13297834147031862,0.6341264350216139,0.7148055298053544,31
1,0.5357884330048441,0.03969671537951922,0.24227690528977996,0.17850502594403977,160
2,0.36258595843511876,0.11816002595865888,0.2221875263762983,0.23772495168541202,67
3,0.0,0.0,0.0,0.0,0
4,0.0,0.0,0.0,0.0,0
