,max,min,avg,median,count
0,0.767361784648055,0.07935941119256237,0.466519494766096,0.4883812207932843,44
1,0.40465965829925216,0.0043055781956919436,0.15412855278494056,0.06178637014234544,146
2,0.7051204995388376,0.17559988253230374,0.46417770070436265,0.5439396036123032,68
3,0.0,0.0,0.0,0.0,0
4,0.0,0.0,0.0,0.0,0
