,max,min,avg,median,count
0,0.6309243874669264,0.003958842686449222,0.38210735082021763,0.4220221122437161,20
1,0.6152608230438541,0.2765532986655625,0.3916181645542761,0.37446939580306077,42
2,0.5968444385017996,0.2116181293587779,0.4029122309677128,0.4101566437618789,199
3,0.0,0.0,0.0,0.0,0
4,0.0,0.0,0.0,0.0,0
