,max,min,avg,median,count
0,0.5423656130875857,0.13180730627549664,0.35016693494176315,0.4178696546405756,9
1,0.49217633547686657,0.20871015235801446,0.3963053926634303,0.43712151829101603,10
2,0.5823783974163385,0.26920258826363574,0.4171520013537119,0.4125912708202014,237
3,0.0,0.0,0.0,0.0,0
4,0.0,0.0,0.0,0.0,0
