,max,min,avg,median,count
0,0.7662873283727173,0.10134680517138912,0.39185285426410543,0.18657689229175461,40
1,0.2628307200125009,0.015310536270166283,0.07737931948426152,0.03860799911294054,119
2,0.7879263534046566,0.05252306124825237,0.2898117028470705,0.17811691433638896,103
3,0.0,0.0,0.0,0.0,0
4,0.0,0.0,0.0,0.0,0
