,max,min,avg,median,count
0,0.6768838934310895,0.236103733086381,0.4359568211659046,0.42340451161731074,40
1,0.6069152079573813,0.2392493275519845,0.3771002708728415,0.35646346671869333,120
2,0.6205270638433961,0.1358775553361922,0.446146339796467,0.49234508267365956,101
3,0.0,0.0,0.0,0.0,0
4,0.0,0.0,0.0,0.0,0
