,max,min,avg,median,count
0,0.7545927218961394,0.056981735923661965,0.43111105469267913,0.48676550474534563,39
1,0.5571313085252039,0.26274067896155034,0.42816381515057367,0.4179420720621407,71
2,0.5890213886577975,0.11300162252793265,0.4033914065556375,0.4034979121396106,155
3,0.43281532730114053,0.32505116394613,0.3789332456236353,0.3789332456236353,2
4,0.0,0.0,0.0,0.0,0
