,max,min,avg,median,count
0,0.7348655106886063,0.16201678203754277,0.3849991611714024,0.20767289333917302,42
1,0.59277054698308,0.03435571788159136,0.41462957507765064,0.5065177513110205,95
2,0.39628114393503505,0.06776291278747051,0.24279199436399784,0.27395389787451563,118
3,0.32981850595687295,0.32981850595687295,0.32981850595687295,0.32981850595687295,1
4,0.0,0.0,0.0,0.0,0
