,max,min,avg,median,count
0,0.5040840906120904,0.25870437207318414,0.40671967945100346,0.4667398392525942,38
1,0.5419123919677991,0.21461903099404286,0.38937327469899197,0.43648233167890305,195
2,0.6196485494287793,0.10145909363089003,0.36145412876558825,0.31934313581245893,24
3,0.0,0.0,0.0,0.0,0
4,0.0,0.0,0.0,0.0,0
