,max,min,avg,median,count
0,0.7090009418557924,0.1233238502620373,0.4059902444739638,0.442504360536973,32
1,0.6060487242845917,0.020271037235443407,0.30491958842293576,0.2500147417232687,75
2,0.7886715928368978,0.061074723360793566,0.4750539930235993,0.67073072687418,291
3,0.0,0.0,0.0,0.0,0
4,0.0,0.0,0.0,0.0,0
