,max,min,avg,median,count
0,0.7471599142875628,0.03811853799816616,0.47167525492262746,0.505218159388676,33
1,0.5287558305477995,0.07631340133992151,0.29428200756435086,0.261357341268784,79
2,0.8224742375731973,0.04431722145098176,0.40313452936942307,0.3853586182054112,161
3,0.0,0.0,0.0,0.0,0
4,0.0,0.0,0.0,0.0,0
