,max,min,avg,median,count
0,0.7480760320583214,0.01099166968794115,0.44812929435012505,0.6590049431635704,29
1,0.6520098779945891,0.35829162605081494,0.5489141986556691,0.5699517138229132,133
2,0.7564060578505369,0.12043042813644605,0.5032894411631013,0.5213296881662108,95
3,0.0,0.0,0.0,0.0,0
4,0.0,0.0,0.0,0.0,0
