,max,min,avg,median,count
0,0.8097462520312817,0.4169047045596257,0.5903878705043019,0.5759553977821872,21
1,0.9173164451266517,0.16231801152713318,0.7194343189417308,0.8632999048125175,43
2,0.909960146160413,0.26348142280679376,0.6558534835627478,0.7712037221112887,199
3,0.0,0.0,0.0,0.0,0
4,0.0,0.0,0.0,0.0,0
