,max,min,avg,median,count
0,0.840531388400235,0.15964147155015446,0.6270412658399449,0.7433708917253697,28
1,0.5778928537904874,0.05918604837038466,0.3150196414903079,0.3291172030258436,166
2,0.8345881263094451,0.34329771545394644,0.5514249351236897,0.5159358094715171,62
3,0.0,0.0,0.0,0.0,0
4,0.0,0.0,0.0,0.0,0
