,max,min,avg,median,count
0,0.395479414453618,0.0780576427506583,0.2574287956047452,0.3276518549648226,40
1,0.6700995009022441,0.11120191399739812,0.35309119819181667,0.28723978663569805,82
2,0.4731209750268971,0.023382401887898144,0.27691142917499806,0.27850104967488293,133
3,0.1957489751114292,0.1957489751114292,0.1957489751114292,0.1957489751114292,1
4,0.0,0.0,0.0,0.0,0
