,max,min,avg,median,count
0,0.7932399649275236,0.4280600127187142,0.620231541133359,0.6213651496253775,48
1,0.7737013539435895,0.08995030386205534,0.48607199015634456,0.6707617044351493,103
2,0.8858739411987946,0.1744049278287148,0.5143165964052457,0.6091090153704575,214
3,0.0,0.0,0.0,0.0,0
4,0.0,0.0,0.0,0.0,0
