,max,min,avg,median,count
0,0.8158605623061037,0.2505949120667849,0.5961150269307796,0.60313736570948,44
1,0.9007741957839246,0.06332357774459611,0.5135226417845469,0.6621305830056575,92
2,0.9307397579500536,0.1557159920098267,0.7196702628374688,0.8463132617778134,131
3,0.0,0.0,0.0,0.0,0
4,0.0,0.0,0.0,0.0,0
