,max,min,avg,median,count
0,0.5519882956877813,0.09189467354553126,0.3280155696489796,0.3345011971838034,28
1,0.4777927503353909,0.2596925260715454,0.32547547371781016,0.28917902497009595,129
2,0.7010440809452608,0.11414555497984721,0.34047867093619344,0.24150120272246786,103
3,0.0,0.0,0.0,0.0,0
4,0.0,0.0,0.0,0.0,0
