,max,min,avg,median,count
0,0.3839820465870117,0.02648372419968486,0.2779607049707931,0.3736215225345468,33
1,0.5211154882335058,0.04906625640109243,0.2452150939020719,0.2243739930275302,64
2,0.546634950494847,0.16659387864737552,0.3277514861242312,0.2733580995510281,202
3,0.0,0.0,0.0,0.0,0
4,0.0,0.0,0.0,0.0,0
