,max,min,avg,median,count
0,0.6641076515155212,0.2263657768802369,0.4919388076504062,0.554984511729975,40
1,0.2759807255108064,0.018456375988883538,0.15184306990804428,0.13742871998987435,72
2,0.6339171389181238,0.02140315918485142,0.30262840469916175,0.26432076967249446,150
3,0.5983309839481208,0.05663854575924157,0.34745580887693467,0.38739789692344156,3
4,0.0,0.0,0.0,0.0,0
