,max,min,avg,median,count
0,0.2926258516420954,0.05807743407489869,0.18844359101143743,0.21129282543664238,21
1,0.6901544881851339,0.028446248730323066,0.3582374824183791,0.2580747753143976,113
2,0.5272509262055669,0.012873502150320843,0.32398499429839767,0.4930211290523917,124
3,0.0,0.0,0.0,0.0,0
4,0.0,0.0,0.0,0.0,0
