,max,min,avg,median,count
0,0.3720260783228965,0.01246471171272268,0.2679244664232791,0.32194598739104086,42
1,0.6703740747310674,0.09216961317135582,0.39940167399671667,0.42115666335112995,96
2,0.5018378941216094,0.10162016763523764,0.3458703325891107,0.4315745109211457,145
3,0.0,0.0,0.0,0.0,0
4,0.0,0.0,0.0,0.0,0
