,max,min,avg,median,count
0,0.3293253802410764,0.02356358259300557,0.21610514259509497,0.2894374354105375,44
1,0.6301140849913398,0.09645406896909524,0.4496989937164205,0.547944375673997,122
2,0.6054371292446854,0.11509793796446532,0.38430001290778937,0.3942484525481085,91
3,0.0,0.0,0.0,0.0,0
4,0.0,0.0,0.0,0.0,0
