,max,min,avg,median,count
0,0.9681894562719717,0.08339544191214415,0.5748219755510515,0.8267279716631193,29
1,0.8982281802802758,0.6106700524793522,0.7417338110987513,0.7423856568242684,57
2,0.9516802352915517,0.759102071228593,0.9058770062583561,0.9460270943324064,226
3,0.0,0.0,0.0,0.0,0
4,0.0,0.0,0.0,0.0,0
