,max,min,avg,median,count
0,0.6986090895002354,0.043196471326802995,0.4367492326398478,0.5101074529621693,30
1,0.854243370548756,0.6572807188990362,0.7223434305785988,0.675549076776341,81
2,0.8233200258367234,0.5918416606490777,0.7384857782897793,0.758475165352296,174
3,0.8161683875355863,0.18479682529609265,0.5004826064158394,0.5004826064158394,2
4,0.0,0.0,0.0,0.0,0
