,max,min,avg,median,count
0,0.8577151513149356,0.18459242641940346,0.6134108525667024,0.6349450123902085,40
1,0.8350674669213823,0.15426688840760844,0.5667494709578909,0.6506744948800068,108
2,0.8624694475530119,0.1657121229936526,0.5561650810757124,0.5240140938714005,114
3,0.5279817181721689,0.5279817181721689,0.5279817181721689,0.5279817181721689,1
4,0.0,0.0,0.0,0.0,0
