,max,min,avg,median,count
0,0.4312886213772061,0.18129218549481602,0.308260272579846,0.27418948813198835,30
1,0.21027070458532324,0.06720716126225894,0.11742426003859936,0.11388778336239862,137
2,0.3753911556528227,0.07266069997687519,0.247035011101901,0.23725231852445158,197
3,0.0,0.0,0.0,0.0,0
4,0.0,0.0,0.0,0.0,0
