,max,min,avg,median,count
0,0.6530955890164543,0.005339485921855768,0.3044602011799684,0.22091106335686747,15
1,0.5444756161331753,0.13433644742963274,0.38526964080991444,0.4009466994365481,16
2,0.5711975367685717,0.2522582033156842,0.3974775785402988,0.38797056729129975,349
3,0.0,0.0,0.0,0.0,0
4,0.0,0.0,0.0,0.0,0
