,max,min,avg,median,count
0,0.8231269166759803,0.08791954131035783,0.6375860017764973,0.7977708248650095,27
1,0.8703785750498758,0.16789450274092135,0.555086797464693,0.6989294224959605,112
2,0.8674843278457872,0.4284452230221969,0.6540504652396638,0.6238544252383426,115
3,0.6517774168328967,0.6035300743038732,0.6276537455683849,0.6276537455683849,2
4,0.0,0.0,0.0,0.0,0
