,max,min,avg,median,count
0,0.6291235968262561,0.16695223551039534,0.3741435158005907,0.3735179644612713,39
1,0.7142055444984208,0.2751805159191912,0.48795684316748983,0.4425665366797383,70
2,0.5301741498598906,0.3029583721972311,0.4320553972929703,0.4327591884581586,151
3,0.3843861459890486,0.09232709501709906,0.23835662050307382,0.23835662050307382,2
4,0.0,0.0,0.0,0.0,0
