,max,min,avg,median,count
0,0.5450774302334512,0.21216805173399517,0.3793718146628504,0.3966193534217746,49
1,0.31595541744276817,0.015682869574507922,0.1796268682326775,0.2508924767293564,117
2,0.6571949781874923,0.19285773853567487,0.3410825309020571,0.2870936553335974,198
3,0.0,0.0,0.0,0.0,0
4,0.0,0.0,0.0,0.0,0
