,max,min,avg,median,count
0,0.5200631646925941,0.04918453445750248,0.3286262089941193,0.401158218981533,27
1,0.8198166054207835,0.012340049483168213,0.4287495190419146,0.5778434752378587,84
2,0.6613721830138172,0.003462691406186336,0.2968181539444525,0.17771038157279748,148
3,0.0,0.0,0.0,0.0,0
4,0.0,0.0,0.0,0.0,0
