,max,min,avg,median,count
0,0.7874944570520612,0.5467873728536163,0.6521819474739102,0.6268906261841375,26
1,0.6478646910785966,0.12982764177804826,0.46059461968427867,0.5167969543100861,73
2,0.6709028895968568,0.2795621709045206,0.5127567762328427,0.5867450816417871,157
3,0.0,0.0,0.0,0.0,0
4,0.0,0.0,0.0,0.0,0
