,max,min,avg,median,count
0,0.8817111386265492,0.4596214566212406,0.6597158223302994,0.7346780092944176,30
1,0.8744932048914897,0.3649256238940961,0.612412567634544,0.5486116586640325,66
2,0.7676368691361004,0.027709460205415308,0.30620195715470816,0.21742105300753145,270
3,0.0,0.0,0.0,0.0,0
4,0.0,0.0,0.0,0.0,0
