,max,min,avg,median,count
0,0.7904240864916062,0.20449014208253335,0.6329812418198836,0.7606171380317794,37
1,0.8042687374841803,0.13704617298543614,0.4978878899480758,0.6161007660943819,101
2,0.7344130548226422,0.120512265595384,0.42383766832728503,0.45228359681273367,122
3,0.0,0.0,0.0,0.0,0
4,0.0,0.0,0.0,0.0,0
