,max,min,avg,median,count
0,0.42178777904992715,0.17910561741044526,0.28017543037108805,0.19759050617111362,14
1,0.5273187060218603,0.2295368209312656,0.37502122676679567,0.3812654791813596,41
2,0.5515510341160758,0.09055341512285996,0.3547404199018559,0.3998329780236903,283
3,0.5399024518820839,0.10499325495503183,0.2811509753745902,0.2803004072856826,5
4,0.0,0.0,0.0,0.0,0
