,max,min,avg,median,count
0,0.4553825197075774,0.03711349450935994,0.26581145797272443,0.26061558301151705,23
1,0.4620410884524293,0.0038591913720602464,0.3130963642942302,0.4006322650972251,125
2,0.4142917723833244,0.06181537669228127,0.2515911005157845,0.3037628723067708,129
3,0.0,0.0,0.0,0.0,0
4,0.0,0.0,0.0,0.0,0
