,max,min,avg,median,count
0,0.8279379615919943,0.3993266964385053,0.6468731343240717,0.7219225022182028,41
1,0.8742751238994139,0.2334509449230457,0.5655608748943786,0.7040573939912348,190
2,0.8482808785803806,0.03533663577305289,0.5136005139318491,0.5224373900105049,67
3,0.0,0.0,0.0,0.0,0
4,0.0,0.0,0.0,0.0,0
