,max,min,avg,median,count
0,0.45551633681136944,0.04448068662205214,0.22666673280733818,0.20330467550331502,32
1,0.2480645773206113,0.06009927195977325,0.1227349519553154,0.09272705440567165,111
2,0.2140146310864247,0.03581042094381487,0.13455533129991465,0.15727588240197135,122
3,0.0,0.0,0.0,0.0,0
4,0.0,0.0,0.0,0.0,0
