,max,min,avg,median,count
0,0.8078059244381341,0.04510744170772588,0.4790482461876023,0.4825559737920887,25
1,0.6337864883191182,0.10411594443665184,0.37749306915195674,0.375398745126974,92
2,0.6356910997290561,0.014659307596880979,0.3259025153113832,0.3268292037804635,151
3,0.0,0.0,0.0,0.0,0
4,0.0,0.0,0.0,0.0,0
