,max,min,avg,median,count
0,0.4439230730522958,0.019937133227634227,0.21624773525969396,0.24755971936498025,42
1,0.33847405554870497,0.05564964062904936,0.1846253501415826,0.17815855651956203,75
2,0.40291747566356406,0.015828437119862215,0.22646485091190344,0.20713480640394116,166
3,0.4576684025647691,0.20628502018071682,0.32561848958300293,0.31290204600352295,3
4,0.0,0.0,0.0,0.0,0
