,max,min,avg,median,count
0,0.7809250617660148,0.334180384574001,0.6002821251486928,0.6759814841423446,45
1,0.8173070329379823,0.22893714187421535,0.6040631523226934,0.5999609516959938,70
2,0.8918852017458684,0.02940829089612247,0.40029650393875665,0.35965780377068557,168
3,0.0,0.0,0.0,0.0,0
4,0.0,0.0,0.0,0.0,0
