,max,min,avg,median,count
0,0.29967346203221856,0.10176533645262738,0.19729475030012403,0.17984557546186145,35
1,0.7082351165415053,0.2948551555023215,0.4513491950976193,0.42306610126767397,66
2,0.41312030830529145,0.05745049885865713,0.2874945167322327,0.32706745777264823,158
3,0.0,0.0,0.0,0.0,0
4,0.0,0.0,0.0,0.0,0
