,max,min,avg,median,count
0,0.885933158747154,0.21714824370239583,0.7178764506297055,0.8272378276464749,22
1,0.8669097682857404,0.2523020620302653,0.6516627026350543,0.7806289579471929,127
2,0.8291655859344176,0.03392776497284869,0.4579275809869487,0.5579822761114719,120
3,0.0,0.0,0.0,0.0,0
4,0.0,0.0,0.0,0.0,0
