,max,min,avg,median,count
0,0.8208042266859351,0.5190929321132182,0.6172524877827082,0.5737918088227053,33
1,0.8253674507093536,0.03305302181552507,0.5462131370355433,0.7014189798640499,113
2,0.7871056481280834,0.656246934655544,0.702617878823035,0.6877721063486958,154
3,0.0,0.0,0.0,0.0,0
4,0.0,0.0,0.0,0.0,0
