,max,min,avg,median,count
0,0.686193490666784,0.12583783164140497,0.4119193408346888,0.48020809623447713,27
1,0.46620788078280556,0.32949128385530635,0.4120592215531011,0.42167047351462933,112
2,0.5669630995537632,0.26348142280679376,0.35919246881229594,0.3146660881161304,115
3,0.2261065719721955,0.13336188002193922,0.17973422599706734,0.17973422599706734,2
4,0.0,0.0,0.0,0.0,0
