,max,min,avg,median,count
0,0.5626447330194951,0.07045515735339983,0.41657546921835875,0.5211152220564025,33
1,0.4737727143495255,0.08982451148187769,0.2766610372123105,0.22089707438509673,137
2,0.5791528750254517,0.019837315833616875,0.23880346228234886,0.2553274735123882,118
3,0.0,0.0,0.0,0.0,0
4,0.0,0.0,0.0,0.0,0
