,max,min,avg,median,count
0,0.829836784802163,0.2225094408357037,0.5728977084369825,0.6277761055021058,20
1,0.7253047128894062,0.05688081111747807,0.3924618573221517,0.4201040626576208,63
2,0.6504358553611734,0.03200691966793309,0.4636956633396149,0.5001537078383522,173
3,0.0,0.0,0.0,0.0,0
4,0.0,0.0,0.0,0.0,0
