,max,min,avg,median,count
0,0.5264361100746635,0.035097087280087126,0.26992687598483317,0.3619375816650066,9
1,0.3031926545487656,0.09141569344694751,0.17085217067864716,0.11338790260867643,10
2,0.2858147403728204,0.006952109884320941,0.14109077206082943,0.11355517485551746,237
3,0.0,0.0,0.0,0.0,0
4,0.0,0.0,0.0,0.0,0
