,max,min,avg,median,count
0,0.8923550609018434,0.15884164079277746,0.5422851014827927,0.6944435410232044,22
1,0.8647890389472095,0.001805747792541491,0.3712518681584597,0.38443574164580474,50
2,0.9123535950993589,0.07676260687289532,0.6061281922206703,0.6933124292621253,189
3,0.7215193076865869,0.6273329033436464,0.6744261055151166,0.6744261055151166,2
4,0.0,0.0,0.0,0.0,0
