,max,min,avg,median,count
0,0.761880128790513,0.04087263409377269,0.42059678400601436,0.46817914207346956,52
1,0.4446403871911131,0.03593654208538,0.22111046541124119,0.18707839405655116,89
2,0.8485105296957896,0.15476515145089825,0.5434594137314477,0.7090718135193534,216
3,0.8675623575825763,0.3081831421728364,0.7050399182448572,0.821534116563204,8
4,0.0,0.0,0.0,0.0,0
