,max,min,avg,median,count
0,0.794975768766873,0.07141918206554086,0.41491550443203656,0.4686588786424371,35
1,0.8450945023646808,0.013745531211378096,0.41201358883848604,0.285743933401158,76
2,0.7708376525438825,0.6219900554369381,0.7214462085061879,0.7506730708109075,318
3,0.0,0.0,0.0,0.0,0
4,0.0,0.0,0.0,0.0,0
