,max,min,avg,median,count
0,0.6299387783968665,0.09242950022262619,0.3292640676071682,0.341279170301825,22
1,0.3553210104948456,0.023702643518119862,0.1990659502612215,0.24857537671381516,115
2,0.18104854704589424,0.010455618077855744,0.10703430273355621,0.15642316210076365,121
3,0.0,0.0,0.0,0.0,0
4,0.0,0.0,0.0,0.0,0
