,max,min,avg,median,count
0,0.46655697349239156,0.08923511052826516,0.305889961709867,0.4268079912084072,20
1,0.49341555560334627,0.13356340856927612,0.2658211348586678,0.2009093290225546,44
2,0.5013677151547365,0.00428542160068695,0.27592089063010866,0.3494581533202288,196
3,0.0,0.0,0.0,0.0,0
4,0.0,0.0,0.0,0.0,0
