,max,min,avg,median,count
0,0.896794864005054,0.013099454456130004,0.45481410018076174,0.5015946388231163,21
1,0.7689644380621247,0.0030483219657322885,0.3037785198241212,0.1497815003739632,50
2,0.7835806788469716,0.4646278660865931,0.6322162694257539,0.6339721169524715,186
3,0.6254674978880553,0.4896655134909166,0.557566505689486,0.557566505689486,2
4,0.0,0.0,0.0,0.0,0
