,max,min,avg,median,count
0,0.4805942200794344,0.05304539215208642,0.3669666129134962,0.446527310881782,40
1,0.6895355976215817,0.07605637890179509,0.40010241299536486,0.45347170868763437,123
2,0.8330133286172043,0.44616032378925047,0.6079709888498381,0.561985384288003,102
3,0.0,0.0,0.0,0.0,0
4,0.0,0.0,0.0,0.0,0
