,max,min,avg,median,count
0,0.9024137741773299,0.8095069968249093,0.8565217252347533,0.8646400738306653,31
1,0.9756021794585162,0.2219173360854967,0.6851301932260769,0.8499506964723507,75
2,0.9060255126439466,0.23750078797070637,0.5787654000599526,0.5757170286438671,267
3,0.0,0.0,0.0,0.0,0
4,0.0,0.0,0.0,0.0,0
