,max,min,avg,median,count
0,0.8580811798078726,0.31071502962086595,0.5632022753060929,0.44311617281234295,54
1,0.7908917012797864,0.15666235849938226,0.44682424104634755,0.4690931607397681,182
2,0.3088160462731324,0.02689577515401865,0.14559332749974518,0.08999513331686715,149
3,0.0,0.0,0.0,0.0,0
4,0.0,0.0,0.0,0.0,0
