,max,min,avg,median,count
0,0.8354618716862097,0.20345452569526462,0.4693380383288184,0.42159642590031343,23
1,0.7752167198053296,0.053870408941991105,0.515348309768294,0.6377226482000808,69
2,0.7786722923113999,0.24064485633454258,0.5591615690959342,0.6487852599894836,180
3,0.0,0.0,0.0,0.0,0
4,0.0,0.0,0.0,0.0,0
