,max,min,avg,median,count
0,0.6170296711876928,0.03141501624653983,0.42010360963643373,0.46343486125247585,30
1,0.63863950338728,0.10515374000596261,0.4037330955167474,0.4201593829788377,95
2,0.6169600558364023,0.04345756593127168,0.30704137913109747,0.36711846247008195,137
3,0.0,0.0,0.0,0.0,0
4,0.0,0.0,0.0,0.0,0
