,max,min,avg,median,count
0,0.7955186202210919,0.026177754135445742,0.45540378201744397,0.623749229453754,24
1,0.6443155210588133,0.02609221670470783,0.33663243361712347,0.25713825619843866,100
2,0.6789091719208274,0.23016324897563634,0.3872980157389857,0.2599048924622903,134
3,0.0,0.0,0.0,0.0,0
4,0.0,0.0,0.0,0.0,0
