,max,min,avg,median,count
0,0.6347480154010157,0.3238116711465787,0.44795492515748103,0.45476135393103606,37
1,0.5315345603896902,0.04728016196586707,0.2904927527365927,0.38253089307483823,109
2,0.49978247765046513,0.004808081174624518,0.30170347929364044,0.33745030940809184,111
3,0.0,0.0,0.0,0.0,0
4,0.0,0.0,0.0,0.0,0
