,max,min,avg,median,count
0,0.8653392635487818,0.2542040579340273,0.5325533318013544,0.47811667392125423,3
1,0.7022291838611345,0.08605640889753181,0.44206768312394384,0.6342105668063324,41
2,0.9262934331543746,0.3502182383458262,0.7070775801807985,0.7090988181986105,187
3,0.8970298724541591,0.37348557446648345,0.6699150710609275,0.7245896461637008,57
4,0.0,0.0,0.0,0.0,0
