,max,min,avg,median,count
0,0.665212420314868,0.07348095621264912,0.3160547086662141,0.2677729995742956,16
1,0.5927625617116948,0.06310063220390869,0.2621772595387752,0.16332557131144368,75
2,0.5460091088198983,0.05911857879828421,0.3173156560499358,0.36513744218881594,280
3,0.7943284201456862,0.022251377278329196,0.36225880540870115,0.41150092962304513,5
4,0.0,0.0,0.0,0.0,0
