,max,min,avg,median,count
0,0.7421405396236719,0.06543231277644584,0.48912290938435865,0.5823111524454102,25
1,0.7522241793606471,0.0007414527248390679,0.5003500982734491,0.5329937103685922,86
2,0.7385567580970885,0.020931478376011073,0.37143306548587346,0.21721183566776803,146
3,0.0,0.0,0.0,0.0,0
4,0.0,0.0,0.0,0.0,0
