,max,min,avg,median,count
0,0.49972927062774836,0.13235599063049425,0.2920549014129055,0.22823712711888422,10
1,0.47801410739092953,0.10244853906653072,0.3122855772717092,0.3023296938311441,106
2,0.3935900136369634,0.11546703630066034,0.2827414009759198,0.37947574124050654,142
3,0.0,0.0,0.0,0.0,0
4,0.0,0.0,0.0,0.0,0
