,max,min,avg,median,count
0,0.7567741317154659,0.11543040850403805,0.44242882243031556,0.45224835435123295,66
1,0.7733789793409546,0.41022181383962547,0.5924747163086679,0.5995314257868294,110
2,0.7965302000637087,0.42810391442273754,0.5763987639046338,0.5271760415874901,312
3,0.0,0.0,0.0,0.0,0
4,0.0,0.0,0.0,0.0,0
