,max,min,avg,median,count
0,0.5853108377854119,0.03807678958422837,0.3335436895622149,0.4355316996747152,43
1,0.713641106177356,0.26550176195315156,0.4720995240424795,0.41808206069439285,102
2,0.7813651432466897,0.16196137871522984,0.5485517832422342,0.6300773960629907,130
3,0.45192220596752675,0.45192220596752675,0.45192220596752675,0.45192220596752675,1
4,0.0,0.0,0.0,0.0,0
