,max,min,avg,median,count
0,0.5456258054768062,0.1410651669975504,0.24860020309061173,0.17712022319665505,21
1,0.855303098236835,0.00903457515744508,0.328340842024858,0.10941702207203986,115
2,0.6439822929443165,0.3677331518250213,0.4997287290304679,0.4637664559845342,123
3,0.0,0.0,0.0,0.0,0
4,0.0,0.0,0.0,0.0,0
