,max,min,avg,median,count
0,0.9302429653427158,0.49570963417786396,0.6796786040321245,0.613460392017056,21
1,0.7954214339729051,0.22062600147209838,0.6161972484899539,0.7187337262684155,64
2,0.8779730060621345,0.43922078660331904,0.7186577029970332,0.7397179287770516,175
3,0.0,0.0,0.0,0.0,0
4,0.0,0.0,0.0,0.0,0
