,max,min,avg,median,count
0,0.40920297451481336,0.09107578766425614,0.22469982965586893,0.1943182084592376,24
1,0.3345871850725454,0.06425214339350488,0.19340332065349974,0.1537702940741225,127
2,0.5332302127477209,0.05859762433185401,0.17277091035498487,0.0738913320005536,140
3,0.0,0.0,0.0,0.0,0
4,0.0,0.0,0.0,0.0,0
