,max,min,avg,median,count
0,0.7898774101859044,0.03709308948398977,0.43643676643067086,0.4224226852705285,26
1,0.8549465430325096,0.24323504380034083,0.6015465943513503,0.5708938321045511,85
2,0.6361983383029097,0.13699470457483487,0.4108192852845038,0.5405008961087218,153
3,0.0,0.0,0.0,0.0,0
4,0.0,0.0,0.0,0.0,0
