,max,min,avg,median,count
0,0.3929636347854314,0.012698726680484046,0.184025621051303,0.15411082015797786,27
1,0.32916357293670534,0.04078207759566518,0.19459374957891482,0.15645007770083796,99
2,0.42271706437354806,0.127272710221171,0.23285558524479014,0.18581948189600805,239
3,0.0,0.0,0.0,0.0,0
4,0.0,0.0,0.0,0.0,0
