,max,min,avg,median,count
0,0.7027323306761382,0.5426037367016892,0.6124687822549048,0.631553731203937,23
1,0.7511740070856273,0.4478552298799272,0.6001245155821355,0.6017907553715414,75
2,0.7093651869483378,0.48580274777741206,0.5985254962254721,0.5831494804179432,211
3,0.0,0.0,0.0,0.0,0
4,0.0,0.0,0.0,0.0,0
