,max,min,avg,median,count
0,0.8110033038099245,0.11761040255419491,0.586032116203391,0.6549431672349801,41
1,0.46241476495947226,0.05546154841826682,0.2918065753461269,0.28468436023254945,85
2,0.8577908150440346,0.027012060836746316,0.3806363372139723,0.31641512404028493,203
3,0.0,0.0,0.0,0.0,0
4,0.0,0.0,0.0,0.0,0
