,max,min,avg,median,count
0,0.6093806406693787,0.10289794364961387,0.3797631570176169,0.46806780414466853,33
1,0.6426691608438334,0.35825689400476074,0.4647854617828887,0.4454652570222895,117
2,0.5655317273348426,0.13896472471566998,0.3608206112883644,0.3578237932589141,115
3,0.0,0.0,0.0,0.0,0
4,0.0,0.0,0.0,0.0,0
