,max,min,avg,median,count
0,0.8603392858830822,0.023412108206389132,0.568914805102983,0.6075581936782009,22
1,0.8518254676529848,0.36166304415075423,0.6286942541287514,0.7109484995459936,60
2,0.5998927080766295,0.08000136975893231,0.3396275687156077,0.3155069621714815,176
3,0.0,0.0,0.0,0.0,0
4,0.0,0.0,0.0,0.0,0
