,max,min,avg,median,count
0,0.7980292316903611,0.11039599363137789,0.3552639691451943,0.31647152934067585,54
1,0.7484240743364702,0.05184577999399199,0.39657373448996297,0.3480931073536468,167
2,0.8395122483685648,0.1937437115185244,0.5316919622555666,0.6433716306206071,42
3,0.0,0.0,0.0,0.0,0
4,0.0,0.0,0.0,0.0,0
