,max,min,avg,median,count
0,0.4645257087560307,0.07114066831598183,0.24250672670785817,0.2331511968059796,42
1,0.6843851145197252,0.06535849656681005,0.3710720777676356,0.3597899369784597,66
2,0.807547379438012,0.10288745346203544,0.4672110114882514,0.49389021576637815,150
3,0.0,0.0,0.0,0.0,0
4,0.0,0.0,0.0,0.0,0
