,max,min,avg,median,count
0,0.7988234044725058,0.597857385733318,0.7515075913948327,0.7944954142959976,24
1,0.8940497769918978,0.5953134260766372,0.7621844622111111,0.7683371748854417,61
2,0.7433419359191364,0.4166045539737529,0.5265928340215202,0.4569464725742199,235
3,0.0,0.0,0.0,0.0,0
4,0.0,0.0,0.0,0.0,0
