,max,min,avg,median,count
0,0.21742457365187307,0.016074961129920566,0.1080823901491661,0.09249849549707388,24
1,0.23535048846962092,0.009477850449146386,0.15648927451475086,0.17090215909855366,52
2,0.21481085155382187,0.0714496976549985,0.17624265443948386,0.19208857646701755,221
3,0.3047372875539404,0.09689134840116045,0.1723076998018609,0.11529446345048179,3
4,0.0,0.0,0.0,0.0,0
