,max,min,avg,median,count
0,0.690062543146456,0.02586699764501034,0.3560090892980857,0.32849847648214675,29
1,0.6707356561818717,0.07785483577563447,0.40591146366228303,0.4324585272497169,77
2,0.6579618577266674,0.14201703014313624,0.49212393816158284,0.5821754749898119,175
3,0.0,0.0,0.0,0.0,0
4,0.0,0.0,0.0,0.0,0
