,max,min,avg,median,count
0,0.31350227807400416,0.1365713296858064,0.21586742161276778,0.23991301588284164,30
1,0.5242891361598112,0.08571381019952926,0.22315734727424022,0.09748698173044144,52
2,0.4190867703930777,0.10767270160591383,0.25750862070270075,0.2935496935197169,208
3,0.43751854180927996,0.1731430874096075,0.28796480358488585,0.25323278153577017,3
4,0.0,0.0,0.0,0.0,0
