,max,min,avg,median,count
0,0.6914608199258918,0.18748638877585425,0.4652093302358574,0.48192510808412664,29
1,0.7267236693108192,0.025865957864055968,0.3218810454242629,0.33225891544545627,77
2,0.4524961207578044,0.08620599629235125,0.28958016696044087,0.2705596734509868,166
3,0.0,0.0,0.0,0.0,0
4,0.0,0.0,0.0,0.0,0
