,max,min,avg,median,count
0,0.11722645587285302,0.03347857983170901,0.0927115379328145,0.11016068836546837,54
1,0.15133635658907368,0.000944437412014877,0.06212352492569825,0.03400200768864322,113
2,0.4933318627278373,0.016400378263882798,0.23930096497878836,0.2660211580153428,211
3,0.0,0.0,0.0,0.0,0
4,0.0,0.0,0.0,0.0,0
