,max,min,avg,median,count
0,0.8981048704361905,0.009242884361720093,0.4928370588819021,0.45471815992604625,22
1,0.8792022550587263,0.011027859727150518,0.439165292862232,0.3159853097196611,81
2,0.7660713269114446,0.018762867832502885,0.5880817782290394,0.7191786424943226,152
3,0.0,0.0,0.0,0.0,0
4,0.0,0.0,0.0,0.0,0
