,max,min,avg,median,count
0,0.9167941787707424,0.6781143777583019,0.7949901414175314,0.771042184648938,22
1,0.9144583761629101,0.11492826655112412,0.5576720628405767,0.5752486910724984,89
2,0.8639342121649781,0.026738064844556757,0.543396723777188,0.6105459910176305,160
3,0.0,0.0,0.0,0.0,0
4,0.0,0.0,0.0,0.0,0
