,max,min,avg,median,count
0,0.1493063333719857,0.13912421266115815,0.14421527301657194,0.14421527301657194,2
1,0.22519315004531024,0.008425709208755424,0.08831968679564682,0.07861437584122864,74
2,0.08291817284614,0.014906745303148443,0.043629824113177715,0.022366126341180886,155
3,0.2697957569832101,0.007956139762145282,0.13396125181529034,0.09371904999510346,34
4,0.0,0.0,0.0,0.0,0
