,max,min,avg,median,count
0,0.8858245898569167,0.18064561684572475,0.6595440621955279,0.7455401047306487,28
1,0.7612851328722947,0.3422031639969332,0.5204182221399984,0.45245579805487746,102
2,0.8074063556699067,0.4162606214914536,0.6644008470484086,0.693423392881495,129
3,0.0,0.0,0.0,0.0,0
4,0.0,0.0,0.0,0.0,0
