,max,min,avg,median,count
0,0.6401831911665655,0.2805647550174597,0.4787293529221124,0.4728475646776913,39
1,0.7809480985636205,0.6696515621260032,0.7297812349220857,0.747091723435748,102
2,0.875320817266221,0.04089262760501634,0.5723502463205167,0.6061923307542175,114
3,0.7621075173065144,0.3761116828166861,0.5691096000616003,0.5691096000616003,2
4,0.0,0.0,0.0,0.0,0
