,max,min,avg,median,count
0,0.9132755256557292,0.49541288285463453,0.7674007704515777,0.825274645974718,23
1,0.8600248828041042,0.24753353337251577,0.589110183318286,0.6123538705095354,90
2,0.8973337935339571,0.27654575841556134,0.6594789655126378,0.657782185912074,143
3,0.0,0.0,0.0,0.0,0
4,0.0,0.0,0.0,0.0,0
