,max,min,avg,median,count
0,0.8999672825452196,0.28972417118578586,0.6538316345493786,0.7499691772643275,47
1,0.9014823790149763,0.5076252924550839,0.717796491526031,0.7953711433624462,82
2,0.8537820204337955,0.3289016925645514,0.6214561988168343,0.7781861041200107,135
3,0.0,0.0,0.0,0.0,0
4,0.0,0.0,0.0,0.0,0
