,max,min,avg,median,count
0,0.5912326235355214,0.12539743582298266,0.36142628712849323,0.37623328025810737,35
1,0.48213056550232475,0.13955947332472712,0.29896070890397336,0.2625698111277093,117
2,0.507982568977613,0.0441476492866222,0.29130004760290473,0.28128821152512545,126
3,0.0,0.0,0.0,0.0,0
4,0.0,0.0,0.0,0.0,0
