,max,min,avg,median,count
0,0.8839944677638502,0.060163223122277766,0.6046462945933965,0.6878627087393887,27
1,0.7584039255202945,0.09011917571939036,0.4815109531983112,0.4691918385762546,143
2,0.6899691246237397,0.002472258249162118,0.24967628568612224,0.06797643842952857,88
3,0.0,0.0,0.0,0.0,0
4,0.0,0.0,0.0,0.0,0
