,max,min,avg,median,count
0,0.9150316352386935,0.1281717325305107,0.6450841518299548,0.8167233401227669,26
1,0.7009700196632949,0.04548886550512157,0.34792027038941065,0.3324291410995763,122
2,0.8803448127531128,0.4067060902223729,0.7511994621127023,0.8046507355379146,112
3,0.0,0.0,0.0,0.0,0
4,0.0,0.0,0.0,0.0,0
