,max,min,avg,median,count
0,0.9697712084884768,0.25197625326556644,0.7707035034871523,0.8796038534774576,34
1,0.8884580672682277,0.14282952302287585,0.33982850179230384,0.23508068724275755,214
2,0.9354698611072497,0.02362399506027194,0.4913907606992362,0.4684237945597703,9
3,0.0,0.0,0.0,0.0,0
4,0.0,0.0,0.0,0.0,0
