,max,min,avg,median,count
0,0.7883078571339552,0.5693877473001221,0.6507371506946168,0.6343750012152017,47
1,0.7426251731441621,0.4384243853649768,0.6105606886302658,0.6309334096061078,120
2,0.7153742895793392,0.47335327224282486,0.6266511617572519,0.6574336228374403,99
3,0.0,0.0,0.0,0.0,0
4,0.0,0.0,0.0,0.0,0
