,max,min,avg,median,count
0,0.5040088720135617,0.00850211373558459,0.27048281274229274,0.25276173427545845,6
1,0.25245921755231576,0.07818715637800228,0.16026827517984726,0.1719546342094619,31
2,0.28320702923730684,0.04267918272934392,0.20470767738012538,0.22697710282797387,227
3,0.37112750252132926,0.07289442847747192,0.22201096549940058,0.22201096549940058,2
4,0.0,0.0,0.0,0.0,0
