,max,min,avg,median,count
0,0.46184742140671586,0.004886667678774979,0.23254022374819278,0.12581918375703507,38
1,0.7600187210344469,0.0221764580528038,0.3001866907781029,0.11902230191983978,145
2,0.7736809873902376,0.11823668386891605,0.6066235703564358,0.7307892516086535,73
3,0.0,0.0,0.0,0.0,0
4,0.0,0.0,0.0,0.0,0
