,max,min,avg,median,count
0,0.6343750719521182,0.32424962761447246,0.5231139738624148,0.611503545368059,40
1,0.7126260743481726,0.3020385004950533,0.44103514215155715,0.39923035470821294,108
2,0.8283414188035645,0.16750995099382832,0.39961634556473313,0.2810914819737188,113
3,0.0,0.0,0.0,0.0,0
4,0.0,0.0,0.0,0.0,0
