,max,min,avg,median,count
0,0.6824859479331548,0.2715650883221915,0.5416525130861549,0.61961015717938,5
1,0.5826665042260676,0.09305269148760856,0.38556533458275244,0.49623943546090304,47
2,0.6781868191018597,0.21953127796650035,0.5266299840140035,0.6178045573681828,238
3,0.7382326941498827,0.1899904879073109,0.45484090046615233,0.4861483842520435,42
4,0.0,0.0,0.0,0.0,0
