,max,min,avg,median,count
0,0.8010014411763803,0.07948707727132803,0.455997173616684,0.46928007413516004,41
1,0.6656410820095495,0.028493265261432216,0.4523597658169134,0.5191644084517004,121
2,0.7549528901299363,0.018176842992215936,0.33112472922446506,0.18074323378371854,142
3,0.0,0.0,0.0,0.0,0
4,0.0,0.0,0.0,0.0,0
