,max,min,avg,median,count
0,0.5494385982820627,0.10666069345847322,0.31546469256702386,0.2383466330629404,35
1,0.6264357839526289,0.33803837574503737,0.44306984204563643,0.44195066359666,66
2,0.7450467625193442,0.07705446042338786,0.40225434286320727,0.3993337170580676,157
3,0.0,0.0,0.0,0.0,0
4,0.0,0.0,0.0,0.0,0
