,max,min,avg,median,count
0,0.4533443666008228,0.04360848993804184,0.259203224869622,0.2769206767836161,30
1,0.3686112818522569,0.020959275854005633,0.11583468920302442,0.0551066794441106,93
2,0.3123068718793399,0.027388681409130016,0.15023690368039908,0.1719330945022834,139
3,0.0,0.0,0.0,0.0,0
4,0.0,0.0,0.0,0.0,0
