,max,min,avg,median,count
0,0.7301022238257941,0.10412133737237055,0.5282803946107391,0.6078245434302664,39
1,0.8326285369820925,0.14263989517721276,0.5752667485441689,0.6697560463873719,153
2,0.8105648726801022,0.3298147174008839,0.5449801261921227,0.6064319194359913,120
3,0.0,0.0,0.0,0.0,0
4,0.0,0.0,0.0,0.0,0
