,max,min,avg,median,count
0,0.7490431560485714,0.01832687890800126,0.4872515161201384,0.5447684621852565,34
1,0.7641049262166939,0.10006674576016478,0.5638356371378148,0.6623676778890074,82
2,0.7639007814809502,0.06446312539872108,0.468377093638453,0.6233664610364279,163
3,0.0,0.0,0.0,0.0,0
4,0.0,0.0,0.0,0.0,0
