,max,min,avg,median,count
0,0.7480760320583214,0.20967157889999238,0.41409396451027536,0.3759374063756123,29
1,0.8372101940789932,0.1279562095827119,0.407074442770509,0.3758953848783735,86
2,0.7004630194451621,0.038392357194962874,0.33314239860074657,0.39542230515624827,143
3,0.0,0.0,0.0,0.0,0
4,0.0,0.0,0.0,0.0,0
