,max,min,avg,median,count
0,0.7429643031240379,0.2722456518163849,0.5460445906338779,0.6549933808729612,29
1,0.3053151028333681,0.12634294195155774,0.23452432840752513,0.2831246918978525,92
2,0.5554759514952377,0.09738069086434271,0.27397735196265205,0.17397424666467548,140
3,0.0,0.0,0.0,0.0,0
4,0.0,0.0,0.0,0.0,0
