,max,min,avg,median,count
0,0.7570534502016637,0.0037399872682208008,0.4152738226867281,0.5034406383652164,22
1,0.6348193743880912,0.10825261325586166,0.3244762462147176,0.17873667515790245,83
2,0.6586118301134269,0.1854528626049936,0.48642885837964067,0.5743905071432893,172
3,0.0,0.0,0.0,0.0,0
4,0.0,0.0,0.0,0.0,0
