,max,min,avg,median,count
0,0.17697384689160184,0.03942359793024305,0.09004010077319088,0.06288524074363698,29
1,0.2033723307725577,0.0074243577936515485,0.10547497683417115,0.09875306828560058,77
2,0.1988555128489037,0.0400400539137098,0.15190404488634474,0.17551556270735755,155
3,0.0,0.0,0.0,0.0,0
4,0.0,0.0,0.0,0.0,0
