,max,min,avg,median,count
0,0.8833040378573949,0.37428306087871044,0.6357994013056134,0.6510697478046993,45
1,0.8783128635254419,0.22024842973915867,0.6147582958365252,0.7332492853156718,75
2,0.823565936296545,0.18005792617062152,0.5423136066085275,0.701991657325521,145
3,0.0,0.0,0.0,0.0,0
4,0.0,0.0,0.0,0.0,0
