,max,min,avg,median,count
0,0.8450679696305644,0.32348820978581594,0.6096568925714058,0.6500412850579435,28
1,0.41223231044845077,0.03970611304144843,0.3006516904812556,0.3328007405783579,98
2,0.6613431421194788,0.3803843735595419,0.5098259057058144,0.5041850281651864,149
3,0.0,0.0,0.0,0.0,0
4,0.0,0.0,0.0,0.0,0
