,max,min,avg,median,count
0,0.6670582224050482,0.02656803522115226,0.361628088681364,0.4220326350650234,27
1,0.6388117506546743,0.11359349781329495,0.39166768121602413,0.3652762453782631,95
2,0.6877306556581122,0.09704508595335685,0.45035626549696667,0.6213572476967758,138
3,0.0,0.0,0.0,0.0,0
4,0.0,0.0,0.0,0.0,0
