,max,min,avg,median,count
0,0.7668882042008092,0.03922178237562237,0.46621080556652333,0.41102416191602875,37
1,0.8966660909580318,0.11049874948553685,0.6364929744821112,0.7252633883691397,87
2,0.895052646045291,0.0626456774493212,0.648836488427848,0.8076109156866956,145
3,0.0,0.0,0.0,0.0,0
4,0.0,0.0,0.0,0.0,0
