,max,min,avg,median,count
0,0.6740144935992675,0.19495295605687107,0.44170003116637924,0.456132643842999,3
1,0.7822488876325924,0.08958300131873534,0.5044974098932395,0.751882262966349,152
2,0.77577966349321,0.41529225191828517,0.6429564745950297,0.7311250340444713,105
3,0.737139996029814,0.19729658341873516,0.42459786173125524,0.2916920076699774,26
4,0.0,0.0,0.0,0.0,0
