,max,min,avg,median,count
0,0.9004738787123703,0.12284278470895536,0.4892989587682089,0.5289481607480994,44
1,0.7937410977942199,0.1579995154500139,0.49936018724233805,0.6352443090602402,193
2,0.8380478869479266,0.3901547540267205,0.6927642311873929,0.7511277524198376,25
3,0.0,0.0,0.0,0.0,0
4,0.0,0.0,0.0,0.0,0
