,max,min,avg,median,count
0,0.8150509556774831,0.08694418246178219,0.5956917934936231,0.6983623036732169,31
1,0.7822785796712238,0.09437961594120302,0.4169419758061566,0.2454887947618011,89
2,0.8202957293247801,0.17503566487803343,0.5619388079481242,0.643655415918812,157
3,0.0,0.0,0.0,0.0,0
4,0.0,0.0,0.0,0.0,0
