,max,min,avg,median,count
0,0.785447112675472,0.20209473032616984,0.5272861896316249,0.4573845706231923,48
1,0.8465028689488648,0.047221450434887825,0.4937508108632539,0.5085519284109031,170
2,0.7891876741635099,0.3715230850539588,0.5845410941016123,0.6526654005833618,43
3,0.0,0.0,0.0,0.0,0
4,0.0,0.0,0.0,0.0,0
