,max,min,avg,median,count
0,0.7255005517679126,0.15375688427548154,0.5025316586645819,0.593863216584768,45
1,0.8045986846817291,0.3845759162998986,0.6251416548603617,0.6170206759482996,105
2,0.6782346555041159,0.15233199704596828,0.3054661627339751,0.1924796151675903,138
3,0.7320142977437339,0.01107622597846443,0.3715452618610992,0.3715452618610992,2
4,0.0,0.0,0.0,0.0,0
