,max,min,avg,median,count
0,0.9180826130866114,0.2800796257486142,0.6424360717994404,0.7147365842471689,24
1,0.795475161516292,0.26237623801324805,0.6338175178859649,0.7109532532460482,122
2,0.8158200827170475,0.03341668829956141,0.5121485789374514,0.6441761292566435,114
3,0.0,0.0,0.0,0.0,0
4,0.0,0.0,0.0,0.0,0
