,max,min,avg,median,count
0,0.8155717603025125,0.10992580933583676,0.3172662238518183,0.23017962701607397,22
1,0.5294484732091858,0.0619358310610449,0.3212291896937545,0.3077134448533649,57
2,0.5241858221380749,0.11464982659475598,0.3933250735088948,0.46260775983923114,221
3,0.0,0.0,0.0,0.0,0
4,0.0,0.0,0.0,0.0,0
