,max,min,avg,median,count
0,0.8381617782639837,0.2560015903846961,0.5404370018131717,0.5167960239151413,26
1,0.861165735515542,0.16725738055440134,0.4415441094673721,0.445368754175889,93
2,0.22792747282337744,0.07657526122308253,0.16055190495321464,0.14732569895503062,139
3,0.0,0.0,0.0,0.0,0
4,0.0,0.0,0.0,0.0,0
