,max,min,avg,median,count
0,0.7354120661780233,0.05742747460630827,0.5461564680082084,0.7119326189186238,44
1,0.8785353047579845,0.09050751018313369,0.4955954770477593,0.4792275153914938,64
2,0.7809098576580581,0.10277175462494993,0.3691181210336357,0.21461231063212036,150
3,0.0,0.0,0.0,0.0,0
4,0.0,0.0,0.0,0.0,0
