,max,min,avg,median,count
0,0.8074335533128304,0.18447642691568528,0.4371542509817378,0.30385816010869343,9
1,0.9050177796844667,0.6911610884183478,0.7983698477096814,0.7805803980491176,10
2,0.38681997280271063,0.08216304424322485,0.2799937810528829,0.310945636906127,249
3,0.0,0.0,0.0,0.0,0
4,0.0,0.0,0.0,0.0,0
