,max,min,avg,median,count
0,0.6997213983142411,0.08906380463020631,0.4257126877080969,0.3500569379142773,26
1,0.8178019973783766,0.0918553765826485,0.4470854381929746,0.2828312270227329,156
2,0.7535655903880101,0.2540858286034458,0.5248904374732314,0.5875741499523276,76
3,0.0,0.0,0.0,0.0,0
4,0.0,0.0,0.0,0.0,0
