,max,min,avg,median,count
0,0.7440507576475249,0.01203731914113908,0.3315376805085799,0.3272973599861599,42
1,0.7600760738927711,0.26682942885288236,0.6010148008474605,0.6948736567784201,63
2,0.5303206335132625,0.156312314366933,0.2774095853208095,0.24857405573104935,152
3,0.0,0.0,0.0,0.0,0
4,0.0,0.0,0.0,0.0,0
