,max,min,avg,median,count
0,0.7167540600217754,0.03987805111331401,0.3493403757626651,0.20951298728028864,25
1,0.657741254359916,0.1257499731733219,0.4074906479958937,0.3177912157656993,111
2,0.7465641770286185,0.16855900208224675,0.4040520945857657,0.33356559973166594,114
3,0.0,0.0,0.0,0.0,0
4,0.0,0.0,0.0,0.0,0
