,max,min,avg,median,count
0,0.6576823903030802,0.32764096289684075,0.522919106937791,0.5583571398312704,51
1,0.848622790804762,0.47245218181183213,0.7474809356928661,0.8004528934269851,106
2,0.729863755018592,0.30574176435649375,0.5814815891802843,0.6225592568386341,135
3,0.0,0.0,0.0,0.0,0
4,0.0,0.0,0.0,0.0,0
