,max,min,avg,median,count
0,0.7102888176417993,0.11821268519801664,0.3069337683186946,0.25802514469719107,40
1,0.5103679996092559,0.09856530410319096,0.28870851131777464,0.2711126698354304,126
2,0.733069677261266,0.08265663315430573,0.28638173706106973,0.1470995328597706,145
3,0.0,0.0,0.0,0.0,0
4,0.0,0.0,0.0,0.0,0
