,max,min,avg,median,count
0,0.7039113344265236,0.33148796044902934,0.5657198031225958,0.621399046473191,35
1,0.6270557871482203,0.1709384004345755,0.4495945819183147,0.5941133061793872,106
2,0.7652378660405438,0.0311609532750049,0.4652795691963968,0.5536163139310758,131
3,0.0,0.0,0.0,0.0,0
4,0.0,0.0,0.0,0.0,0
