,max,min,avg,median,count
0,0.7196282250884128,0.235975951763547,0.4794967451127894,0.4094390347596542,36
1,0.7551891291704453,0.07156578223654021,0.3930031022407073,0.2322230886800967,69
2,0.8314586747842482,0.366283530662666,0.6275500065271088,0.6061573532624281,150
3,0.0,0.0,0.0,0.0,0
4,0.0,0.0,0.0,0.0,0
