,max,min,avg,median,count
0,0.5819617878593762,0.2316186370196653,0.3708356197099546,0.3643006128500974,9
1,0.5375036271069381,0.020219449428250297,0.18059920880225383,0.10877294744699761,44
2,0.5445381066811887,0.01563810068735471,0.24385953166675653,0.09978550592582111,205
3,0.0,0.0,0.0,0.0,0
4,0.0,0.0,0.0,0.0,0
