,max,min,avg,median,count
0,0.7984019472799807,0.25808778617381645,0.5390452592333868,0.6245869533786533,35
1,0.6337184621893653,0.26612140483097324,0.4621338017875217,0.4290059184031727,114
2,0.6150865686874365,0.08569624277550392,0.3652956707029181,0.3784891102696537,126
3,0.0,0.0,0.0,0.0,0
4,0.0,0.0,0.0,0.0,0
