,max,min,avg,median,count
0,0.25736323299927594,0.03583993990913071,0.14562567060539403,0.1427895094301522,9
1,0.290178185581632,0.11637449706532366,0.22289515687815067,0.25875262368590324,32
2,0.3560578265479521,0.18540508101778366,0.27865765178203294,0.2748588736033121,244
3,0.29355079443366866,0.16828448510747,0.2143961207900129,0.1813530828289001,3
4,0.0,0.0,0.0,0.0,0
