,max,min,avg,median,count
0,0.3972791868443454,0.06629170905251858,0.22669905962447187,0.2370574620197238,31
1,0.4618099436836065,0.02403453530743735,0.2699619892711778,0.3032176993006312,93
2,0.47451094063945204,0.06049423335748932,0.20754185561544497,0.09108003906736663,163
3,0.0,0.0,0.0,0.0,0
4,0.0,0.0,0.0,0.0,0
