,max,min,avg,median,count
0,0.4799631615861909,0.05438887058878936,0.2642093851895062,0.33003475658605713,31
1,0.6035162456145495,0.028738971453375704,0.2131170125416489,0.13822701354716319,128
2,0.6512440838177043,0.04680515316030819,0.3704143473460513,0.4144964901741039,112
3,0.0,0.0,0.0,0.0,0
4,0.0,0.0,0.0,0.0,0
