,max,min,avg,median,count
0,0.49540120629711426,0.2363450553334725,0.3934026638102834,0.3951277416347651,27
1,0.7483428158524968,0.06243400045648932,0.34015637930992093,0.3286658723129404,94
2,0.773289546827623,0.07519762173538075,0.40588312138836,0.31427071913108384,144
3,0.0,0.0,0.0,0.0,0
4,0.0,0.0,0.0,0.0,0
