,max,min,avg,median,count
0,0.6329415026997796,0.1657597537550573,0.3943647157456823,0.3842533641055638,37
1,0.898476973006088,0.009695481607528592,0.43474637273975636,0.4778032594576357,155
2,0.46162446728062306,0.060337595128125365,0.2520735037974738,0.3101075593366288,65
3,0.0,0.0,0.0,0.0,0
4,0.0,0.0,0.0,0.0,0
