,max,min,avg,median,count
0,0.503916260241611,0.05659513189511201,0.28553830837518834,0.20608889681836573,26
1,0.3443483102388759,0.011350437589482017,0.11133526900146964,0.042603215007620265,119
2,0.5702412258652361,0.13987398266477086,0.38745097084758046,0.38356481652413504,130
3,0.0,0.0,0.0,0.0,0
4,0.0,0.0,0.0,0.0,0
