,max,min,avg,median,count
0,0.9829173243947339,0.13034238524604258,0.5405840194044118,0.5236089313214555,24
1,0.6059780589352506,0.06771105130289043,0.24600791216747203,0.1600215131381497,146
2,0.9048307029202932,0.11402391705579312,0.5458727767876969,0.5615519739497026,88
3,0.0,0.0,0.0,0.0,0
4,0.0,0.0,0.0,0.0,0
