,max,min,avg,median,count
0,0.6764639284001496,0.16208894730021686,0.4887392842005018,0.5047462993393254,5
1,0.43767671322625956,0.14503200365727772,0.294414503779758,0.24323047107584153,92
2,0.40667025157146813,0.045997179996663966,0.1694676303123323,0.08951436062395857,158
3,0.0,0.0,0.0,0.0,0
4,0.0,0.0,0.0,0.0,0
