,max,min,avg,median,count
0,0.8655714687317885,0.5290082444112525,0.7307769084339479,0.7125110043241144,23
1,0.9282058364248968,0.15038253994614573,0.453810782993166,0.4999513512453998,115
2,0.8842171187146072,0.03945856709396165,0.504236243031873,0.5966705187018903,123
3,0.0,0.0,0.0,0.0,0
4,0.0,0.0,0.0,0.0,0
