,max,min,avg,median,count
0,0.710555792857916,0.095402793753122,0.42608392289825525,0.5002212902508758,28
1,0.6352443090602402,0.27784780619820465,0.45333901219681316,0.43638157078564255,86
2,0.6515709958451913,0.04794412191691632,0.3416687259543855,0.3895129652977842,142
3,0.0,0.0,0.0,0.0,0
4,0.0,0.0,0.0,0.0,0
