,max,min,avg,median,count
0,0.3588877738085888,0.01810154128277712,0.1643594715101451,0.09598125841711307,53
1,0.41439939084385674,0.24627837186638593,0.32292110470552926,0.3020731303659037,172
2,0.4158134809244222,0.1312014962818575,0.2624904654366317,0.21862805587005393,97
3,0.0,0.0,0.0,0.0,0
4,0.0,0.0,0.0,0.0,0
