,max,min,avg,median,count
0,0.7388457274270998,0.06927046356408703,0.44110355894737785,0.47930063807693224,33
1,0.7047013286132408,0.08922344066372055,0.5003210332617987,0.5639666693459175,191
2,0.5160991201204191,0.19382184143321707,0.4000727988627248,0.4502110248616545,32
3,0.0,0.0,0.0,0.0,0
4,0.0,0.0,0.0,0.0,0
