,max,min,avg,median,count
0,0.7915382887083852,0.23750232691350281,0.5048303749498884,0.365875429621898,25
1,0.7434868008158387,0.2627226836576001,0.5200335506738795,0.5443028099082752,52
2,0.6655957537814693,0.1349635809062282,0.31775069255848853,0.2419399983279942,196
3,0.6650347786977969,0.5028683153021397,0.5839515469999683,0.5839515469999683,2
4,0.0,0.0,0.0,0.0,0
