,max,min,avg,median,count
0,0.8808084101672621,0.03703299422818797,0.5653087656966036,0.6861528082581113,40
1,0.9301018995821564,0.20375336888909298,0.7058565484437687,0.8018746003276249,153
2,0.8637966309347986,0.08876302124491402,0.439239621342312,0.4132288830081194,63
3,0.0,0.0,0.0,0.0,0
4,0.0,0.0,0.0,0.0,0
