,max,min,avg,median,count
0,0.29301650169095594,0.09719568937839426,0.17704167364379447,0.1897326614039367,27
1,0.5408328463591254,0.16649341912165375,0.3068536890142454,0.20064825162685174,104
2,0.3202436190139558,0.03609551381003546,0.17583326135153082,0.16392591119022049,200
3,0.0,0.0,0.0,0.0,0
4,0.0,0.0,0.0,0.0,0
