,max,min,avg,median,count
0,0.9018162762256726,0.20266373984177188,0.5650645609353109,0.579835252720382,37
1,0.8533151339634018,0.25695988845896406,0.4967239345889299,0.31407643975357,70
2,0.717610368932851,0.20600434536863724,0.5088127179117247,0.6674759463512905,159
3,0.0,0.0,0.0,0.0,0
4,0.0,0.0,0.0,0.0,0
