,max,min,avg,median,count
0,0.4952315133849593,0.12918477075496582,0.3284281284320471,0.3661375691176779,44
1,0.6688571994040486,0.30059059194611437,0.4286948197403958,0.34822623127536684,97
2,0.5330206315164693,0.0487667190331677,0.2949783918714863,0.26741221843926843,138
3,0.0,0.0,0.0,0.0,0
4,0.0,0.0,0.0,0.0,0
