,max,min,avg,median,count
0,0.6179191200049348,0.24700419620016123,0.40823828674341434,0.29761657667634167,38
1,0.528009474657166,0.088292846581497,0.27865617057374215,0.23820002601378368,115
2,0.37353213062137075,0.017287563559736208,0.22143999773220294,0.23317355617541063,156
3,0.0,0.0,0.0,0.0,0
4,0.0,0.0,0.0,0.0,0
