,max,min,avg,median,count
0,0.26098680547432096,0.06208559333001366,0.1661175004859018,0.14245428466539567,29
1,0.5571137223053442,0.08960403529857972,0.22495954572798213,0.17270243192537998,82
2,0.2690276349185064,0.19262553998995696,0.23322763634918275,0.22893638134872,147
3,0.0,0.0,0.0,0.0,0
4,0.0,0.0,0.0,0.0,0
