,max,min,avg,median,count
0,0.51758006182548,0.4489862957228875,0.48328317877418375,0.48328317877418375,2
1,0.7707114537203633,0.28918355798257356,0.5496858133245939,0.507719009474355,94
2,0.7495718916048562,0.44955702290585436,0.5817822400057887,0.5933946376414864,135
3,0.7336464907786246,0.282846061110298,0.5158200929820649,0.4546125784464508,29
4,0.0,0.0,0.0,0.0,0
