,max,min,avg,median,count
0,0.293259855063696,0.10034703429790398,0.19002763716865814,0.17301658705645612,33
1,0.17047774847139163,0.05397410022232257,0.10585762040703317,0.11229416342755118,54
2,0.3852330005317497,0.09598571626300954,0.21980876733498747,0.20390472741234292,203
3,0.0,0.0,0.0,0.0,0
4,0.0,0.0,0.0,0.0,0
