,max,min,avg,median,count
0,0.7349354887963842,0.08566697954943242,0.45441366451173676,0.4460157508984141,24
1,0.8633031788419218,0.17144620160295912,0.5221047243696872,0.52668781857031,63
2,0.8544724955978349,0.11329503055149807,0.46035774130128926,0.46494646257418765,172
3,0.0,0.0,0.0,0.0,0
4,0.0,0.0,0.0,0.0,0
