,max,min,avg,median,count
0,0.8762588823737933,0.7525107857474405,0.8077290278734865,0.7968246794024514,31
1,0.7874685488219217,0.03375774149745198,0.466865832230697,0.6210244980497546,103
2,0.870846443161545,0.41659207086318123,0.6963702259122785,0.7676634228755608,218
3,0.0,0.0,0.0,0.0,0
4,0.0,0.0,0.0,0.0,0
