,max,min,avg,median,count
0,0.5540326129901462,0.07475568295362743,0.375983423495494,0.42616392770043904,22
1,0.7208955491895104,0.27519197916383387,0.4329116036353028,0.3638200272434103,74
2,0.543366597379466,0.10724682106161516,0.29656714551637625,0.19128971365645236,185
3,0.21381461585793998,0.12585401519713915,0.16983431552753958,0.16983431552753958,2
4,0.0,0.0,0.0,0.0,0
