,max,min,avg,median,count
0,0.3852411079034537,0.0018348912943041557,0.28886621913999333,0.3821495412380178,22
1,0.560653390192693,0.332570177002754,0.428180235990187,0.449292508771112,48
2,0.7541789377744513,0.030788516992628617,0.4075248988085215,0.4227142514715796,192
3,0.0,0.0,0.0,0.0,0
4,0.0,0.0,0.0,0.0,0
