,max,min,avg,median,count
0,0.5949620436758247,0.14884679988370775,0.3990019503099356,0.5012022931149231,44
1,0.6797556344628137,0.06579672207116011,0.33666284068011854,0.13549546096801235,77
2,0.743838515147758,0.2945726619308445,0.504123340722796,0.48601871289432425,168
3,0.0,0.0,0.0,0.0,0
4,0.0,0.0,0.0,0.0,0
