,max,min,avg,median,count
0,0.6955525935347012,0.03180512689687554,0.4007023342409618,0.46314864263680205,26
1,0.6450746469585178,0.15086851094174392,0.32203687746460785,0.27780949693250895,93
2,0.888957065695868,0.15468348411504973,0.6425952365522238,0.7949645998887162,144
3,0.0,0.0,0.0,0.0,0
4,0.0,0.0,0.0,0.0,0
