,max,min,avg,median,count
0,0.5117034709743856,0.06956289463637172,0.2721377107503857,0.22464252140722596,35
1,0.5304965622291795,0.022291797066197175,0.2471507044087315,0.15669476169311713,66
2,0.22742595275919705,0.029336190594686538,0.13040003369857384,0.13011358099228473,157
3,0.0,0.0,0.0,0.0,0
4,0.0,0.0,0.0,0.0,0
