,max,min,avg,median,count
0,0.5152234944364211,0.19152889008490706,0.35522479799741763,0.3569313841844547,31
1,0.5388098391922631,0.00420189143903513,0.3513936232343609,0.39059110288185694,142
2,0.7089152878726201,0.05945247581032938,0.33622566694216804,0.3224480843107697,110
3,0.0,0.0,0.0,0.0,0
4,0.0,0.0,0.0,0.0,0
