,max,min,avg,median,count
0,0.6143507514424946,0.22260752703692832,0.4548776267437707,0.47724114562285025,30
1,0.7657092449539578,0.04571991628454936,0.41853952317999743,0.4291904011985007,93
2,0.7333705685545184,0.15735475493181741,0.3240771678989687,0.23837475838691477,141
3,0.0,0.0,0.0,0.0,0
4,0.0,0.0,0.0,0.0,0
