,max,min,avg,median,count
0,0.8631061900701777,0.1581909732421591,0.5364177991957795,0.6053403765630825,35
1,0.6465223795178198,0.06485996975735422,0.3393139430356652,0.31338601325241394,86
2,0.7277452374123095,0.01053524384832977,0.2622139625911809,0.20907668570385626,166
3,0.0,0.0,0.0,0.0,0
4,0.0,0.0,0.0,0.0,0
