,max,min,avg,median,count
0,0.36823079121991004,0.0038534230910800037,0.20406062926899757,0.17656881543642688,43
1,0.43553641125775805,0.08904145382583747,0.27852063637853164,0.3368897283648055,116
2,0.5273488143930642,0.21638912543475228,0.3482678515356469,0.3393953122897696,184
3,0.0,0.0,0.0,0.0,0
4,0.0,0.0,0.0,0.0,0
