,max,min,avg,median,count
0,0.6539163418029391,0.00850211373558459,0.26654983051825587,0.1933172419380879,7
1,0.5915523062075905,0.13291752411743193,0.39614768790333266,0.3940333959691633,124
2,0.47840069080744985,0.08844929001349813,0.31253314831377355,0.3746335548760463,137
3,0.0,0.0,0.0,0.0,0
4,0.0,0.0,0.0,0.0,0
