,max,min,avg,median,count
0,0.713678767452053,0.062210433511917414,0.33761858438334763,0.21293786734623563,5
1,0.7610018553260226,0.24556825848240976,0.600402016683979,0.6624832959453965,116
2,0.5126602406615937,0.20034638625441034,0.36055438065795536,0.34787908367475046,157
3,0.6569703026415855,0.00037923976609629926,0.32730164628246405,0.34864217641462136,32
4,0.0,0.0,0.0,0.0,0
