,max,min,avg,median,count
0,0.8063883884543264,0.015058045903194138,0.5410461987135251,0.563440344043429,48
1,0.5825353843108574,0.15467179561637942,0.3703510551527693,0.3101863818132238,87
2,0.8541817151497372,0.17885106201215664,0.6505740246711534,0.7816616115867909,179
3,0.0,0.0,0.0,0.0,0
4,0.0,0.0,0.0,0.0,0
