,max,min,avg,median,count
0,0.8545185189355896,0.07372519973586952,0.3607201629042468,0.22465731564759345,40
1,0.8529821821052683,0.08472814697335859,0.4672277958994234,0.5204389175200126,130
2,0.8565020072128402,0.07517773500053113,0.6461454508287163,0.7694410826765066,86
3,0.0,0.0,0.0,0.0,0
4,0.0,0.0,0.0,0.0,0
