,max,min,avg,median,count
0,0.7866954478041097,0.4660552492436961,0.6576923621903995,0.6988735537906526,23
1,0.8235556014634984,0.17112051303947412,0.6162146726148949,0.663891446231181,112
2,0.6961394971032296,0.28906286263175623,0.5590822613310916,0.6568497751791739,126
3,0.0,0.0,0.0,0.0,0
4,0.0,0.0,0.0,0.0,0
