,max,min,avg,median,count
0,0.816910923474132,0.3708887300960744,0.5743963658449232,0.6437122737405315,44
1,0.6929839675833733,0.2692329212020984,0.5177405327231114,0.5698833550567687,93
2,0.7967137922442105,0.48104959120180657,0.6116647470524924,0.5638060630854002,137
3,0.0,0.0,0.0,0.0,0
4,0.0,0.0,0.0,0.0,0
