,max,min,avg,median,count
0,0.4467845072662726,0.06261471487121491,0.2651055137512718,0.3459031998407511,45
1,0.3789671450723756,0.15787165695494693,0.23941400927189518,0.2341674588140335,110
2,0.6116837811746028,0.15160032263102613,0.3580555093003993,0.310576783658471,104
3,0.0,0.0,0.0,0.0,0
4,0.0,0.0,0.0,0.0,0
