,max,min,avg,median,count
0,0.8535239817338813,0.09409100763063481,0.5313858167325917,0.684854153897794,23
1,0.7393188549405931,0.1077982088552452,0.5086692463302075,0.5640135581025747,108
2,0.84390799645431,0.5907844480049901,0.7116232999234222,0.7388431767898072,129
3,0.0,0.0,0.0,0.0,0
4,0.0,0.0,0.0,0.0,0
