,max,min,avg,median,count
0,0.5970542628998354,0.3188305842422186,0.43878118443969844,0.44277367756491226,52
1,0.6253000610369835,0.03734553022967096,0.2892829743030302,0.15290985681107172,172
2,0.611242402549776,0.21238796309426525,0.3843017274239523,0.3508550876368297,116
3,0.0,0.0,0.0,0.0,0
4,0.0,0.0,0.0,0.0,0
