,max,min,avg,median,count
0,0.8604641919139516,0.44397036820408126,0.6909465664893053,0.7987211312568406,27
1,0.7002772911821549,0.07883355058125624,0.48715208067982496,0.6002711279540487,71
2,0.8789847497535819,0.19061132201967793,0.6834471138363118,0.7957369894668725,279
3,0.0,0.0,0.0,0.0,0
4,0.0,0.0,0.0,0.0,0
