,max,min,avg,median,count
0,0.5696446101930855,0.1414588625971225,0.2943832041406452,0.2153614287830174,21
1,0.4860531479288489,0.21682080001969725,0.3654473577779894,0.3821194747486792,78
2,0.4697737237660449,0.08271639998249977,0.28657841909167525,0.24164098803013057,158
3,0.12045425289196315,0.02370388264496743,0.06350386587006286,0.046353462073258,3
4,0.0,0.0,0.0,0.0,0
