,max,min,avg,median,count
0,0.5108838474720718,0.2099813230070569,0.3883249978883844,0.4298471559415628,51
1,0.40017456842784266,0.23967725998936934,0.3350548848064644,0.34680859588565227,76
2,0.4571852148172444,0.10602303861160309,0.3568912006603147,0.4053478141315217,209
3,0.0,0.0,0.0,0.0,0
4,0.0,0.0,0.0,0.0,0
