,max,min,avg,median,count
0,0.4818008922490437,0.007317414601934464,0.19784154808239304,0.21191297377799087,39
1,0.6087754671508876,0.16118128497993384,0.3530850823308836,0.24338778709560896,69
2,0.5514987710126035,0.031351187354419795,0.20244079014465127,0.10627086794729886,146
3,0.31734514144903486,0.1743800557043894,0.2458625985767121,0.2458625985767121,2
4,0.0,0.0,0.0,0.0,0
