,max,min,avg,median,count
0,0.5155615485408749,0.18099660753994723,0.37820561669281316,0.378641060647462,24
1,0.4735221973631451,0.06141446520807399,0.26364726648244224,0.259393992827061,77
2,0.5830070074105976,0.10054683294568355,0.2872251557060971,0.14527655187114397,170
3,0.0,0.0,0.0,0.0,0
4,0.0,0.0,0.0,0.0,0
