,max,min,avg,median,count
0,0.4451596129022942,0.21509704931769627,0.3355822117756575,0.3646543396219999,57
1,0.6279848023488422,0.26269584639033144,0.37344204391604235,0.3184824238553312,121
2,0.6056879076392533,0.13621726141017293,0.39924447374425076,0.41995377141601037,191
3,0.6577474896529472,0.16932050824919215,0.41230900420551125,0.46095237662391997,6
4,0.0,0.0,0.0,0.0,0
