,max,min,avg,median,count
0,0.5882558329949977,0.38670898330160886,0.5005540989949747,0.532607983059539,45
1,0.648957798881835,0.01016815170860671,0.3018677038501404,0.1463211430364413,109
2,0.5426655662298749,0.12596545565241116,0.3866425810570845,0.42526675584914364,112
3,0.0,0.0,0.0,0.0,0
4,0.0,0.0,0.0,0.0,0
