,max,min,avg,median,count
0,0.8324000564071167,0.03658998785180052,0.4107371251699596,0.18845199859284803,40
1,0.7153764277167562,0.24379816427556122,0.4588380429405817,0.41135965723176393,180
2,0.8358282959908995,0.0754693435831037,0.4669045617448509,0.3911967435121753,48
3,0.0,0.0,0.0,0.0,0
4,0.0,0.0,0.0,0.0,0
