,max,min,avg,median,count
0,0.5857097801665276,0.2637658286219768,0.47255569254854474,0.5122721151163335,26
1,0.616680192616347,0.1336141761285709,0.4127787536491482,0.48100045644122236,69
2,0.6433428517869566,0.16407454810026642,0.4680314097262749,0.48959612387160034,269
3,0.0,0.0,0.0,0.0,0
4,0.0,0.0,0.0,0.0,0
