,max,min,avg,median,count
0,0.6990824618761154,0.08218252019307322,0.47983052185742076,0.5711452236729939,48
1,0.6139031401493659,0.03831378044098596,0.3394907297400966,0.2739538755629719,107
2,0.7093994622045053,0.21837231546578006,0.536889864765784,0.5739303281131898,163
3,0.538928846004765,0.06915325968416128,0.34740044214152643,0.43411922073565307,3
4,0.0,0.0,0.0,0.0,0
