,max,min,avg,median,count
0,0.6985625491511652,0.23252794614960492,0.5812972844624983,0.6585459524742266,30
1,0.40813099946347253,0.08224055978507418,0.255575564206976,0.2775378956159474,143
2,0.9353162825593967,0.04176833526317754,0.3826538263730458,0.23720093500625272,87
3,0.0,0.0,0.0,0.0,0
4,0.0,0.0,0.0,0.0,0
