,max,min,avg,median,count
0,0.7078232536972763,0.1887964174839058,0.5622730055127374,0.6782955420500042,42
1,0.908734598112343,0.20242440443611973,0.5498914203344133,0.38650817074338006,64
2,0.8951075714130953,0.18121017700194716,0.5209988546894146,0.3799459337794544,153
3,0.0,0.0,0.0,0.0,0
4,0.0,0.0,0.0,0.0,0
