,max,min,avg,median,count
0,0.6924196579116321,0.05787041913709973,0.3075509906397503,0.31242429234043567,43
1,0.5392501288669314,0.14236067104545488,0.2928825994668752,0.26441928692531896,74
2,0.43133675030700547,0.07333827027222882,0.2496852792614957,0.2750365867013736,169
3,0.6917177132410478,0.12620888668113298,0.3806818693765814,0.32411900820756334,3
4,0.0,0.0,0.0,0.0,0
