,max,min,avg,median,count
0,0.6848300992091533,0.18881539683430568,0.4076473430775171,0.4138262617568094,32
1,0.6421816660150655,0.2231820649848258,0.5057847337166533,0.5682410256795866,135
2,0.3568742395062109,0.018780865994099203,0.23031833576427854,0.2595346141570761,98
3,0.0,0.0,0.0,0.0,0
4,0.0,0.0,0.0,0.0,0
