,max,min,avg,median,count
0,0.5554560513689002,0.07557905043064028,0.2941256501874014,0.2353406256534528,28
1,0.6675948312031621,0.024302941857200472,0.28898436573470954,0.3200263161780417,79
2,0.3654196857107443,0.17691583533389627,0.2709958449618714,0.24607242671426507,182
3,0.5233449792885064,0.43062899206252514,0.4769869856755158,0.4769869856755158,2
4,0.0,0.0,0.0,0.0,0
