,max,min,avg,median,count
0,0.7566165838279788,0.5460800567132318,0.6338758687165417,0.6009991290395754,43
1,0.690350835759175,0.20860043299544417,0.5366642710809093,0.5778326286336526,192
2,0.7804485621396627,0.4334660648900767,0.5891367475670384,0.5358044246760252,58
3,0.0,0.0,0.0,0.0,0
4,0.0,0.0,0.0,0.0,0
