,max,min,avg,median,count
0,0.7260394915772196,0.13136137264657685,0.33213289121032596,0.28266747878743786,28
1,0.6339346845001198,0.10029873231572871,0.40495713335802613,0.39193550232229507,79
2,0.7613520288187313,0.13079965589363565,0.37891553593688015,0.34520277207501865,148
3,0.0,0.0,0.0,0.0,0
4,0.0,0.0,0.0,0.0,0
