,max,min,avg,median,count
0,0.6725376006325394,0.012755022583008735,0.31077795805699776,0.3227417695954174,45
1,0.2553593347242451,0.10405930672520514,0.15869482347326702,0.12318858121181832,72
2,0.39550779849323847,0.0424171191257772,0.21596100636029694,0.2609306465987005,169
3,0.0,0.0,0.0,0.0,0
4,0.0,0.0,0.0,0.0,0
