,max,min,avg,median,count
0,0.8792600715490299,0.3373307088356103,0.5969955761861286,0.6880943942969733,14
1,0.6304641075708802,0.26773930248989664,0.4152484404856386,0.41709633784286276,14
2,0.8055693439041878,0.2976925474815116,0.5549434621250777,0.5593385799094907,311
3,0.0,0.0,0.0,0.0,0
4,0.0,0.0,0.0,0.0,0
