,max,min,avg,median,count
0,0.6658778139598891,0.4175731748445796,0.5673790833614822,0.5542243435703859,25
1,0.7452659096416039,0.2966367252940509,0.48484474572029523,0.44072694623471476,57
2,0.8018715862060697,0.042251567302648715,0.4460597330092394,0.4131077777021337,174
3,0.0,0.0,0.0,0.0,0
4,0.0,0.0,0.0,0.0,0
