,max,min,avg,median,count
0,0.7000669687217139,0.3143298304776337,0.4925693922360378,0.4536585241663783,14
1,0.615334596772202,0.02061564329311057,0.2941984065548858,0.1975520006359057,186
2,0.7989715026288301,0.4743677329517465,0.6584400033023454,0.6585124321017657,167
3,0.5356900238099425,0.2947446959976601,0.4764946039754546,0.5199076775952777,36
4,0.0,0.0,0.0,0.0,0
