,max,min,avg,median,count
0,0.6820430145327038,0.11415491945190384,0.3986238635242333,0.40920456146847034,31
1,0.6643577471199003,0.2604427831981042,0.44205470856668816,0.3739045048107301,76
2,0.7294252784015512,0.011947904787832938,0.21177478495110064,0.03922438931804814,156
3,0.0,0.0,0.0,0.0,0
4,0.0,0.0,0.0,0.0,0
