,max,min,avg,median,count
0,0.6750865225747809,0.5620809109482325,0.6133296655763456,0.5919541890386125,62
1,0.6809178528726699,0.16700901224788753,0.3835321477796606,0.33861744299441826,137
2,0.5736084020602286,0.3177903855396227,0.45927726564279114,0.4648801800194867,264
3,0.0,0.0,0.0,0.0,0
4,0.0,0.0,0.0,0.0,0
