,max,min,avg,median,count
0,0.47771738776049055,0.151427343407614,0.2857773744416814,0.20325153032285523,41
1,0.4043644748107685,0.01954891370297331,0.16112662232207922,0.0702124219983594,74
2,0.559500247703354,0.07928865349823869,0.3056215372197955,0.2210029700741253,151
3,0.4902130433095572,0.334292038333454,0.4122525408215056,0.4122525408215056,2
4,0.0,0.0,0.0,0.0,0
