,max,min,avg,median,count
0,0.839311417205898,0.010650723411621073,0.4868371180857167,0.6473031835878635,31
1,0.8702314908878992,0.435213401338589,0.7096916591177309,0.7766099065419532,107
2,0.8013947921651662,0.04368499893689144,0.4461724708740493,0.42131580506573096,125
3,0.0,0.0,0.0,0.0,0
4,0.0,0.0,0.0,0.0,0
