,max,min,avg,median,count
0,0.5574298486818001,0.07758540357443608,0.40034608684276307,0.42398358647812634,25
1,0.7689621002389944,0.036072023406777114,0.33711674393756086,0.3086855046545683,59
2,0.7051204995388376,0.26708909718334195,0.4166474402357167,0.39893229183223805,178
3,0.0,0.0,0.0,0.0,0
4,0.0,0.0,0.0,0.0,0
