,max,min,avg,median,count
0,0.6049259300069437,0.0348461594780538,0.3464133048322382,0.40270215462716963,52
1,0.5017006306237546,0.06812193989980289,0.2393109857476489,0.26372539892882374,72
2,0.5382622590090095,0.02585572613985029,0.39469053335844845,0.490725516909856,177
3,0.0,0.0,0.0,0.0,0
4,0.0,0.0,0.0,0.0,0
