,max,min,avg,median,count
0,0.7914410870842529,0.513723531324968,0.707769030964002,0.7418051288849076,24
1,0.849945082864476,0.044481022724908365,0.5043209352982135,0.6908676948895687,147
2,0.7824108604699508,0.04800997626779906,0.46471908614442486,0.42618407581976325,103
3,0.0,0.0,0.0,0.0,0
4,0.0,0.0,0.0,0.0,0
