,max,min,avg,median,count
0,0.4537463036884264,0.12340304775982555,0.28304993233786824,0.24313174772413804,52
1,0.5434320024269208,0.18112812129721143,0.34123022425187644,0.35645350350250704,135
2,0.3633442567555101,0.1878749496808457,0.27288685018989745,0.2526900442685122,205
3,0.0,0.0,0.0,0.0,0
4,0.0,0.0,0.0,0.0,0
