,max,min,avg,median,count
0,0.7790041474914693,0.36738024017167065,0.5995581408524854,0.6888222043622824,74
1,0.960968810027996,0.04195698377201934,0.6150227969363012,0.6297772920600403,120
2,0.6135295998405407,0.37121921903796457,0.4987943942003488,0.48744330444525247,360
3,0.0,0.0,0.0,0.0,0
4,0.0,0.0,0.0,0.0,0
