,max,min,avg,median,count
0,0.5356564593354765,0.12470792445658035,0.32072391635703734,0.2496630979559315,42
1,0.5471779548329057,0.10867363440873527,0.33093288891440753,0.33592791991318266,63
2,0.8255385138673759,0.09262381799868584,0.46395364990998955,0.36463016979243196,151
3,0.0,0.0,0.0,0.0,0
4,0.0,0.0,0.0,0.0,0
