,max,min,avg,median,count
0,0.8300235834992066,0.5578249482317649,0.6994362129470374,0.6615628480554431,43
1,0.8943694866830736,0.06803133660825796,0.591120803610542,0.6971984167412851,66
2,0.6967795716627313,0.12382608346440313,0.40488685036788097,0.41441061328585965,155
3,0.0,0.0,0.0,0.0,0
4,0.0,0.0,0.0,0.0,0
