,max,min,avg,median,count
0,0.6391480894202471,0.2710049018115785,0.4963395257410655,0.5134707445559579,68
1,0.5308336025061758,0.23263631269344723,0.38848451257277866,0.3630914845005304,107
2,0.5865425988687645,0.06799238275362117,0.36207121336646175,0.5008688987916452,301
3,0.7008077490261484,0.18961174858188629,0.44145345271593983,0.4376971009687803,13
4,0.0,0.0,0.0,0.0,0
