,max,min,avg,median,count
0,0.7614540250084256,0.12060933797176737,0.4094481013159409,0.3571526066067416,43
1,0.7763071902119778,0.01253738049781019,0.5027547996446763,0.6049155861555007,113
2,0.6391728276982489,0.2097838515976761,0.40036738312469,0.40719644282157225,105
3,0.0,0.0,0.0,0.0,0
4,0.0,0.0,0.0,0.0,0
