,max,min,avg,median,count
0,0.3129664741779914,0.022087111878315947,0.19506225726175852,0.25236502386705195,42
1,0.7875429798971404,0.3006793815000425,0.4760663048906677,0.42605691546676233,65
2,0.527526852396186,0.03278925616828768,0.25483858734066567,0.2607038506769907,152
3,0.0,0.0,0.0,0.0,0
4,0.0,0.0,0.0,0.0,0
