,max,min,avg,median,count
0,0.5799646838523788,0.15005155096022846,0.3547053030055884,0.3767647388164055,33
1,0.4501126587897206,0.008349351507676996,0.28906288460032253,0.34128931650967453,102
2,0.5279195441765785,0.09113410679765012,0.23700957055904176,0.17451853854654018,156
3,0.0,0.0,0.0,0.0,0
4,0.0,0.0,0.0,0.0,0
