,max,min,avg,median,count
0,0.8801636205343367,0.10543512799706702,0.5773895205559795,0.7538637338484931,50
1,0.829578699568697,0.10830375648522714,0.46245477781869837,0.4365939755805594,103
2,0.8905692486582476,0.08356458473063257,0.47206970724466435,0.5263202132816943,178
3,0.0,0.0,0.0,0.0,0
4,0.0,0.0,0.0,0.0,0
