,max,min,avg,median,count
0,0.3095569588546745,0.10856399264305412,0.22684958416296422,0.22008219050766778,29
1,0.5087980365914443,0.12032272002459364,0.2742755468666358,0.23354431075301776,230
2,0.5545874634192379,0.011323648306309723,0.24721637083540707,0.2173796711194323,84
3,0.0,0.0,0.0,0.0,0
4,0.0,0.0,0.0,0.0,0
