,max,min,avg,median,count
0,0.7257204071866709,0.19372206654076338,0.46319736430777836,0.38944346634341515,26
1,0.6180070000050295,0.06302204874196514,0.39448968611500934,0.4768344569063584,210
2,0.8163601137029575,0.2293957572855261,0.5843957020705455,0.6511141673222794,77
3,0.0,0.0,0.0,0.0,0
4,0.0,0.0,0.0,0.0,0
