,max,min,avg,median,count
0,0.8708944701179719,0.0021092622828774526,0.5318383629958847,0.5750742550686765,52
1,0.8699786860854121,0.35694129542758835,0.6203301712565901,0.5810337810791028,119
2,0.7303053965212253,0.21253281480554947,0.567111148087268,0.6308213175326954,200
3,0.0,0.0,0.0,0.0,0
4,0.0,0.0,0.0,0.0,0
