,max,min,avg,median,count
0,0.646061867970016,0.014169989961520494,0.31450692565119914,0.2026105677408782,28
1,0.5020321192995312,0.015512429696509747,0.3006887408748641,0.25694414585277275,111
2,0.5960093465340548,0.06798673824923962,0.3197449596452492,0.21037989496919787,122
3,0.0,0.0,0.0,0.0,0
4,0.0,0.0,0.0,0.0,0
