,max,min,avg,median,count
0,0.6034439047791733,0.3349964445155036,0.4658705991669123,0.41526478935065547,45
1,0.6162829208171852,0.21787039751165663,0.4347468123076609,0.49586176022521933,65
2,0.5983289040221894,0.13635206254104526,0.41527850729713683,0.45399691340145476,162
3,0.0,0.0,0.0,0.0,0
4,0.0,0.0,0.0,0.0,0
