,max,min,avg,median,count
0,0.2575665596899928,0.04414951912775349,0.14336983990166838,0.14146691403262873,23
1,0.22557045677529614,0.017586143758894893,0.10470864036243044,0.10700208400080659,76
2,0.266898307465974,0.046097451436749086,0.14625975538862018,0.14096119831920345,167
3,0.2791122782297004,0.2186416520125054,0.2488769651211029,0.2488769651211029,2
4,0.0,0.0,0.0,0.0,0
