,max,min,avg,median,count
0,0.746371147375075,0.25430355435373964,0.6256364665933275,0.6965166586440591,27
1,0.7476327893683329,0.2661660000513059,0.47940542657492874,0.4622180953255078,68
2,0.7900056399203343,0.18988553767234226,0.5744190060331018,0.6437147180330315,266
3,0.0,0.0,0.0,0.0,0
4,0.0,0.0,0.0,0.0,0
