,max,min,avg,median,count
0,0.8848883331154735,0.05499089519396689,0.4704303467871873,0.4910178083878559,21
1,0.923532904800398,0.01852208142393897,0.4008788971048259,0.2743079900991295,135
2,0.810985894828674,0.5335456656218455,0.6276600887100062,0.6095059330384653,99
3,0.4166314123278835,0.4166314123278835,0.4166314123278835,0.4166314123278835,1
4,0.0,0.0,0.0,0.0,0
