,max,min,avg,median,count
0,0.726610100757007,0.06513679213452216,0.27065755707545747,0.13800197522756896,18
1,0.5494733755363549,0.1152554425461522,0.37433286237156915,0.4791895786950322,75
2,0.6090371164996292,0.25337441631093366,0.5124768091286078,0.5919543114305614,365
3,0.7205512028044855,0.03235802704267157,0.2855459047052092,0.28079998262121697,9
4,0.0,0.0,0.0,0.0,0
