,max,min,avg,median,count
0,0.8766900559156754,0.37339636564647305,0.7394306232692461,0.8249904199405028,30
1,0.8062465834962816,0.47267379184845515,0.6277996465948512,0.6178308988888355,69
2,0.8872258779759595,0.010491155820947265,0.5547455395480347,0.7693576833342274,185
3,0.7325436913290208,0.04949479171584372,0.3910192415224322,0.3910192415224322,2
4,0.0,0.0,0.0,0.0,0
