,max,min,avg,median,count
0,0.9254736357285771,0.21370213060645418,0.6647502583349526,0.7710522226805953,22
1,0.9532487071522308,0.014762199639526217,0.6705188569920664,0.7997501887256241,63
2,0.8560743098582073,0.02872206885365194,0.5376844298983958,0.6906319540000952,171
3,0.0,0.0,0.0,0.0,0
4,0.0,0.0,0.0,0.0,0
