,max,min,avg,median,count
0,0.7792849509256324,0.1768148089870137,0.44883055080100476,0.546470192095733,27
1,0.7839360604358129,0.07284260173245714,0.5103413214369723,0.7033991684928886,103
2,0.8180035730199017,0.4614961364644758,0.6595407898458513,0.7181218422080421,127
3,0.0,0.0,0.0,0.0,0
4,0.0,0.0,0.0,0.0,0
