,max,min,avg,median,count
0,0.7708532963683965,0.035097087280087126,0.38922074715224436,0.3117435226483838,9
1,0.45073432249030915,0.010132490516636913,0.204959076778573,0.17052826013487052,34
2,0.7547014006091681,0.08008838245943717,0.5088305254701274,0.5419464270354147,214
3,0.0,0.0,0.0,0.0,0
4,0.0,0.0,0.0,0.0,0
