,max,min,avg,median,count
0,0.6255364617458374,0.036335068307576844,0.2933096575653286,0.24775966841805427,12
1,0.778963574866541,0.4779353903169396,0.6589848662841036,0.7150700627139922,42
2,0.7700094194559122,0.026952041524145633,0.4767568331496797,0.5068206307879776,250
3,0.0,0.0,0.0,0.0,0
4,0.0,0.0,0.0,0.0,0
