,max,min,avg,median,count
0,0.11010736363134915,0.016632480514954463,0.06771281500998991,0.056981735923661965,39
1,0.31727762603526444,0.013734931173524905,0.16668983669162002,0.10112014672345893,70
2,0.2750145871135777,0.019341351877278565,0.1349879753410083,0.13790635397440015,148
3,0.3281200561332389,0.1611852963089615,0.2446526762211002,0.2446526762211002,2
4,0.0,0.0,0.0,0.0,0
