,max,min,avg,median,count
0,0.3281984577957602,0.25415528706847273,0.29846609750762876,0.2976691588417649,35
1,0.7025374879411966,0.2918120751229011,0.43014034027379805,0.39392814284805033,67
2,0.8581611257723119,0.0971589793860312,0.28737805645038766,0.15974984587149543,153
3,0.0,0.0,0.0,0.0,0
4,0.0,0.0,0.0,0.0,0
