,max,min,avg,median,count
0,0.7936348788718974,0.35458900783192054,0.6340652845376675,0.6369260195126358,53
1,0.8509541869777736,0.2271833035719074,0.48142539019385244,0.3824684736869687,245
2,0.8698498962651023,0.6272594459642183,0.7200918219544843,0.6627913103250745,87
3,0.0,0.0,0.0,0.0,0
4,0.0,0.0,0.0,0.0,0
