,max,min,avg,median,count
0,0.44669122166114106,0.010654183878623906,0.25711672657283796,0.34405928629154564,41
1,0.7235646104083368,0.0029681631349784713,0.45459036923209395,0.5089495167924272,100
2,0.4825126481971868,0.0006934538507728598,0.25986976357973185,0.282248294684946,159
3,0.0,0.0,0.0,0.0,0
4,0.0,0.0,0.0,0.0,0
