,max,min,avg,median,count
0,0.36838927813057365,0.07730153494158176,0.19778967946607753,0.20296622958109084,33
1,0.3678173496452497,0.13782153905875197,0.24343119492498685,0.21031681523367535,98
2,0.27781488955355327,0.058456405049837935,0.18204442123858092,0.18041025787416892,156
3,0.0,0.0,0.0,0.0,0
4,0.0,0.0,0.0,0.0,0
