,max,min,avg,median,count
0,0.7729489794548573,0.2977357656478188,0.5288425965573216,0.48608098377311015,28
1,0.8338000980368631,0.2624065504098811,0.42597978178723245,0.3595172081145668,102
2,0.6376194006913769,0.23152825645885905,0.3811141409006331,0.36097318091316927,126
3,0.0,0.0,0.0,0.0,0
4,0.0,0.0,0.0,0.0,0
