,max,min,avg,median,count
0,0.8971398806314861,0.4215462768715038,0.7179553266490803,0.717800683837415,42
1,0.8802933483986081,0.009302820449660635,0.28634891784862526,0.12709898514358262,88
2,0.8368244175593795,0.400433904435996,0.6521492987419821,0.6871865350897634,434
3,0.0,0.0,0.0,0.0,0
4,0.0,0.0,0.0,0.0,0
