,max,min,avg,median,count
0,0.8078125350239963,0.0027809145613188614,0.5301484481607802,0.7285719160526246,32
1,0.7668906641013482,0.10487934746655903,0.5076051066783283,0.5332335059091352,87
2,0.8778687146550834,0.06040245385682267,0.6772970524942575,0.8435078689397594,171
3,0.0,0.0,0.0,0.0,0
4,0.0,0.0,0.0,0.0,0
