,max,min,avg,median,count
0,0.9640637983003235,0.27861660866430665,0.7811569220167003,0.8678885715543123,27
1,0.8565222084194248,0.18473480706741613,0.4959260720010675,0.5404988733063415,112
2,0.7959011956388479,0.016344204450204028,0.3837557393469653,0.3039180095402912,115
3,0.720242521889928,0.3832730173186814,0.5517577696043047,0.5517577696043047,2
4,0.0,0.0,0.0,0.0,0
