,max,min,avg,median,count
0,0.22618615126041394,0.054428800045413527,0.15898138503310494,0.1839807059480023,33
1,0.7387963555803416,0.03908164023053547,0.4036427494735104,0.5084772958799244,71
2,0.532022125044544,0.03857256574261381,0.26487454348978967,0.267959345462102,304
3,0.0,0.0,0.0,0.0,0
4,0.0,0.0,0.0,0.0,0
