,max,min,avg,median,count
0,0.6629079047190761,0.016309635932087996,0.2907314435602821,0.18550180950866046,27
1,0.27364231485738144,0.03440159143560363,0.14017596749111555,0.15842760246413626,164
2,0.34282596694263656,0.12741371384859282,0.2647607659271723,0.32352490609574686,68
3,0.0,0.0,0.0,0.0,0
4,0.0,0.0,0.0,0.0,0
