,max,min,avg,median,count
0,0.51758006182548,0.022819114717329118,0.27019958827140456,0.27019958827140456,2
1,0.6103885608896997,0.14469843011725048,0.40855518580356487,0.44215120815450154,37
2,0.5330428847548092,0.26007232234908984,0.38787943369858663,0.35155332536433515,175
3,0.7371351598696543,0.01432945564640257,0.3926019251404843,0.5484018970626914,46
4,0.0,0.0,0.0,0.0,0
