,max,min,avg,median,count
0,0.8355207672392725,0.47533251180171787,0.682348126083202,0.796724881836217,32
1,0.807721293591085,0.07679648240352498,0.5391272170285533,0.5939870878900797,128
2,0.8061443185119926,0.038268981175016134,0.3818568262786649,0.3827985266262191,139
3,0.0,0.0,0.0,0.0,0
4,0.0,0.0,0.0,0.0,0
