,max,min,avg,median,count
0,0.8266346042159228,0.39665754227028205,0.6110878132259503,0.6239940885274387,22
1,0.7303030500876835,0.19158849252937937,0.44923456345578466,0.3186651297782675,70
2,0.7731874188645728,0.5153590799269924,0.6479036947050911,0.6262263673567883,170
3,0.0,0.0,0.0,0.0,0
4,0.0,0.0,0.0,0.0,0
