,max,min,avg,median,count
0,0.5699001511661215,0.05311603893492641,0.3178672055656318,0.3383143267249453,14
1,0.3680492152821226,0.04502056049804712,0.21625239146802872,0.21779683465947056,101
2,0.4596453822474155,0.30319024444251824,0.3875521999718567,0.38374112521540504,284
3,0.7883172580398785,0.24170242510425397,0.5902809290771154,0.5895373490370467,6
4,0.0,0.0,0.0,0.0,0
