,max,min,avg,median,count
0,0.7729533676464636,0.33555140322286686,0.5774295644079255,0.6076157605909327,58
1,0.7120811048248983,0.514146860397621,0.6177504819427379,0.6110668338167945,224
2,0.6562001266076594,0.3372584292860821,0.46406804596178575,0.42358171642471504,98
3,0.0,0.0,0.0,0.0,0
4,0.0,0.0,0.0,0.0,0
