,max,min,avg,median,count
0,0.6422457201804704,0.20514818443432783,0.46945847491327164,0.4875077945336491,44
1,0.6831948825030967,0.34902339732225457,0.5617516447299826,0.6003557497485574,91
2,0.6973553839202868,0.3269816024257338,0.5507306544365509,0.6127696211121485,355
3,0.0,0.0,0.0,0.0,0
4,0.0,0.0,0.0,0.0,0
