,max,min,avg,median,count
0,0.754297624320311,0.44938103759345777,0.6193036942444946,0.6202702090935056,22
1,0.6591867707696372,0.29848647482274804,0.4523513743109307,0.46717110028468495,47
2,0.7621113222666062,0.3052595392170376,0.516047413803199,0.4859622535923058,190
3,0.0,0.0,0.0,0.0,0
4,0.0,0.0,0.0,0.0,0
