,max,min,avg,median,count
0,0.6782274775146047,0.020590901530916143,0.40930196391157747,0.41944361684019893,10
1,0.6817459809714052,0.17936787376813762,0.44455792532854,0.5096201120392256,53
2,0.9207775493923347,0.2220228027222165,0.5646156826813777,0.635299226262481,193
3,0.0,0.0,0.0,0.0,0
4,0.0,0.0,0.0,0.0,0
