,max,min,avg,median,count
0,0.7855053308066573,0.6406667475587665,0.7330945254024692,0.7480110986758706,38
1,0.8881375602829465,0.13296982545473962,0.6318842356649464,0.7056771689620783,116
2,0.7999633449567777,0.2845767095562688,0.5685093065613249,0.57147675213508,155
3,0.0,0.0,0.0,0.0,0
4,0.0,0.0,0.0,0.0,0
