,max,min,avg,median,count
0,0.7029209151302555,0.33014420269528816,0.568759820489704,0.6830431614812583,25
1,0.7093238453862448,0.12831449378718462,0.35045863898938867,0.3369682260508092,96
2,0.8205331101220382,0.2616648322172052,0.6196726091250688,0.7126549870199799,135
3,0.0,0.0,0.0,0.0,0
4,0.0,0.0,0.0,0.0,0
