,max,min,avg,median,count
0,0.8205590479427799,0.1577200943004588,0.40619744513158657,0.2639082978453185,27
1,0.793264084345817,0.051551528804337714,0.4131520961049951,0.3191839679741005,76
2,0.7038360451911155,0.2311775010460644,0.4857096609192807,0.4153569135749725,154
3,0.0,0.0,0.0,0.0,0
4,0.0,0.0,0.0,0.0,0
