,max,min,avg,median,count
0,0.5286094899610988,0.08032527231671091,0.3050071512525102,0.36307281189693097,42
1,0.2745067685451357,0.09173287377008837,0.14497487903941683,0.11666037404699446,198
2,0.23295157381367199,0.0032818523753292525,0.14253005033559432,0.17568105298906386,26
3,0.0,0.0,0.0,0.0,0
4,0.0,0.0,0.0,0.0,0
