,max,min,avg,median,count
0,0.4697584436757678,0.1287813612444531,0.30374423758820346,0.3408203593228354,22
1,0.5721446857381643,0.23552254530019512,0.4177060306556548,0.44516258458525615,46
2,0.48378619504451625,0.033626605574854494,0.1580309044081636,0.08845682520856223,189
3,0.0,0.0,0.0,0.0,0
4,0.0,0.0,0.0,0.0,0
