,max,min,avg,median,count
0,0.5001801936639396,0.06633402947991371,0.36479656743751304,0.4638577546649456,24
1,0.6411358336503267,0.09794157916250594,0.3222447848092692,0.26990189709044415,51
2,0.6501038694990586,0.3638749588719764,0.5069982056293103,0.5248482103965013,199
3,0.0,0.0,0.0,0.0,0
4,0.0,0.0,0.0,0.0,0
