,max,min,avg,median,count
0,0.6931619669594195,0.11540352077855374,0.5183682660906596,0.5952273339256033,31
1,0.8233716148645281,0.1693089629390294,0.5737645557445197,0.6121106732094309,73
2,0.7581100930325759,0.017164892416378804,0.5134413496552044,0.5483511583987909,284
3,0.0,0.0,0.0,0.0,0
4,0.0,0.0,0.0,0.0,0
