,max,min,avg,median,count
0,0.5286182851879317,0.028970183303811313,0.276052215358899,0.2564310067819118,48
1,0.5398343486297456,0.008653077296211951,0.29057190945240385,0.3921890006800779,159
2,0.43368475769554504,0.013753486782869117,0.223296646516779,0.28505694928205727,86
3,0.0,0.0,0.0,0.0,0
4,0.0,0.0,0.0,0.0,0
