,max,min,avg,median,count
0,0.6476155212754544,0.05007716535967042,0.44448627981874,0.505218159388676,28
1,0.6139835494731293,0.2783271912824354,0.4471982751973888,0.453920301477912,77
2,0.7442012585513443,0.07386594429076625,0.44316611056049393,0.5069730125252986,157
3,0.0,0.0,0.0,0.0,0
4,0.0,0.0,0.0,0.0,0
