,max,min,avg,median,count
0,0.28605327039372447,0.11092894237647653,0.1928931857485734,0.20825149683602573,27
1,0.5762298572091273,0.15894201430500024,0.2808714199770667,0.21761469908513395,84
2,0.618974580949125,0.14620460308768493,0.3998035825157156,0.4391110860522108,152
3,0.0,0.0,0.0,0.0,0
4,0.0,0.0,0.0,0.0,0
