,max,min,avg,median,count
0,0.6149973286800853,0.3444327829543139,0.47923057050463747,0.4523235348208067,31
1,0.6536654961742877,0.19380995273704854,0.417927825902445,0.4153321048924008,148
2,0.3931358811974508,0.07389141818084437,0.2484239276565156,0.2685613683832215,114
3,0.0,0.0,0.0,0.0,0
4,0.0,0.0,0.0,0.0,0
