,max,min,avg,median,count
0,0.6927456093099952,0.4923440173460702,0.5657431647485873,0.5302131667734961,39
1,0.6675373599652934,0.24529896202835544,0.5157935633477058,0.5509795527203879,152
2,0.6105422782256518,0.008632676320378858,0.35501163788688933,0.4346421612200655,122
3,0.0,0.0,0.0,0.0,0
4,0.0,0.0,0.0,0.0,0
