,max,min,avg,median,count
0,0.5059897153073081,0.06647195074909211,0.2596365900537941,0.2445116542770708,41
1,0.4384948551737866,0.06055242620950019,0.24408807344207423,0.15977230123406433,126
2,0.3500792308219941,0.028928889170497307,0.19311192535007965,0.17373175777937103,104
3,0.0,0.0,0.0,0.0,0
4,0.0,0.0,0.0,0.0,0
