,max,min,avg,median,count
0,0.8197866094322455,0.48246538124745053,0.6767649771257835,0.6843895792114114,44
1,0.8094261817791327,0.11301038732932521,0.5570928896657682,0.577911550670247,142
2,0.7712157569983327,0.22910421874754724,0.5791926291128167,0.6573513309929013,303
3,0.0,0.0,0.0,0.0,0
4,0.0,0.0,0.0,0.0,0
