,max,min,avg,median,count
0,0.34894552304904514,0.18540951144457338,0.25254600242362163,0.26417873659074376,22
1,0.6021590599630073,0.2825258891593086,0.4490241072592925,0.44516491469946606,49
2,0.7349812697826763,0.05820951901503889,0.2930326818414611,0.10283949583739237,193
3,0.0,0.0,0.0,0.0,0
4,0.0,0.0,0.0,0.0,0
