,max,min,avg,median,count
0,0.4214491463676459,0.01344161362915024,0.16062152131936464,0.05247356762045294,36
1,0.3895408340376738,0.0013676996514599578,0.11229883648038445,0.04540029629632395,119
2,0.26321580870858496,0.0016966898235646571,0.11530744928135853,0.04987638371705832,274
3,0.0,0.0,0.0,0.0,0
4,0.0,0.0,0.0,0.0,0
