,max,min,avg,median,count
0,0.6448494713354349,0.08814681341282167,0.35625202481001,0.3933016838961227,37
1,0.703515383472892,0.32746039775268815,0.5050117175890466,0.4551692112240289,129
2,0.6305661284695179,0.21352536942275205,0.4215303857672895,0.40635736497880504,93
3,0.0,0.0,0.0,0.0,0
4,0.0,0.0,0.0,0.0,0
