,max,min,avg,median,count
0,0.3455972863286257,0.11894244021342697,0.23513374709912727,0.2076182697771347,28
1,0.16698489434926303,0.03996328371894699,0.09873642380602292,0.09152297754030093,153
2,0.16431833072723687,0.006301718053021022,0.08127612365491685,0.08050269569662545,73
3,0.0,0.0,0.0,0.0,0
4,0.0,0.0,0.0,0.0,0
