,max,min,avg,median,count
0,0.3500596908730793,0.0009022415002849217,0.18972755714568512,0.185000837616924,5
1,0.1573118103171864,0.006553917892864219,0.0610661615867595,0.059473228246297166,47
2,0.23690879334990078,0.005588192822167161,0.11034316021552401,0.06253879894980004,203
3,0.09873560985167991,0.027813736888204276,0.0632746733699421,0.0632746733699421,2
4,0.0,0.0,0.0,0.0,0
