,max,min,avg,median,count
0,0.7537832287311838,0.12444103773812062,0.4761141254374698,0.6255883616576292,9
1,0.75866031076516,0.32452972596066276,0.5783203548362735,0.589524010765373,32
2,0.902978187632831,0.13459672447061907,0.5722047399422296,0.6227174704333241,222
3,0.0,0.0,0.0,0.0,0
4,0.0,0.0,0.0,0.0,0
