,max,min,avg,median,count
0,0.3288512811345949,0.11521650987695377,0.25268968260493907,0.2601199063054218,60
1,0.23769074184559535,0.05550094633291811,0.09947452248297976,0.06377295418814102,98
2,0.2624909246722277,0.020150502794398208,0.19251969921893314,0.2618974865875877,253
3,0.43332369593400755,0.2096737406613406,0.29733117880772164,0.2608823907471201,12
4,0.0,0.0,0.0,0.0,0
