,max,min,avg,median,count
0,0.7113050029459711,0.10017109556726637,0.3176800929004776,0.29720294966748523,11
1,0.8257219709452324,0.537959071493394,0.6987400711671864,0.7130853725740619,73
2,0.7894883022707023,0.1427595185520358,0.5416476260535297,0.6062029057334856,240
3,0.0,0.0,0.0,0.0,0
4,0.0,0.0,0.0,0.0,0
