,max,min,avg,median,count
0,0.9081364981019379,0.5399633179685849,0.6795392174820472,0.6658478875705639,26
1,0.8160901649617133,0.4847120972013751,0.6984899502240225,0.72339663922128,63
2,0.8233481059130082,0.06748747895089893,0.47482717618781295,0.6468493064215339,252
3,0.0,0.0,0.0,0.0,0
4,0.0,0.0,0.0,0.0,0
