,max,min,avg,median,count
0,0.5097140573048305,0.030657586781502398,0.2498074605394592,0.23274393607398772,56
1,0.441487899649381,0.041490447697381375,0.19000934083129456,0.16277728367519217,115
2,0.3989190483662039,0.008536551614530995,0.21097637254525137,0.2095976411829322,258
3,0.0,0.0,0.0,0.0,0
4,0.0,0.0,0.0,0.0,0
