,max,min,avg,median,count
0,0.5003578795279205,1.3918659466171271e-05,0.22566513715478073,0.20703358156165494,22
1,0.5805271809676629,0.0563678651618252,0.35668933196200586,0.34956507808086357,82
2,0.39055364790497854,0.17347173356573983,0.2550780813320973,0.2362084291757643,153
3,0.0,0.0,0.0,0.0,0
4,0.0,0.0,0.0,0.0,0
