,max,min,avg,median,count
0,0.7316338102983967,0.13297834147031862,0.4552770702175216,0.5274083527898312,26
1,0.7540867898466441,0.0010631040504464583,0.46035962334229363,0.513006997315355,87
2,0.9009913518666971,0.1574054028477528,0.6637208657080895,0.8832109000753785,143
3,0.0,0.0,0.0,0.0,0
4,0.0,0.0,0.0,0.0,0
