,max,min,avg,median,count
0,0.5725978412104477,0.3487320605494092,0.46713917822621526,0.5190115531351978,69
1,0.5630742890073759,0.10502047415624581,0.35267926269015354,0.4005415340941862,203
2,0.5533479246609155,0.12749816549494075,0.38361816935945386,0.4534717887581759,216
3,0.0,0.0,0.0,0.0,0
4,0.0,0.0,0.0,0.0,0
