,max,min,avg,median,count
0,0.7059590873459641,0.18498277895798293,0.5602562189329418,0.6889648459972519,7
1,0.6543513194141107,0.12693202439414644,0.418498408295304,0.43878405148345406,32
2,0.8552778892958547,0.025365700718698352,0.4065776385893087,0.39055964123361386,222
3,0.7362608379944692,0.17199683576017635,0.5374257242145654,0.7040194988890506,3
4,0.0,0.0,0.0,0.0,0
