,max,min,avg,median,count
0,0.35124924583463785,0.02459678554040899,0.20073063089870652,0.21800442358720673,36
1,0.3692574716689178,0.06479969054766288,0.24944669895482594,0.23741165692841718,91
2,0.45074244384813406,0.07457446067008296,0.22140851161931133,0.11756963091495796,124
3,0.0,0.0,0.0,0.0,0
4,0.0,0.0,0.0,0.0,0
