,max,min,avg,median,count
0,0.5755147418127862,0.252069915311488,0.41104182765462455,0.39849491303839607,46
1,0.5106478061711168,0.09200724119493006,0.27454021701176856,0.22343055071975232,76
2,0.5471554733583184,0.047943206154252405,0.40059654368963227,0.48960003523688056,143
3,0.0,0.0,0.0,0.0,0
4,0.0,0.0,0.0,0.0,0
