,max,min,avg,median,count
0,0.7707121823276812,0.11058360411141674,0.321239171438097,0.17040858551401017,52
1,0.4869044777393548,0.0415226777463959,0.23652511282138486,0.14358509257915353,89
2,0.32469926968417917,0.045113860777525355,0.1843154424654919,0.1902459565764318,222
3,0.0,0.0,0.0,0.0,0
4,0.0,0.0,0.0,0.0,0
