,max,min,avg,median,count
0,0.8629751235147602,0.4804816206864028,0.6635581538876142,0.6400236414923224,44
1,0.8899278566294194,0.3462876412230208,0.658439679008513,0.7017810087705342,143
2,0.8200267162119915,0.579937590110325,0.6888723144575886,0.640547033420069,289
3,0.0,0.0,0.0,0.0,0
4,0.0,0.0,0.0,0.0,0
