,max,min,avg,median,count
0,0.32381167114657866,0.001192071811774635,0.1171873734539507,0.0638353639937177,36
1,0.4720269078431327,0.06109658188755216,0.20522737260607177,0.12546406206198596,108
2,0.39142919742419785,0.04419691756540385,0.23886376272439006,0.24923053421995117,113
3,0.0,0.0,0.0,0.0,0
4,0.0,0.0,0.0,0.0,0
