,max,min,avg,median,count
0,0.8302050855463671,0.13921399557710618,0.4869413013364941,0.5316151205001446,31
1,0.6709324276113203,0.14906562769963752,0.4818052968016134,0.4824561719523374,75
2,0.7679003436295946,0.02764841015635277,0.381625284488931,0.44652859598796385,157
3,0.0,0.0,0.0,0.0,0
4,0.0,0.0,0.0,0.0,0
