,max,min,avg,median,count
0,0.6222595095713023,0.03243888623710403,0.2989222751154731,0.38063667912113947,26
1,0.6456404339584562,0.10601252175425399,0.36429276839848834,0.31430118210200814,175
2,0.6255115058810994,0.17865578498246434,0.4683000157706062,0.4724885175060623,60
3,0.0,0.0,0.0,0.0,0
4,0.0,0.0,0.0,0.0,0
