,max,min,avg,median,count
0,0.8891082591404257,0.22823712711888422,0.619189810091303,0.6341612803651003,14
1,0.8578640231114011,0.2640177302766127,0.5587588078687021,0.5730444082046527,140
2,0.7788503500748778,0.19191166683044442,0.4949660482829693,0.52705311703134,103
3,0.0,0.0,0.0,0.0,0
4,0.0,0.0,0.0,0.0,0
