,max,min,avg,median,count
0,0.8640212925554908,0.5289596539306506,0.6542800776842082,0.6215486606856317,13
1,0.6228802146106522,0.2018741480648645,0.40789161281549324,0.3516234604091867,172
2,0.7296419906960169,0.09618919196377086,0.3311124105400812,0.2592523167442654,72
3,0.0,0.0,0.0,0.0,0
4,0.0,0.0,0.0,0.0,0
