,max,min,avg,median,count
0,0.7918665498673088,0.17953836675021362,0.5692443193152441,0.7181929505291378,45
1,0.4663312701766442,0.02689439777011037,0.2549750586087972,0.25405067026843836,125
2,0.5734890462650106,0.1726406946780908,0.3086745961660717,0.2192456377098017,130
3,0.0,0.0,0.0,0.0,0
4,0.0,0.0,0.0,0.0,0
