,max,min,avg,median,count
0,0.8673211575358131,0.45482175467414865,0.7215057313981326,0.718068237543926,36
1,0.827934999995845,0.2615823275643393,0.6063930119870302,0.6516983299361621,89
2,0.8559374873415768,0.027437889606945397,0.4582032101025229,0.5116930439431505,135
3,0.0,0.0,0.0,0.0,0
4,0.0,0.0,0.0,0.0,0
