,max,min,avg,median,count
0,0.5231578142411963,0.06257329756098925,0.3037236677957331,0.2397644299495043,30
1,0.2691297025478158,0.0009262622823144089,0.14134343172391475,0.17402537266712903,121
2,0.5388917219618405,0.011265380722867074,0.2247793280682681,0.1403087608956715,235
3,0.0,0.0,0.0,0.0,0
4,0.0,0.0,0.0,0.0,0
