,max,min,avg,median,count
0,0.43888489959951615,0.011646632281501841,0.2202797665889121,0.20365001605896205,40
1,0.5469380935468606,0.1989514770058947,0.37845937098167226,0.4193577517177165,180
2,0.4609319674215468,0.0978616537814628,0.2484018958445003,0.14722600052620383,40
3,0.0,0.0,0.0,0.0,0
4,0.0,0.0,0.0,0.0,0
