,max,min,avg,median,count
0,0.7099173015323949,0.5374863616527296,0.6475523440029848,0.6588842732659923,38
1,0.6946388556413577,0.05803257756302619,0.4587503794184757,0.6149248240532231,99
2,0.7259803663803057,0.0892882899639972,0.38870820689441443,0.28476112470266934,123
3,0.0,0.0,0.0,0.0,0
4,0.0,0.0,0.0,0.0,0
