,max,min,avg,median,count
0,0.4511632475905869,0.045928682131793304,0.18969220783393173,0.13293186593301148,39
1,0.770061438711374,0.3297911126611861,0.5634197841317208,0.568203205238975,70
2,0.8384718546921917,0.0741761387043249,0.45087660915632843,0.4038702246978102,163
3,0.0,0.0,0.0,0.0,0
4,0.0,0.0,0.0,0.0,0
