,max,min,avg,median,count
0,0.218744624362122,0.13986692426233527,0.18404758366902296,0.19292535525599605,26
1,0.2894145043775473,0.06437181844630192,0.20045931469947093,0.251776562900837,55
2,0.41461546932020166,0.019983448655713505,0.2214888510842336,0.28141061928564265,249
3,0.0,0.0,0.0,0.0,0
4,0.0,0.0,0.0,0.0,0
