,max,min,avg,median,count
0,0.7710881474355509,0.2398074281160783,0.4471750953029948,0.2953287476126285,6
1,0.7855949366715886,0.4851499574449358,0.6390570622641276,0.614266366378503,138
2,0.7912703300296837,0.1172242580491512,0.5178170829488311,0.6915439499703186,161
3,0.8127724783117058,0.39874890535292723,0.6753616953611452,0.6989411250547163,33
4,0.0,0.0,0.0,0.0,0
