,max,min,avg,median,count
0,0.5911680672813928,0.470608149863891,0.5331471122141487,0.5339257581463712,51
1,0.8146313355513962,0.10270851082852597,0.5194901991634922,0.5467235954432886,127
2,0.8187163662383213,0.3292670608017656,0.5838641729979372,0.5957058588102017,201
3,0.0,0.0,0.0,0.0,0
4,0.0,0.0,0.0,0.0,0
