,max,min,avg,median,count
0,0.8024009556025794,0.0021904402659144277,0.3602422413893861,0.24261839577545716,38
1,0.7068492658668527,0.15184793431043941,0.4652799966393338,0.5434676437269091,137
2,0.706469131241536,0.1709119690150823,0.47637923315976255,0.5123424467703032,82
3,0.0,0.0,0.0,0.0,0
4,0.0,0.0,0.0,0.0,0
