,max,min,avg,median,count
0,0.9276844496284723,0.1329345150855875,0.49901580112349453,0.45229863435441536,40
1,0.8362429762403308,0.20163287362636179,0.6029220950193536,0.622560100656877,83
2,0.8700993419902668,0.06841743352884162,0.5711663169593243,0.6436551182788778,131
3,0.8446138447716914,0.609729662633713,0.7271717537027023,0.7271717537027023,2
4,0.0,0.0,0.0,0.0,0
