,max,min,avg,median,count
0,0.46927185354486917,0.055962469728737356,0.2639171020086806,0.2074933670351573,41
1,0.24056166740771945,0.057015741543530264,0.1446539430723184,0.11375848629102221,129
2,0.38904026225020716,0.08018112419137129,0.29168358022729535,0.35046638047245027,89
3,0.784059231364613,0.784059231364613,0.784059231364613,0.784059231364613,1
4,0.0,0.0,0.0,0.0,0
