,max,min,avg,median,count
0,0.5739244869596477,0.1690271589938072,0.36652516107300864,0.3616634123807666,24
1,0.8374985022969952,0.028023907311745533,0.28497120465126324,0.237917732251495,77
2,0.7296536263316935,0.0016240082481727332,0.42011069239332366,0.45084750830913245,160
3,0.0,0.0,0.0,0.0,0
4,0.0,0.0,0.0,0.0,0
