,max,min,avg,median,count
0,0.5040088720135618,0.05986228097962196,0.2433826992212981,0.19278793767701802,6
1,0.5791661544293707,0.4776855440586376,0.5106432415092982,0.4852092567081098,117
2,0.6698753755545445,0.26658750050647534,0.4730523088393978,0.5014998483020802,135
3,0.0,0.0,0.0,0.0,0
4,0.0,0.0,0.0,0.0,0
