,max,min,avg,median,count
0,0.5647602383530637,0.18657689229175461,0.35322753120298905,0.2817660663310955,39
1,0.47801410739092953,0.021875626696869422,0.2921366842145724,0.3770496491611639,69
2,0.5822524346237609,0.10160203289336348,0.2762611691678416,0.17087619002629786,146
3,0.7066035966574987,0.3931743219466547,0.5498889593020767,0.5498889593020767,2
4,0.0,0.0,0.0,0.0,0
