,max,min,avg,median,count
0,0.9139916271440826,0.39191834535898407,0.6658896713549316,0.6417104315636144,52
1,0.9119050296900816,0.490200957851414,0.765234735026964,0.818341634008341,89
2,0.9094515921814145,0.6694372827209806,0.8289235248541218,0.8493685185443971,217
3,0.9040730460509856,0.6618604279929677,0.824848877571371,0.8694443666519136,8
4,0.0,0.0,0.0,0.0,0
