,max,min,avg,median,count
0,0.8383314491623705,0.3943068906842274,0.6670429101097765,0.7932663077041704,48
1,0.7267514992571827,0.4029885553869029,0.6321472742629173,0.6974073542280415,96
2,0.7793323864124844,0.11035540439134683,0.6196146584207075,0.7474963823072353,116
3,0.0,0.0,0.0,0.0,0
4,0.0,0.0,0.0,0.0,0
