,max,min,avg,median,count
0,0.8614743217673466,0.30758860355250056,0.5909457041351717,0.5372683124283009,25
1,0.7517845669863646,0.320906003859849,0.5385244208942941,0.5612741535593292,111
2,0.6775813151909366,0.11370534609191653,0.4493614796482802,0.5766040234017282,124
3,0.0,0.0,0.0,0.0,0
4,0.0,0.0,0.0,0.0,0
