,max,min,avg,median,count
0,0.8860340545318753,0.600245542055453,0.7066384845901629,0.6878627087393887,22
1,0.7914643330343103,0.03456287785195987,0.35140747256377747,0.33170115069587897,45
2,0.7229737621022146,0.14242973870750006,0.42303895653260526,0.43468071783709106,189
3,0.0,0.0,0.0,0.0,0
4,0.0,0.0,0.0,0.0,0
