,max,min,avg,median,count
0,0.8147811661695157,0.01882940349380142,0.4997573042585232,0.7410431785785664,32
1,0.7471002485857327,0.07446896597150247,0.36745474769332354,0.36963015874839644,168
2,0.6351767409144567,0.09833573978487656,0.40816559522356866,0.4084230730067703,81
3,0.0,0.0,0.0,0.0,0
4,0.0,0.0,0.0,0.0,0
