,max,min,avg,median,count
0,0.7211862061686254,0.27819689363246264,0.45941888439843115,0.37159012434309097,28
1,0.6005271268186888,0.0802353409699347,0.2578308490237651,0.20488498090214544,125
2,0.7325671102404865,0.21493587073715895,0.37018882636882156,0.28349988365879863,105
3,0.0,0.0,0.0,0.0,0
4,0.0,0.0,0.0,0.0,0
