,max,min,avg,median,count
0,0.46814837540096627,0.08713418306482558,0.20217629253546948,0.14867837707697806,26
1,0.8476538876087767,0.04121767044342859,0.3861691703813185,0.2734144375308382,79
2,0.7765266312689774,0.3196982142851648,0.5988902755049299,0.6289244836907365,152
3,0.0,0.0,0.0,0.0,0
4,0.0,0.0,0.0,0.0,0
