,max,min,avg,median,count
0,0.8472136329166666,0.06014255415711707,0.4562076864112948,0.46195919843775957,61
1,0.43560866270362925,0.06619317190513763,0.2597229264408559,0.25843165078466135,123
2,0.6008776880547465,0.3466915471272707,0.47132724380980334,0.5053969298650862,279
3,0.0,0.0,0.0,0.0,0
4,0.0,0.0,0.0,0.0,0
