,max,min,avg,median,count
0,0.509783551545213,0.3143910831342625,0.4137432138269227,0.39054063406169154,21
1,0.5482160559315687,0.33410993722198973,0.448255942236928,0.4412669133025691,189
2,0.6578415297728847,0.04430953386061007,0.2569103412911876,0.1834430667443047,279
3,0.0,0.0,0.0,0.0,0
4,0.0,0.0,0.0,0.0,0
