,max,min,avg,median,count
0,0.8886002663886453,0.15151701390036998,0.5347835838317592,0.5809916611248146,30
1,0.8538894245591444,0.028547827327927825,0.2747584254712671,0.17538703612498566,100
2,0.7350425525701659,0.22460193008222248,0.49742786148209295,0.4954693584495233,136
3,0.0,0.0,0.0,0.0,0
4,0.0,0.0,0.0,0.0,0
