,max,min,avg,median,count
0,0.49663552751263895,0.0031975451976786165,0.21398120834433904,0.16153746231816546,26
1,0.47923139522763686,0.03208655967829578,0.27324707233655754,0.35256789577819786,68
2,0.37105588572873593,0.023428598801395178,0.18821771467972395,0.16994959721872413,237
3,0.0,0.0,0.0,0.0,0
4,0.0,0.0,0.0,0.0,0
