,max,min,avg,median,count
0,0.7565300371783666,0.41365783189156974,0.666267613770865,0.7362030723775878,43
1,0.5991422283882339,0.18595948335609933,0.49627962272082426,0.568295756885576,125
2,0.6646627043977176,0.02073776279248497,0.4435212595261409,0.5023430613712745,169
3,0.0,0.0,0.0,0.0,0
4,0.0,0.0,0.0,0.0,0
