,max,min,avg,median,count
0,0.5352356305246626,0.019443062896435992,0.3725106209129382,0.4051034888598636,39
1,0.7183369631836384,0.027260342687358198,0.24482195431780376,0.16551120474806894,71
2,0.7349989137985857,0.1606480305859176,0.45641803346679993,0.49563369147709097,152
3,0.7248859918142778,0.6200849904959866,0.6724854911551322,0.6724854911551322,2
4,0.0,0.0,0.0,0.0,0
