,max,min,avg,median,count
0,0.857912365455037,0.33322899731840006,0.6738700784373406,0.7831439444919073,22
1,0.7646930254358052,0.004838543896078485,0.5666561930717308,0.6989703978043166,50
2,0.8170343083203649,0.0822343132465829,0.5239342861468793,0.5514732427184827,230
3,0.0,0.0,0.0,0.0,0
4,0.0,0.0,0.0,0.0,0
