,max,min,avg,median,count
0,0.4467931486846503,0.17840144927014434,0.3054800584314898,0.29371961643194083,41
1,0.5993489874070597,0.19499284027751942,0.40381469940606596,0.37405632979781794,111
2,0.49023578754199465,0.0007745375971675532,0.2749112511209499,0.21147542855814047,123
3,0.0,0.0,0.0,0.0,0
4,0.0,0.0,0.0,0.0,0
