,max,min,avg,median,count
0,0.40798942753929524,0.057895669211679386,0.22105018544437544,0.21031341890273467,10
1,0.6779702306234416,0.07974901123601545,0.3619390574982388,0.3420588496885428,60
2,0.5500147800034315,0.02730651392708417,0.2855360763377617,0.27669249752893377,190
3,0.0,0.0,0.0,0.0,0
4,0.0,0.0,0.0,0.0,0
