,max,min,avg,median,count
0,0.766382694890547,0.08579931494440833,0.5374624833330987,0.6198680264156797,33
1,0.8074193514808339,0.5588451326478803,0.6826260487896831,0.6705000944592976,135
2,0.7782751179297424,0.13500102544876139,0.4797318979992828,0.47187940616436,95
3,0.0,0.0,0.0,0.0,0
4,0.0,0.0,0.0,0.0,0
