,max,min,avg,median,count
0,0.6457081728737292,0.20441609443282707,0.40985278571903566,0.37055449454427625,41
1,0.45494164416181376,0.2169791977919244,0.3462557014127624,0.4093661138853795,71
2,0.7068779727002366,0.28328939679546555,0.5436933191158753,0.6672907910476185,160
3,0.6401070793309045,0.14447501896887807,0.39229104914989127,0.39229104914989127,2
4,0.0,0.0,0.0,0.0,0
