,max,min,avg,median,count
0,0.8025620365409344,0.0642446158785533,0.4792857154130449,0.6136048070273515,52
1,0.6892861290634853,0.05701923733922489,0.3832727708463632,0.4399612194847687,186
2,0.7415803797569256,0.11884128296907485,0.4285495142141281,0.4624960353629241,25
3,0.0,0.0,0.0,0.0,0
4,0.0,0.0,0.0,0.0,0
