,max,min,avg,median,count
0,0.5104967745291716,0.012590321173858292,0.27633890125586535,0.32245035228885427,23
1,0.49110530593557405,0.12823647007660988,0.2889359675674636,0.29014839382185986,139
2,0.38399408211258584,0.05789650204243807,0.20751478890725167,0.18093674677810595,95
3,0.0,0.0,0.0,0.0,0
4,0.0,0.0,0.0,0.0,0
