,max,min,avg,median,count
0,0.6887548325950452,0.19179876953579214,0.44048392028063243,0.4034914117300383,37
1,0.9010745057079436,0.6455577043148079,0.7686612973956309,0.7711039622485099,102
2,0.8763659125531973,0.15092527040523204,0.4325942655894751,0.29922493414219364,119
3,0.0,0.0,0.0,0.0,0
4,0.0,0.0,0.0,0.0,0
