,max,min,avg,median,count
0,0.5415623010904863,0.14469604064098804,0.301682610409873,0.2877853317580925,30
1,0.31709903370242887,0.0823716342008789,0.21611349617975018,0.2615303573271951,75
2,0.34725757700528004,0.17642620550297036,0.2911943076825202,0.32204817717481293,158
3,0.0,0.0,0.0,0.0,0
4,0.0,0.0,0.0,0.0,0
