,max,min,avg,median,count
0,0.47357214925251745,0.19176891235064983,0.3317678085332723,0.31828635537469474,43
1,0.7815380272538196,0.10544535450621005,0.3886483709405361,0.20713424038973485,65
2,0.7849929735048597,0.13802854420249797,0.42978070310162336,0.3942909232924903,155
3,0.0,0.0,0.0,0.0,0
4,0.0,0.0,0.0,0.0,0
