,max,min,avg,median,count
0,0.7862318466127738,0.1544467234939215,0.5452502960676726,0.6766249526547737,38
1,0.7540577550340871,0.5234938539844337,0.6854034447015718,0.7397051430939615,80
2,0.7984392633070836,0.3455230217840661,0.5849896653728006,0.6610942709101582,166
3,0.0,0.0,0.0,0.0,0
4,0.0,0.0,0.0,0.0,0
