,max,min,avg,median,count
0,0.11316725622902093,0.008910955500629545,0.07172802862701774,0.08811442010438092,36
1,0.10486153254467068,0.0030612882407354235,0.04980902856615778,0.04685451183479355,111
2,0.12821623845281843,0.008765631891055831,0.07540616377953516,0.09722461544434123,191
3,0.0,0.0,0.0,0.0,0
4,0.0,0.0,0.0,0.0,0
