,max,min,avg,median,count
0,0.8762746163372425,0.0812415421795508,0.6358832251922641,0.8188483667546871,42
1,0.8949208893377176,0.31693508342587534,0.5695447846740662,0.46683953111595955,80
2,0.9203409376678428,0.7544195768813249,0.8488467534040389,0.8588471625540978,147
3,0.794621259605807,0.06492188512245235,0.5212197317602851,0.7041160505525962,3
4,0.0,0.0,0.0,0.0,0
