,max,min,avg,median,count
0,0.7443321426174427,0.008065900736305903,0.3236742263141843,0.25375672428388885,27
1,0.7754560696097524,0.09940291427272221,0.5705770601609298,0.6199424884169795,78
2,0.585544851114838,0.07895528020356007,0.24491439450683533,0.2148716919035179,177
3,0.8959537851118778,0.6761184221855494,0.7860361036487136,0.7860361036487136,2
4,0.0,0.0,0.0,0.0,0
