,max,min,avg,median,count
0,0.6827713175816187,0.21232238283964489,0.38451327744225994,0.2514566284732196,34
1,0.5866663385167696,0.1513972367713872,0.458444607710926,0.5141850763936568,105
2,0.5331200386746592,0.14752402946486684,0.2698399808820508,0.24050995399425798,206
3,0.0,0.0,0.0,0.0,0
4,0.0,0.0,0.0,0.0,0
