,max,min,avg,median,count
0,0.6364631720414644,0.061113791703280185,0.40591937153028335,0.47688980911797374,46
1,0.532452650244451,0.01979127658213079,0.3193286566320907,0.4374794514349017,77
2,0.3851518624493358,0.18697179984572582,0.2771133944357964,0.24125292265965706,184
3,0.4123813541923233,0.15099419223039295,0.29854470729539323,0.3154016413794283,4
4,0.0,0.0,0.0,0.0,0
