,max,min,avg,median,count
0,0.6032735661199359,0.11449782294240388,0.37390775306322566,0.42688292006105,46
1,0.5986562011132122,0.12658561890064549,0.43482717602152376,0.5032092241033369,168
2,0.5880609183127761,0.12343837106507802,0.3907911731151268,0.4582579333344089,57
3,0.0,0.0,0.0,0.0,0
4,0.0,0.0,0.0,0.0,0
