,max,min,avg,median,count
0,0.6302635159016617,0.2062136635036693,0.418259225568469,0.44947335990933274,34
1,0.6029674589451934,0.21132396250500748,0.4247420867699495,0.5234577143175836,80
2,0.3646055536356887,0.07211644867358753,0.201507119094195,0.20426927659994984,293
3,0.0,0.0,0.0,0.0,0
4,0.0,0.0,0.0,0.0,0
