,max,min,avg,median,count
0,0.4534941286357759,0.14253005922570988,0.2585580514729959,0.24975919402550528,28
1,0.768848159332227,0.22528894244444023,0.5266628467984986,0.5240780901019451,61
2,0.7325956809164808,0.07464021466370702,0.37261986982304146,0.35708535525450164,185
3,0.0,0.0,0.0,0.0,0
4,0.0,0.0,0.0,0.0,0
