,max,min,avg,median,count
0,0.4969210036547448,0.15581083643606047,0.3805698966570943,0.4337583986806067,23
1,0.6586516409761317,0.06994043686104072,0.2934139299974524,0.21848778312763964,48
2,0.6744258573380675,0.13886617180694305,0.3514955890929257,0.2660934233068049,196
3,0.0,0.0,0.0,0.0,0
4,0.0,0.0,0.0,0.0,0
