,max,min,avg,median,count
0,0.7982208085864813,0.20055490421234276,0.5119591339367033,0.5752622757908281,11
1,0.7577751021586541,0.1961947161669605,0.47658325156857045,0.5619812518654103,215
2,0.842707866191565,0.3384105086323005,0.5782669032975789,0.5708606513026137,67
3,0.0,0.0,0.0,0.0,0
4,0.0,0.0,0.0,0.0,0
