,max,min,avg,median,count
0,0.3678692118137952,0.006591992135640151,0.19376768128173683,0.21682766698671202,27
1,0.3876870013119546,0.03999061304891536,0.21382860842720247,0.23470200496451088,186
2,0.533354296277869,0.027749395505314533,0.20806793144103156,0.18495474221246175,44
3,0.0,0.0,0.0,0.0,0
4,0.0,0.0,0.0,0.0,0
