,max,min,avg,median,count
0,0.8691982258819702,0.262351931507483,0.5012203074102158,0.426082874770896,36
1,0.7174059824272129,0.2701366462327299,0.4891177931540843,0.5275425955637858,84
2,0.8158333000101473,0.0431212205665794,0.5497724759913105,0.6709778813712468,136
3,0.0,0.0,0.0,0.0,0
4,0.0,0.0,0.0,0.0,0
