,max,min,avg,median,count
0,0.6344254187406776,0.02382800126881326,0.49435837800719307,0.6111156513534052,39
1,0.7015946230656911,0.4283994561289373,0.573029060866903,0.6093963899304574,94
2,0.6987667655522296,0.06771336338625718,0.5234099964738297,0.6667058194395749,129
3,0.6058365450413917,0.37935529002289814,0.49259591753214493,0.49259591753214493,2
4,0.0,0.0,0.0,0.0,0
