,max,min,avg,median,count
0,0.7872203626983484,0.18653249274476102,0.5598355378487198,0.6278922798720287,39
1,0.7901840505127061,0.13140285105345678,0.4970375074034429,0.6383191377494306,72
2,0.8544628762334135,0.05993379880357296,0.5901247093186888,0.7572815410102667,153
3,0.0,0.0,0.0,0.0,0
4,0.0,0.0,0.0,0.0,0
