,max,min,avg,median,count
0,0.4466819307161568,0.04947360300412407,0.235173213537537,0.1598282148495617,35
1,0.5190839184039124,0.015237476821592365,0.15021467723749862,0.056476123144907645,74
2,0.34059046637214296,0.011545423932109956,0.20430946220877005,0.20562259944886147,210
3,0.0,0.0,0.0,0.0,0
4,0.0,0.0,0.0,0.0,0
