,max,min,avg,median,count
0,0.8016936450500818,0.4733629618341805,0.683918698502438,0.7160238882668513,46
1,0.8479498901692455,0.7484706396575829,0.7987982449607595,0.8066751560658946,134
2,0.9154917270930876,0.10102935252258546,0.6477297393721965,0.7036960149513795,121
3,0.0,0.0,0.0,0.0,0
4,0.0,0.0,0.0,0.0,0
