,max,min,avg,median,count
0,0.7847015357266006,0.1193612695854501,0.307895107909135,0.15979176510065057,38
1,0.8136759280374259,0.08018295231653283,0.3437783384402397,0.21168937567834978,119
2,0.7016547960323424,0.05285921282988831,0.4133709531553619,0.43359849976197196,225
3,0.0,0.0,0.0,0.0,0
4,0.0,0.0,0.0,0.0,0
