,max,min,avg,median,count
0,0.3292852876224439,0.0018013583609490281,0.17515393368785842,0.12226087245724111,13
1,0.5818180140779166,0.016360233440390278,0.2781173879278674,0.3268865463715658,25
2,0.6154528752719943,0.19132107472226031,0.4383566006012143,0.4513533753120918,336
3,0.6442624155512848,0.007794597405154262,0.3074399117999529,0.23382400301439696,75
4,0.0,0.0,0.0,0.0,0
