,max,min,avg,median,count
0,0.8389983455199786,0.08571085137502925,0.3891553683270596,0.18422840531559817,31
1,0.918079705377931,0.04787620225376366,0.5441880232181722,0.5196443867121192,136
2,0.8747123813039702,0.07990244635645023,0.6347730627168815,0.7842738501748937,94
3,0.0,0.0,0.0,0.0,0
4,0.0,0.0,0.0,0.0,0
