,max,min,avg,median,count
0,0.765851108875092,0.2304688909530086,0.4646219392646843,0.37076032104950735,32
1,0.6042414865772329,0.1651621838652155,0.39555507162608483,0.401146593459801,69
2,0.7328848726121576,0.21753046812535543,0.37205063446713255,0.25907293031954737,275
3,0.0,0.0,0.0,0.0,0
4,0.0,0.0,0.0,0.0,0
