,max,min,avg,median,count
0,0.7714996429401944,0.2360474270296443,0.5100554973188959,0.5007676878176678,31
1,0.8062853072281321,0.10558764485346013,0.49683029040372173,0.5983208049481388,81
2,0.8314631777564624,0.6370539016863715,0.7274425524182482,0.7425527303972994,167
3,0.0,0.0,0.0,0.0,0
4,0.0,0.0,0.0,0.0,0
