,max,min,avg,median,count
0,0.7770054109425347,0.040259661098048516,0.5867813013064029,0.7354096276446436,39
1,0.8118444835253841,0.01086730184597905,0.6336250711182226,0.7887062299219978,105
2,0.7350207458352623,0.3824486960171101,0.5150846808623972,0.387191014438135,122
3,0.0,0.0,0.0,0.0,0
4,0.0,0.0,0.0,0.0,0
