,max,min,avg,median,count
0,0.6281687499520566,0.05741191648276754,0.3036197803079163,0.1898438956525673,26
1,0.7139799972133177,0.2910127363321902,0.5374384936013316,0.6554422564787998,94
2,0.7629636196976266,0.24689523270899658,0.42784116629769314,0.3398829525981955,155
3,0.0,0.0,0.0,0.0,0
4,0.0,0.0,0.0,0.0,0
