,max,min,avg,median,count
0,0.6180315389669608,0.002802026499325911,0.3577421314702658,0.39151047909108794,42
1,0.6853279118685729,0.012178506737200539,0.32546960773097855,0.4030863363428123,101
2,0.6767425382597271,0.07281414210473747,0.4211949597630621,0.48859749487157,122
3,0.0,0.0,0.0,0.0,0
4,0.0,0.0,0.0,0.0,0
