,max,min,avg,median,count
0,0.3462474146835085,0.0731860567514363,0.23677214725156664,0.2640278359032263,42
1,0.5891995783361149,0.037575356524313555,0.33604857131778915,0.35457304080448965,105
2,0.6093077801487062,0.31674970696245297,0.44088837290716165,0.4341000926509152,109
3,0.3677985930243893,0.3677985930243893,0.3677985930243893,0.3677985930243893,1
4,0.0,0.0,0.0,0.0,0
