,max,min,avg,median,count
0,0.42014155524304236,0.261026461286783,0.36934163274665766,0.39021784423508576,25
1,0.6369886133656476,0.17653822342286044,0.3466595966756289,0.3103956576490261,155
2,0.36323110721494123,0.1305264832318458,0.27210405345364996,0.28217059400435635,97
3,0.0,0.0,0.0,0.0,0
4,0.0,0.0,0.0,0.0,0
