,max,min,avg,median,count
0,0.8333607830211222,0.525044394484605,0.6770275696895187,0.6551905146499698,39
1,0.8439027293703034,0.39183382555247753,0.6604242325462739,0.7497362234347699,71
2,0.8151163294830382,0.09136713646480178,0.49280953697658764,0.6552340268601055,150
3,0.6704382099037438,0.0615132467307007,0.41879184049970514,0.524424064864671,3
4,0.0,0.0,0.0,0.0,0
