,max,min,avg,median,count
0,0.6181773789637672,0.022291284963532873,0.29728242306591307,0.1637488382762126,40
1,0.7167939855346923,0.020134952874999754,0.4265112015456595,0.5160487419231076,82
2,0.6396649844948078,0.095551880571599,0.3775880746617476,0.3972869001647507,133
3,0.5724830914085859,0.5724830914085859,0.5724830914085859,0.5724830914085859,1
4,0.0,0.0,0.0,0.0,0
