,max,min,avg,median,count
0,0.7387292360190981,0.05072284558037722,0.4187460114286937,0.5215243605171185,29
1,0.6629471010329525,0.2882419649268516,0.47334873931425375,0.49564039493868856,153
2,0.7701298535547401,0.14312566628756412,0.3862466464950932,0.23207543202744615,74
3,0.0,0.0,0.0,0.0,0
4,0.0,0.0,0.0,0.0,0
