,max,min,avg,median,count
0,0.7132310721807117,0.04516658687802232,0.3857798898505563,0.4830568058776886,6
1,0.8235114143663942,0.10407501765035772,0.48512419676754687,0.5904654128327724,82
2,0.8203349616986384,0.18949187289178457,0.6606589400053867,0.7575188375509501,169
3,0.5923914362376603,0.5923914362376603,0.5923914362376603,0.5923914362376603,1
4,0.0,0.0,0.0,0.0,0
