,max,min,avg,median,count
0,0.4023262630885063,0.1307289944519376,0.2363484826622424,0.21695870354518865,28
1,0.6988361126879687,0.26378378909748856,0.5089511321075495,0.5249881594085322,77
2,0.8122051568857115,0.1467891391933009,0.5124973529222375,0.536227222309554,156
3,0.0,0.0,0.0,0.0,0
4,0.0,0.0,0.0,0.0,0
