,max,min,avg,median,count
0,0.20318889547556476,0.011094790258399819,0.12848888018818103,0.1338297010327702,10
1,0.45661708496770625,0.0338696510187368,0.3070089323057858,0.35082593571297166,109
2,0.473391029390611,0.18632639358656147,0.3426858086477582,0.32945777364635015,192
3,0.6080726655262325,0.3994450996008939,0.5037588825635633,0.5037588825635633,2
4,0.0,0.0,0.0,0.0,0
