,max,min,avg,median,count
0,0.6837903418852713,0.29081739684602675,0.46013576462050276,0.3388215827438431,30
1,0.2655856090085964,0.05109499337378511,0.13424628982764433,0.10644416659121661,143
2,0.508486866421949,0.021242128892432974,0.28737614785171944,0.34676557280107084,86
3,0.0,0.0,0.0,0.0,0
4,0.0,0.0,0.0,0.0,0
