,max,min,avg,median,count
0,0.8454489635392448,0.007193699997135909,0.4965197147351123,0.6261688782784119,25
1,0.6801984885158041,0.20794167953631112,0.5440781163573039,0.6073204727145634,141
2,0.6738333921218338,0.22990772214231356,0.42633999490601154,0.4467996068742126,110
3,0.10238415036771677,0.10238415036771677,0.10238415036771677,0.10238415036771677,1
4,0.0,0.0,0.0,0.0,0
