,max,min,avg,median,count
0,0.905857679333536,0.08038133442580075,0.5191257979810296,0.6195458083341614,23
1,0.9279120789954073,0.25381877761882365,0.7292421653308976,0.8429811421361865,128
2,0.7311086074549827,0.02401601701562283,0.2719356104066221,0.08964155476506672,108
3,0.41198878848936954,0.41198878848936954,0.41198878848936954,0.41198878848936954,1
4,0.0,0.0,0.0,0.0,0
