,max,min,avg,median,count
0,0.8966784041754082,0.15477002383380908,0.6182393355011663,0.6215486606856319,22
1,0.8669097682857404,0.2285235114279522,0.6197581131495793,0.6804673269758096,113
2,0.8506639796408498,0.05908730272125241,0.4169878330068816,0.3330725404763986,123
3,0.0,0.0,0.0,0.0,0
4,0.0,0.0,0.0,0.0,0
