,max,min,avg,median,count
0,0.6550196046361597,0.07654886026970499,0.3801115111195698,0.4303448984255513,26
1,0.4261643636887069,0.14958634428190784,0.2958740905941756,0.31500030373429305,116
2,0.5665467585456153,0.060928065174722455,0.3937168789518954,0.42949777727422633,118
3,0.06624950239838684,0.06624950239838684,0.06624950239838684,0.06624950239838684,1
4,0.0,0.0,0.0,0.0,0
