,max,min,avg,median,count
0,0.7559932291725794,0.09004300981104142,0.4450002808887807,0.5028863895140386,66
1,0.8325026573456916,0.33800448911090586,0.6457973825587691,0.685729407612569,186
2,0.8036073743617586,0.20528249881661562,0.5250107411780135,0.5053033288733354,223
3,0.0,0.0,0.0,0.0,0
4,0.0,0.0,0.0,0.0,0
