,max,min,avg,median,count
0,0.32604824995299536,0.13485468657228078,0.20377680226938702,0.1451672222442759,39
1,0.5816009730254725,0.14239052590334808,0.3457249978087625,0.3594954215798949,107
2,0.5952504881252494,0.13295581355738234,0.48307191638270053,0.5890108763421429,112
3,0.3476449511670335,0.3476449511670335,0.3476449511670335,0.3476449511670335,1
4,0.0,0.0,0.0,0.0,0
