,max,min,avg,median,count
0,0.8058523293620845,0.3102721076916779,0.4629717873331545,0.3442470369506844,26
1,0.6007533140103998,0.08903683178528159,0.36668394153206524,0.3041727950859055,94
2,0.640787362082951,0.12469457581145471,0.4562459001533753,0.4489787255612283,143
3,0.0,0.0,0.0,0.0,0
4,0.0,0.0,0.0,0.0,0
