,max,min,avg,median,count
0,0.639093420324077,0.058046519403143315,0.40285662542712714,0.5757010043116273,31
1,0.6803301940826572,0.2120510683866666,0.3823503484328622,0.2667704701080892,147
2,0.4772538274438061,0.07142696977566218,0.2615703527201684,0.20907645112762588,102
3,0.0,0.0,0.0,0.0,0
4,0.0,0.0,0.0,0.0,0
