,max,min,avg,median,count
0,0.44481322892527764,0.08692765971015924,0.307999149832855,0.35481418672286824,50
1,0.23889275872250032,0.011647877374984619,0.10092670065140212,0.1034585904518173,171
2,0.5929964561028133,0.07932115000058088,0.33299617038886176,0.32406621827471793,39
3,0.0,0.0,0.0,0.0,0
4,0.0,0.0,0.0,0.0,0
