,max,min,avg,median,count
0,0.23833436016181572,0.14347498629141883,0.19816853925599318,0.22058443865633806,34
1,0.4035605525034847,0.022177219789946072,0.2896607978189959,0.3493827606282554,75
2,0.263336180723378,0.1207378343358173,0.18572604092774905,0.1763365665664311,293
3,0.0,0.0,0.0,0.0,0
4,0.0,0.0,0.0,0.0,0
