,max,min,avg,median,count
0,0.7480602681400222,0.014169989961520494,0.527534393398882,0.5895512873173542,28
1,0.5335179485637975,0.22134301031767836,0.41647569307007803,0.44111309178493974,92
2,0.5818304311527634,0.19965541622301453,0.38966917258555905,0.38729432184306406,138
3,0.0,0.0,0.0,0.0,0
4,0.0,0.0,0.0,0.0,0
