,max,min,avg,median,count
0,0.6916543781012496,0.0826574757455806,0.23581375299671067,0.12943901944604655,19
1,0.3291842985218902,0.15046713149971858,0.23064306534968998,0.22439403617329554,79
2,0.24220918854314713,0.03789037940156971,0.12641767677838858,0.12149877248534431,378
3,0.3608014002777276,0.1549049387921448,0.25924824187900414,0.2226994291673951,9
4,0.0,0.0,0.0,0.0,0
