,max,min,avg,median,count
0,0.6484883798777585,0.2502877174585946,0.4918154954497306,0.5205716052828395,40
1,0.5664000336490775,0.11693213071119886,0.34811265278137293,0.3725018597938204,72
2,0.5488815830422552,0.07530548207747356,0.3152162657153609,0.3059287920727525,147
3,0.44968611525234836,0.15086233991350503,0.3320931774016491,0.395731077039094,3
4,0.0,0.0,0.0,0.0,0
