,max,min,avg,median,count
0,0.37829929749604835,0.09148983193654837,0.24024481755359833,0.23538876023994362,9
1,0.5736668393806841,0.013192898870942965,0.23410256364199875,0.1283660301103373,37
2,0.8050250001427971,0.024506680577522106,0.3136124656826524,0.18874793099090023,260
3,0.3622490882591346,0.07787865128987977,0.26698528636820285,0.3608281195555942,3
4,0.0,0.0,0.0,0.0,0
