,max,min,avg,median,count
0,0.6301252836882972,0.3466046110949222,0.44807954797324234,0.41071308462319805,47
1,0.4973765346490118,0.01008155437858123,0.22485070641244148,0.186720491874448,71
2,0.603103450015471,0.28347917323927535,0.4778792523047851,0.5848587869418017,178
3,0.0,0.0,0.0,0.0,0
4,0.0,0.0,0.0,0.0,0
