,max,min,avg,median,count
0,0.4997292706277484,0.03552728298439369,0.3426161669251361,0.3619375816650066,9
1,0.8709029293967979,0.2665987805129421,0.7123503989025217,0.7871873904004797,10
2,0.8986199450599244,0.0642033975394023,0.4476828086876667,0.4597080112574151,237
3,0.0,0.0,0.0,0.0,0
4,0.0,0.0,0.0,0.0,0
