,max,min,avg,median,count
0,0.7106255486340827,0.2086194837180926,0.4596114206382703,0.5050107025817159,53
1,0.5650048488138678,0.11369782300391193,0.41725429101451245,0.48342231480105,210
2,0.6590007092937444,0.205594342701831,0.4605309174381871,0.4653595087232129,44
3,0.0,0.0,0.0,0.0,0
4,0.0,0.0,0.0,0.0,0
