,max,min,avg,median,count
0,0.351035601507021,0.04705375082847487,0.1766787242076177,0.1513053367158789,28
1,0.49094762239287704,0.032029794686502966,0.1860713393932207,0.0964420511674711,87
2,0.3969868778890373,0.03630305747012958,0.23610416141955107,0.2749947071180292,143
3,0.0,0.0,0.0,0.0,0
4,0.0,0.0,0.0,0.0,0
