,max,min,avg,median,count
0,0.576979628038203,0.05411576534983627,0.2726456834925783,0.2424100840317191,65
1,0.6785446939905226,0.24797608213100902,0.5450048872230387,0.5934712645526788,263
2,0.5398324343662275,0.31995518368957987,0.46813911667386837,0.49344714496638,134
3,0.0,0.0,0.0,0.0,0
4,0.0,0.0,0.0,0.0,0
