,max,min,avg,median,count
0,0.7373689398099235,0.2700818450711588,0.6153697516717205,0.7323250262860739,54
1,0.70817586918076,0.3054652509981117,0.43329793622113727,0.40524792515973584,133
2,0.5422620102227691,0.24960489209414122,0.37603841549007877,0.3493566386796697,207
3,0.0,0.0,0.0,0.0,0
4,0.0,0.0,0.0,0.0,0
