,max,min,avg,median,count
0,0.7496088250826309,0.0768486103294238,0.4061106423335997,0.4809572253640167,35
1,0.7456174063108828,0.510750696420402,0.6337561486721869,0.5975233172824445,67
2,0.8481635473299115,0.5905674515062943,0.7065403061742639,0.7292260513808595,158
3,0.0,0.0,0.0,0.0,0
4,0.0,0.0,0.0,0.0,0
