,max,min,avg,median,count
0,0.3454616031040949,0.007642419686048337,0.1557606431244208,0.1702135072766942,46
1,0.29951139530881754,0.10326916006793209,0.20384405277141426,0.21327220155510637,140
2,0.31184216559060196,0.15318267827265022,0.23699322929551694,0.2451972989526777,79
3,0.0,0.0,0.0,0.0,0
4,0.0,0.0,0.0,0.0,0
