,max,min,avg,median,count
0,0.7696581804514125,0.1357600510716697,0.4735367831790242,0.58304021137395,35
1,0.7578057048945593,0.30697063358403165,0.5601785720387141,0.6764616592920442,82
2,0.6353941771371089,0.12135512145420779,0.49002722139545296,0.5675567142493688,162
3,0.0,0.0,0.0,0.0,0
4,0.0,0.0,0.0,0.0,0
