,max,min,avg,median,count
0,0.6010748189651621,0.0716344203889673,0.3309426529979033,0.2616134239201747,37
1,0.3547768306432758,0.04274791200659263,0.14216360538335066,0.10113027653826676,109
2,0.7893740338445222,0.2740849841013234,0.49534839754183846,0.47340204794626206,116
3,0.0,0.0,0.0,0.0,0
4,0.0,0.0,0.0,0.0,0
