,max,min,avg,median,count
0,0.7280272424619959,0.1123401977314577,0.4350292458172702,0.5456258054768063,23
1,0.6605697372044133,0.4374990623903307,0.5695287249522674,0.5852100450411962,106
2,0.74328415596072,0.4243469738233755,0.595749298944137,0.6133600305065885,127
3,0.0,0.0,0.0,0.0,0
4,0.0,0.0,0.0,0.0,0
