,max,min,avg,median,count
0,0.6730343046288,0.26137308328617614,0.43507285166454857,0.42301414045925656,37
1,0.6875120523663957,0.2672899488421145,0.48476571177483685,0.4052535702449877,116
2,0.6662879079623018,0.010571702534956796,0.30205443973968726,0.13615474506744232,103
3,0.0,0.0,0.0,0.0,0
4,0.0,0.0,0.0,0.0,0
