,max,min,avg,median,count
0,0.8189748594260063,0.566569581094087,0.6640976440120911,0.608058436343154,26
1,0.7634896234011868,0.24187372082999825,0.5321234084829566,0.6264766862434606,81
2,0.5642994441273929,0.08859357273960139,0.3397783342048165,0.36439286568736146,224
3,0.0,0.0,0.0,0.0,0
4,0.0,0.0,0.0,0.0,0
