,max,min,avg,median,count
0,0.6991473823272295,0.04410630633084316,0.4042317998563546,0.4976908136141601,75
1,0.9371756620813536,0.0809369562494066,0.6924853099768168,0.8425926867520834,190
2,0.9425614963756291,0.016509523215846058,0.3964967840903551,0.3940890991330429,286
3,0.0,0.0,0.0,0.0,0
4,0.0,0.0,0.0,0.0,0
