,max,min,avg,median,count
0,0.7683261828342723,0.07433776567513814,0.36895795835671025,0.36150856326028336,44
1,0.6092321902965123,0.10409762906934898,0.4269355641986802,0.4812397392167687,102
2,0.7616688608230966,0.4691447970760485,0.6361471392939008,0.6859651683630432,126
3,0.0,0.0,0.0,0.0,0
4,0.0,0.0,0.0,0.0,0
