,max,min,avg,median,count
0,0.40506141208967494,0.08828810621793348,0.22293562349304358,0.2351610056751575,43
1,0.40594991966580635,0.225315339710442,0.3318428383711217,0.37719108387546685,66
2,0.3906844473717563,0.12339406469084488,0.21887359189566177,0.21286925184331382,154
3,0.0,0.0,0.0,0.0,0
4,0.0,0.0,0.0,0.0,0
