,max,min,avg,median,count
0,0.918713119657498,0.18881539683430568,0.44356664973029813,0.28028342552225793,29
1,0.9139567135317516,0.008425709208755424,0.5447044860368481,0.8420195847576268,100
2,0.8256880862976901,0.35674912243937273,0.5965810315050302,0.6654112656482036,131
3,0.0,0.0,0.0,0.0,0
4,0.0,0.0,0.0,0.0,0
