,max,min,avg,median,count
0,0.6299387783968666,0.1237723556979093,0.32593971423242524,0.23393747971531223,21
1,0.39658493660746147,0.03051271005135235,0.18720599027303395,0.1106802978698221,80
2,0.3741945803926101,0.0031065314099096796,0.18609963876431945,0.12867364118157032,169
3,0.0,0.0,0.0,0.0,0
4,0.0,0.0,0.0,0.0,0
