,max,min,avg,median,count
0,0.2688870657240519,0.04606185155229292,0.15083851111680166,0.11932066133546534,44
1,0.4302668804892848,0.009516135999673082,0.1800893005511802,0.19498564671905502,64
2,0.1363114151852098,0.016174152774550324,0.06488485743256382,0.06978812966071539,154
3,0.0,0.0,0.0,0.0,0
4,0.0,0.0,0.0,0.0,0
