,max,min,avg,median,count
0,0.5255319829018179,0.00488666767877498,0.30677393350686927,0.32326330767996564,37
1,0.4941174215944425,0.015021014517668239,0.2638537408850764,0.276564898128096,122
2,0.5891053180704413,0.025451401825156282,0.2429737516456524,0.27308010212149747,106
3,0.0,0.0,0.0,0.0,0
4,0.0,0.0,0.0,0.0,0
