,max,min,avg,median,count
0,0.7224417638187337,0.3490566474942772,0.5390201654330636,0.5273364532585644,29
1,0.8917753293646601,0.2930026889414068,0.501906733450183,0.4705897283800437,87
2,0.8526176607707456,0.08778766833594989,0.44079816611114087,0.4355191375520877,166
3,0.692959406013693,0.03226466975411389,0.4475215432993435,0.6173405541302236,3
4,0.0,0.0,0.0,0.0,0
