,max,min,avg,median,count
0,0.8950326184737267,0.2258225831329727,0.5733597278502747,0.5472096244008308,7
1,0.8485106578676588,0.03377081736068555,0.6035299185996538,0.6887323977809877,58
2,0.7687858445585761,0.0932597317711902,0.5907054432937393,0.7202675490664289,196
3,0.0,0.0,0.0,0.0,0
4,0.0,0.0,0.0,0.0,0
