,max,min,avg,median,count
0,0.6632568780379351,0.32922327007339386,0.5615346700126121,0.6192660987470946,37
1,0.593161356258558,0.07772459310442842,0.25483682217743125,0.11307917359313965,70
2,0.6996203858059965,0.008099041453405398,0.225670543051235,0.08787002157340842,160
3,0.0,0.0,0.0,0.0,0
4,0.0,0.0,0.0,0.0,0
