,max,min,avg,median,count
0,0.7655785446640869,0.029004304019796593,0.37063541024787555,0.45335944051680727,37
1,0.7564178748908572,0.0883798241272007,0.30159555928039283,0.2034616349428301,131
2,0.7821232382773892,0.13730310816173888,0.3587060985543247,0.26962146485804994,93
3,0.0,0.0,0.0,0.0,0
4,0.0,0.0,0.0,0.0,0
