,max,min,avg,median,count
0,0.7371459637751769,0.1141057524060355,0.4132119081579647,0.4701627242630831,28
1,0.6259777702147268,0.005964891425217336,0.34620545705474326,0.4641577382131125,111
2,0.6704978386417353,0.05409055127911579,0.4766383994024861,0.5598433940031528,115
3,0.19998294531989866,0.10659217889863143,0.15328756210926503,0.15328756210926503,2
4,0.0,0.0,0.0,0.0,0
