,max,min,avg,median,count
0,0.8406201200182875,0.6475548472827634,0.7285379933228084,0.7026041685047404,25
1,0.7299010799892482,0.10500600787408082,0.5344432021567072,0.6723339262239845,112
2,0.6001558663891479,0.09107300434423982,0.44638156507551907,0.5232141383961809,123
3,0.0,0.0,0.0,0.0,0
4,0.0,0.0,0.0,0.0,0
