,max,min,avg,median,count
0,0.5445474024800347,0.05857889163592636,0.2954043473825134,0.2614632496606166,49
1,0.5713666527654305,0.23243333858871887,0.38650728842844817,0.2965170161981902,150
2,0.6714631395321617,0.022249872207923186,0.27350614499230197,0.24089965760004917,58
3,0.0,0.0,0.0,0.0,0
4,0.0,0.0,0.0,0.0,0
