,max,min,avg,median,count
0,0.8003744581319546,0.30537037175852544,0.5309125185519254,0.5157871513931054,34
1,0.256444247026437,0.10298478563268665,0.17191546811008432,0.1626384104988545,138
2,0.3644825243651095,0.045986619850571675,0.19852220866951908,0.14907862685687023,104
3,0.0,0.0,0.0,0.0,0
4,0.0,0.0,0.0,0.0,0
