,max,min,avg,median,count
0,0.7466437395920958,0.1353544436617722,0.41789561661420754,0.3731206163792381,37
1,0.7417320718885198,0.2170525609246102,0.6325105535989767,0.7386110871803463,84
2,0.8564808543583536,0.3403299100847319,0.6915013699055693,0.7415481366245654,262
3,0.0,0.0,0.0,0.0,0
4,0.0,0.0,0.0,0.0,0
