,max,min,avg,median,count
0,0.8336556931910869,0.07637968484112428,0.4537253659648652,0.4758905602415924,40
1,0.8826200696283599,0.41590810536956063,0.711868796768701,0.8074207735036512,80
2,0.8338187081388614,0.2438655896968411,0.5834550954347593,0.7463000238427635,136
3,0.7148210126282963,0.2616766562475302,0.4882488344379133,0.4882488344379133,2
4,0.0,0.0,0.0,0.0,0
