,max,min,avg,median,count
0,0.7626938637534867,0.1964794675716238,0.5127632156969174,0.5308808178629928,28
1,0.8407276491667609,0.31641180332942026,0.6329711977695164,0.6203274142878396,111
2,0.9009596658204566,0.2355964122013671,0.65573748051283,0.7380643086725767,115
3,0.7150855347544317,0.2608667580995445,0.4879761464269881,0.4879761464269881,2
4,0.0,0.0,0.0,0.0,0
