,max,min,avg,median,count
0,0.8051488987552566,0.36443941421024906,0.6220408050707809,0.6036949569054806,40
1,0.8514908331706513,0.14573497806076052,0.6121247937888377,0.753685702026176,79
2,0.7618631745757997,0.14917531164506334,0.5730954183074701,0.6938052862619362,135
3,0.5392387367381584,0.22336628866080777,0.38130251269948306,0.38130251269948306,2
4,0.0,0.0,0.0,0.0,0
