,max,min,avg,median,count
0,0.8559672504775575,0.33953119682236105,0.6190773653966831,0.5537637079551585,42
1,0.9203841869476213,0.3906825868093734,0.58175204639568,0.572323422529587,97
2,0.8369270803586958,0.3743487919091681,0.5725367798396304,0.554553966784379,197
3,0.0,0.0,0.0,0.0,0
4,0.0,0.0,0.0,0.0,0
