,max,min,avg,median,count
0,0.6275850986995023,0.113954905649366,0.3021445699129955,0.1634095708532351,43
1,0.7620182693594736,0.04750534756989728,0.46571578394701635,0.7052702484592838,105
2,0.7625511948672905,0.2650756227602314,0.5334427592700269,0.5392236540730202,137
3,0.7128575050203662,0.4520330300336234,0.5824452675269948,0.5824452675269948,2
4,0.0,0.0,0.0,0.0,0
