,max,min,avg,median,count
0,0.4764000746838315,0.2166593299511117,0.36801786370440226,0.4385492079125065,45
1,0.6057093076587724,0.12947438538495218,0.44010633163740553,0.49396586712842633,81
2,0.4510150256319288,0.1510328381726701,0.30551674146093105,0.2705258886921835,144
3,0.0,0.0,0.0,0.0,0
4,0.0,0.0,0.0,0.0,0
