,max,min,avg,median,count
0,0.4329359281151609,0.1573059929006465,0.24510642035882452,0.1947323812283713,24
1,0.5468885850681556,0.03274731315347697,0.28943239236326074,0.29689901649609624,67
2,0.6396368650245474,0.01963975383237196,0.30002362182112907,0.2460573600750495,169
3,0.5207917813418861,0.5034052052585367,0.5120984933002114,0.5120984933002114,2
4,0.0,0.0,0.0,0.0,0
