,max,min,avg,median,count
0,0.49335903493853717,0.08994204258463856,0.2944938809350444,0.343161270768479,43
1,0.7521425445396057,0.14852543803817597,0.31412625255900795,0.1913877887317136,79
2,0.5604844032419486,0.12584974968587959,0.3495917945180036,0.41612945253507994,161
3,0.7363869199630941,0.08516401447506856,0.4452204612214485,0.5141104492261827,3
4,0.0,0.0,0.0,0.0,0
