,max,min,avg,median,count
0,0.7676110143543401,0.0422704456597586,0.49791976066484167,0.6456305826335875,42
1,0.5740304147524098,0.0036570651084371643,0.2174262824976207,0.0896072007223029,166
2,0.7090255553770175,0.20304034407182944,0.5215880568153153,0.6849226339259248,130
3,0.0,0.0,0.0,0.0,0
4,0.0,0.0,0.0,0.0,0
