,max,min,avg,median,count
0,0.9407432343590141,0.0011920718117746348,0.5165664535151854,0.5522398125578748,45
1,0.8824484969981206,0.01845128490400691,0.46559855127119004,0.49069383973421987,179
2,0.8413494361229357,0.010235095821209248,0.577226606020001,0.6946696592715969,32
3,0.0,0.0,0.0,0.0,0
4,0.0,0.0,0.0,0.0,0
