,max,min,avg,median,count
0,0.8243891017424158,0.012375091064892358,0.3729235238946457,0.3406401188354865,34
1,0.8827977089880178,0.0034010200688053688,0.2844222796377918,0.24591910477532142,91
2,0.8165420750799289,0.002374293436441902,0.28260915552427207,0.24873040378701375,147
3,0.0,0.0,0.0,0.0,0
4,0.0,0.0,0.0,0.0,0
