,max,min,avg,median,count
0,0.45502635403600433,0.007080484605079768,0.18856066838612978,0.18111068745785808,49
1,0.6640867839101229,0.0037561461692754514,0.22057366573661344,0.2021783335390515,89
2,0.64774481005855,0.007587315517044991,0.21045593167665613,0.20372562476422468,134
3,0.0,0.0,0.0,0.0,0
4,0.0,0.0,0.0,0.0,0
