,max,min,avg,median,count
0,0.8784961361167248,0.015472951816302644,0.5832631682441624,0.6565624621895484,24
1,0.9370571780589583,0.00032513033309922656,0.5598487128831128,0.6256034222715241,84
2,0.9395279493456324,0.003649967370752169,0.5593013004322416,0.6092266491233116,166
3,0.0,0.0,0.0,0.0,0
4,0.0,0.0,0.0,0.0,0
