,max,min,avg,median,count
0,0.9610037197178487,0.03735236327466894,0.5911889099607422,0.5998198091738616,22
1,0.9360937878511639,0.0031645065077758406,0.5796627572061679,0.63222219794338,68
2,0.9525874800225754,0.003600169132613933,0.5716262416523153,0.6207395018427828,164
3,0.8353259835055652,0.5140029192299618,0.6746644513677635,0.6746644513677635,2
4,0.0,0.0,0.0,0.0,0
