,max,min,avg,median,count
0,0.7070818720017528,0.0033574558849634936,0.21561889568877549,0.16111646382524614,36
1,0.5834301188412888,0.0024881764641870928,0.17859969115696744,0.14489187566470313,68
2,0.7372609328343883,0.0037917477811046335,0.19006445153017987,0.15719225760262484,159
3,0.0,0.0,0.0,0.0,0
4,0.0,0.0,0.0,0.0,0
