,max,min,avg,median,count
0,0.9640637983003235,0.012862469228839308,0.5835508932368102,0.5875033300713658,27
1,0.9352353735739035,0.00034211020508057504,0.5670657698908709,0.6280977657598646,112
2,0.9617087100260867,0.007477659889249295,0.5812288434641528,0.6344414949457036,116
3,0.7617987932437361,0.35834254676186295,0.5600706700027995,0.5600706700027995,2
4,0.0,0.0,0.0,0.0,0
