,max,min,avg,median,count
0,0.8676142478537648,0.0888677774759799,0.5560706609195419,0.6524135181106525,36
1,0.8539651271127545,0.005384608359761519,0.46552002018125715,0.4992109277715288,203
2,0.774411498313564,0.037290191662979845,0.5365237610759274,0.6126220992276022,17
3,0.0,0.0,0.0,0.0,0
4,0.0,0.0,0.0,0.0,0
