,max,min,avg,median,count
0,0.6274955821732957,0.01562480875196011,0.3308631486365776,0.35499907563614486,52
1,0.6957877047836621,0.005523501355837722,0.3840817635432471,0.4099762211745674,93
2,0.6906152972799808,0.00494344064129432,0.399445526608563,0.4344088455201044,243
3,0.0,0.0,0.0,0.0,0
4,0.0,0.0,0.0,0.0,0
