,max,min,avg,median,count
0,0.824872030993918,0.01609680507893422,0.40487168793738365,0.3497229861202683,40
1,0.8322763888485649,0.01067575952458062,0.4301993156966274,0.45280615895404375,94
2,0.8303517202399171,0.0023558655962066465,0.41709526595880136,0.4229739056313459,124
3,0.4061962028745401,0.4061962028745401,0.4061962028745401,0.4061962028745401,1
4,0.0,0.0,0.0,0.0,0
