,max,min,avg,median,count
0,0.86734315126651,0.02293223789022308,0.43316405076607306,0.4234093364701016,42
1,0.8285429188122914,0.003583926525000805,0.48827690527883,0.5828799972350768,63
2,0.8218142753934432,0.014968520865096119,0.4532324231771241,0.4842348876266097,152
3,0.0,0.0,0.0,0.0,0
4,0.0,0.0,0.0,0.0,0
