,max,min,avg,median,count
0,0.7761918546659531,0.02295846956150955,0.3772315483089029,0.353700307092024,42
1,0.7673104718191427,0.0012649499570454093,0.30933460814678504,0.314958177699457,65
2,0.745227317173389,0.001967240472547344,0.3226784762790861,0.32030790659939473,153
3,0.0,0.0,0.0,0.0,0
4,0.0,0.0,0.0,0.0,0
