,max,min,avg,median,count
0,0.848388793982707,0.05149331477294628,0.5071073572946669,0.5900487839547011,46
1,0.9024045497756423,0.0019403560614034716,0.4907576651463378,0.49583731029445294,155
2,0.8873264880103606,0.01350626958503082,0.5203215068456514,0.5410255458523043,73
3,0.0,0.0,0.0,0.0,0
4,0.0,0.0,0.0,0.0,0
