,max,min,avg,median,count
0,0.9582201085773498,0.04217500897453556,0.5005365543988741,0.5425527343632971,39
1,0.9238187898796792,0.0007018532224223843,0.5074706685821271,0.5337047275686063,73
2,0.9310514817080335,0.005937309731545205,0.5046077640440478,0.520755992702602,169
3,0.0,0.0,0.0,0.0,0
4,0.0,0.0,0.0,0.0,0
