,max,min,avg,median,count
0,0.7686670197512999,0.03487167924108254,0.409978305268716,0.3335044436908607,33
1,0.8885086497568617,0.010341770676180076,0.4280514272712325,0.40463021792458354,84
2,0.8716391539683362,0.014576078146965571,0.4422066217081136,0.4767483111206936,171
3,0.0,0.0,0.0,0.0,0
4,0.0,0.0,0.0,0.0,0
