,max,min,avg,median,count
0,0.9103651282193567,0.011346335260465622,0.46373206067846207,0.48480679249010916,42
1,0.8817766033933156,0.021298236393185656,0.5175351958409705,0.5449827773239633,86
2,0.9076528961885052,0.009714362096327882,0.5375700540865722,0.5814549641867426,145
3,0.8757182644979982,0.49543703392394955,0.6855776492109739,0.6855776492109739,2
4,0.0,0.0,0.0,0.0,0
