,max,min,avg,median,count
0,0.5348075175339746,0.010624175972699941,0.20068075762889792,0.14858804239935886,8
1,0.5569710154592785,0.00777508699937338,0.15578250501589974,0.12037927749206301,76
2,0.5527446978884862,0.0020291656443601,0.1573895056174703,0.13547417459623456,202
3,0.41669209190988504,0.15283545203300603,0.28476377197144553,0.28476377197144553,2
4,0.0,0.0,0.0,0.0,0
