,max,min,avg,median,count
0,0.6605260129340302,0.005022958716942989,0.3078314888198156,0.31302235613722607,40
1,0.652184788112958,0.004118240849571297,0.2627327674815406,0.23255425113980643,73
2,0.6219524422700575,0.002468739055570086,0.25998476004924514,0.2528069865471755,153
3,0.39142469757570186,0.10282691439050733,0.24993057553692796,0.2555401146445747,3
4,0.0,0.0,0.0,0.0,0
