,max,min,avg,median,count
0,0.9090093775558072,0.03624729775700481,0.5595829183522394,0.5690147491087116,35
1,0.9003348536174731,0.031320566294976655,0.5015006259487965,0.5528852294438847,76
2,0.9105007307565482,0.01029519413382946,0.5289711533116768,0.5811780001510664,305
3,0.0,0.0,0.0,0.0,0
4,0.0,0.0,0.0,0.0,0
