,max,min,avg,median,count
0,0.721742547325847,0.01909242542458005,0.364809775089214,0.3402331483671627,58
1,0.8080673505161375,0.014946711100674324,0.38471483492039,0.3865050701349033,87
2,0.888653606484035,0.0011128609028373873,0.37379713261742925,0.3740752094061573,251
3,0.0,0.0,0.0,0.0,0
4,0.0,0.0,0.0,0.0,0
