,max,min,avg,median,count
0,0.9055042887011201,0.035216230098693665,0.5062067061090859,0.5695835713918451,42
1,0.9441025718459525,0.00823378123003487,0.6124668461409888,0.6795490391083885,129
2,0.9178334569299764,0.017305337139357363,0.5525474311452511,0.6086084452717104,150
3,0.0,0.0,0.0,0.0,0
4,0.0,0.0,0.0,0.0,0
