,max,min,avg,median,count
0,0.8707580149471085,0.027337822646712695,0.5519792498039525,0.6677187386345358,44
1,0.9516885361743604,0.02881181488511156,0.586453832015421,0.6690304580829864,65
2,0.9395685177614331,0.014412190598696514,0.5813759104900054,0.6283925373486647,151
3,0.0,0.0,0.0,0.0,0
4,0.0,0.0,0.0,0.0,0
