,max,min,avg,median,count
0,0.6710947229649942,0.015252084433208718,0.28360938461304236,0.250427484681045,39
1,0.6031222927506718,0.0026541886271655313,0.2802899758106683,0.316732018820773,71
2,0.6412190635696614,0.005349956863820661,0.33535961104043127,0.34735573003146974,149
3,0.6356049339369514,0.05052647781345065,0.343065705875201,0.343065705875201,2
4,0.0,0.0,0.0,0.0,0
