,max,min,avg,median,count
0,0.8666099918520078,0.11108610318368344,0.6123432203632143,0.7146824220408017,24
1,0.8168067620549815,0.0023542981467754875,0.4273664365909036,0.44034563859683756,100
2,0.8099455568193203,0.0423208447706616,0.4613195051659162,0.4736140852368179,134
3,0.0,0.0,0.0,0.0,0
4,0.0,0.0,0.0,0.0,0
