,max,min,avg,median,count
0,0.8707154716498554,0.1581863505976384,0.4865905646482132,0.500970413302802,30
1,0.8506987159716074,0.02421364010180608,0.46659103326966184,0.46544895564694655,62
2,0.9346155577721074,0.0028490145790151483,0.4452192813137737,0.4704358517980296,277
3,0.0,0.0,0.0,0.0,0
4,0.0,0.0,0.0,0.0,0
