,max,min,avg,median,count
0,0.694027130308678,0.025040594017648403,0.24354420050521294,0.25475417301324976,30
1,0.6597653286675671,0.008230922956182015,0.29735180773013237,0.2766425760059889,89
2,0.7293842736504422,0.002081887995638093,0.307253936330803,0.323537186216672,187
3,0.0,0.0,0.0,0.0,0
4,0.0,0.0,0.0,0.0,0
