,max,min,avg,median,count
0,0.4252849987988486,0.007008747439761452,0.1940454016490139,0.1793680257648583,35
1,0.6932530554931173,0.005858357054613584,0.15107593181577483,0.12450253495275654,81
2,0.542548568048029,0.0010133599288343043,0.16316738738922668,0.13280935511326603,160
3,0.0,0.0,0.0,0.0,0
4,0.0,0.0,0.0,0.0,0
