,max,min,avg,median,count
0,0.4261944660183231,0.002357359922568696,0.17518575496856753,0.1631213806138111,32
1,0.5638158617706994,0.002936528767176757,0.1593178583733231,0.14023576962591205,86
2,0.45553409393801675,0.009909756699743798,0.16044542119917418,0.15971428269295065,172
3,0.0,0.0,0.0,0.0,0
4,0.0,0.0,0.0,0.0,0
