,max,min,avg,median,count
0,0.7805291432366499,0.027261026064510432,0.49385440688986476,0.5592703329156096,45
1,0.8462311702702596,0.033109185881336434,0.5013939398436114,0.5393903173846554,95
2,0.8477747147832848,0.008915390552618977,0.47503489913595176,0.5250747990496669,131
3,0.0,0.0,0.0,0.0,0
4,0.0,0.0,0.0,0.0,0
