,max,min,avg,median,count
0,0.47427306493954763,0.0022261855152145593,0.20588533924303457,0.19685817209450465,45
1,0.4864734982750079,0.0001758934104845334,0.21882021612981511,0.22267426830124376,73
2,0.510821407147441,0.010623577465654021,0.2223833653535044,0.20910116217421712,149
3,0.0,0.0,0.0,0.0,0
4,0.0,0.0,0.0,0.0,0
