,max,min,avg,median,count
0,0.6751513075917572,0.03956943152242285,0.4034178857647785,0.3969546864983326,44
1,0.6748955220628216,0.011313662873045194,0.4011035371126548,0.42109884579829937,67
2,0.7344060748923187,0.0005721666790787105,0.3491525997520409,0.3708097186897276,152
3,0.0,0.0,0.0,0.0,0
4,0.0,0.0,0.0,0.0,0
