,max,min,avg,median,count
0,0.8847700029894074,0.016865861172688776,0.5392838406196094,0.6219628581323777,28
1,0.8954929677926188,0.0021531443617152095,0.5406982603553901,0.592604814420676,170
2,0.8899995956590591,0.023418342147304216,0.5315565791870474,0.6094454781735019,58
3,0.0,0.0,0.0,0.0,0
4,0.0,0.0,0.0,0.0,0
