,max,min,avg,median,count
0,0.8418581715390016,0.020552737103265276,0.46703066929707854,0.4948091716261259,42
1,0.8006709038578863,0.0010477100407648371,0.47929048553617537,0.5146788754842155,67
2,0.8706445358824427,0.0020115093300240128,0.4617151662944948,0.5102666437785386,150
3,0.0,0.0,0.0,0.0,0
4,0.0,0.0,0.0,0.0,0
