,max,min,avg,median,count
0,0.9346881412486375,0.05459882746073115,0.47128340863965806,0.45092478639123457,34
1,0.9191172453740102,0.013778160243513653,0.47276549900358616,0.48738640622214546,74
2,0.927158090569099,0.011324555880749716,0.5098750090911576,0.5330152420906833,296
3,0.0,0.0,0.0,0.0,0
4,0.0,0.0,0.0,0.0,0
