,max,min,avg,median,count
0,0.9545622442809317,0.05842110464283493,0.7133633315211552,0.7769052129350206,22
1,0.9071508477605505,0.0135821635346559,0.5231087797240618,0.5728992135030163,71
2,0.9465564072277546,0.00363215755211324,0.5565891291078358,0.5893797645621485,167
3,0.0,0.0,0.0,0.0,0
4,0.0,0.0,0.0,0.0,0
