,max,min,avg,median,count
0,0.5221095696045448,0.011519046583815779,0.23737376744079078,0.23393421185164365,45
1,0.557773000534279,0.001194158527128027,0.22640942013532578,0.23466705036158475,88
2,0.4774844641520077,0.008872133921541417,0.23886563705134095,0.25273630220691845,130
3,0.0,0.0,0.0,0.0,0
4,0.0,0.0,0.0,0.0,0
