,max,min,avg,median,count
0,0.83618535915455,0.007263259797483676,0.3779546060778523,0.3634450010879908,52
1,0.824209516120267,0.004679938518392858,0.3933246723443581,0.41874409438469345,98
2,0.9102189105589822,0.001003652076179788,0.3905772123507598,0.39370467560062117,412
3,0.0,0.0,0.0,0.0,0
4,0.0,0.0,0.0,0.0,0
