,max,min,avg,median,count
0,0.3916566758772166,0.2676762463043897,0.3390754645283749,0.35789347140351846,3
1,0.6734918679803475,0.004593468153582331,0.3164417424035645,0.32145094327572554,47
2,0.7587662639832741,0.009478295526316622,0.3071812326610819,0.2870635015103469,191
3,0.6297745876452224,0.018948934524475405,0.29087907024239457,0.30088326260803716,31
4,0.0,0.0,0.0,0.0,0
