,max,min,avg,median,count
0,0.719219278207697,0.012358373675550684,0.2129911101337746,0.17310123268227187,58
1,0.6410737260546346,0.0004099771684709626,0.2482829949016568,0.22839276038789533,93
2,0.8019828055920633,0.0025432243593982618,0.2713665404735983,0.2334201320086933,243
3,0.5116792080437865,0.014011856922387314,0.27242428714845585,0.2607481016433949,10
4,0.0,0.0,0.0,0.0,0
