,max,min,avg,median,count
0,0.8702236941993924,0.04896955306831232,0.40796238092151904,0.4014941155958746,44
1,0.8872106274349738,0.008757914207742329,0.4280116099756075,0.4354063218787475,116
2,0.8945454676941171,0.015425177335988567,0.3948296900796562,0.3847589252719868,112
3,0.0,0.0,0.0,0.0,0
4,0.0,0.0,0.0,0.0,0
