,max,min,avg,median,count
0,0.8792500136963922,0.0034495205418196844,0.5355304359218565,0.6402091557962108,44
1,0.9207090852749243,0.056199696632843826,0.5935844348545877,0.6697437856428117,64
2,0.9442749963917701,0.011081807843571646,0.5585120076539607,0.581936746966692,148
3,0.0,0.0,0.0,0.0,0
4,0.0,0.0,0.0,0.0,0
