,max,min,avg,median,count
0,0.5939487340666492,0.019515098240434854,0.32958944898343967,0.35829700143575743,25
1,0.7689559445175577,0.0031746299317113465,0.35024331516239265,0.35893591334479086,49
2,0.7451744899016529,0.005855507410942863,0.38762938170344374,0.41281423029411835,200
3,0.0,0.0,0.0,0.0,0
4,0.0,0.0,0.0,0.0,0
