,max,min,avg,median,count
0,0.5144067512039295,0.007222664770045455,0.3011783887219891,0.33004765291182453,30
1,0.627524195840898,0.0049095053722676635,0.24670975758514818,0.24173943784470217,69
2,0.7819826882616338,0.0006135025722979182,0.242159350399123,0.24687111171403744,279
3,0.0,0.0,0.0,0.0,0
4,0.0,0.0,0.0,0.0,0
