,max,min,avg,median,count
0,0.6708528185235031,0.0221166032050189,0.33398130422450806,0.3852012628800834,31
1,0.7287282731196209,0.02520889595673401,0.3791156318748939,0.3694796468581225,103
2,0.7786494680822723,0.008400993427268343,0.3485274389661608,0.3422663290910487,133
3,0.0,0.0,0.0,0.0,0
4,0.0,0.0,0.0,0.0,0
