,max,min,avg,median,count
0,0.8630111439900935,0.03373807789590414,0.3825673668202059,0.35962250507784593,36
1,0.8444257872213083,0.004136387511911649,0.34206631773146223,0.34901989657229127,128
2,0.8998475495709939,0.005164235313707568,0.35342927323497797,0.3454211061379629,111
3,0.0,0.0,0.0,0.0,0
4,0.0,0.0,0.0,0.0,0
