,max,min,avg,median,count
0,0.9068754289085346,0.008233924443020312,0.4870806452534028,0.4593491780642486,44
1,0.9238368507428357,0.027406142982016792,0.5127354134279904,0.5296489399741404,133
2,0.901227132565053,0.0006888643826900195,0.48783944067857055,0.5708450466701155,79
3,0.0,0.0,0.0,0.0,0
4,0.0,0.0,0.0,0.0,0
