,max,min,avg,median,count
0,0.4585208367107133,0.004414667663501961,0.22643803074927416,0.24208504081787174,42
1,0.35563902655241514,0.000848446892428234,0.14289692980081792,0.13687529813765376,75
2,0.6187025946713324,0.0013417632172174393,0.16578439345339796,0.15116951527345024,142
3,0.0,0.0,0.0,0.0,0
4,0.0,0.0,0.0,0.0,0
