,max,min,avg,median,count
0,0.906780509624674,0.0013694107800319313,0.5213415806561098,0.5398268956731784,42
1,0.9290309788686474,0.015512429696509749,0.5556242673899054,0.6210550673367151,65
2,0.9444386070483578,0.0010683558603866434,0.5386599302340332,0.5830437858080496,153
3,0.0,0.0,0.0,0.0,0
4,0.0,0.0,0.0,0.0,0
