,max,min,avg,median,count
0,0.887798437001885,0.013047653061096023,0.46875493702619264,0.5036185420506812,46
1,0.8944019234074104,0.005206946360219222,0.5118592565519424,0.5482526880069366,123
2,0.8824754913805296,0.009112250998696553,0.4971552224628523,0.5463770219196932,99
3,0.0,0.0,0.0,0.0,0
4,0.0,0.0,0.0,0.0,0
