,max,min,avg,median,count
0,0.7524039024380774,0.015728054000883944,0.24148841542568797,0.16409219188508,44
1,0.7200243304960721,0.0015026728444358217,0.22317412089066907,0.1600663051141612,68
2,0.7085229604328122,0.0009064844752419431,0.22290559890028053,0.17180649260988143,161
3,0.0,0.0,0.0,0.0,0
4,0.0,0.0,0.0,0.0,0
