,max,min,avg,median,count
0,0.9259257639993637,0.017968323252890824,0.47284704232043717,0.4757423279799803,51
1,0.8658990736920479,0.0018057477925414911,0.39791426794364354,0.3971509513016068,105
2,0.8493204444817761,0.0016786410194204314,0.41561321884876695,0.4221659597192605,102
3,0.0,0.0,0.0,0.0,0
4,0.0,0.0,0.0,0.0,0
