,max,min,avg,median,count
0,0.8697299074543381,0.044618327047093176,0.37352525683692045,0.3527697697547001,52
1,0.821551974006703,0.006460728504233429,0.33695827716872945,0.32675958830522006,121
2,0.797058168351938,0.00953835636554318,0.31536667031207316,0.2913404438465859,83
3,0.0,0.0,0.0,0.0,0
4,0.0,0.0,0.0,0.0,0
