,max,min,avg,median,count
0,0.8066009965168474,0.005460459707603104,0.574199567987218,0.6568830104650631,64
1,0.8529861229800085,0.039023535948424865,0.5529779271494009,0.6202008078667152,160
2,0.8699290797823773,0.015336901492257957,0.5359610509571142,0.6035105498781563,264
3,0.0,0.0,0.0,0.0,0
4,0.0,0.0,0.0,0.0,0
