,max,min,avg,median,count
0,0.8495637719951051,0.013656296614564842,0.60202950652145,0.6407435613275753,35
1,0.8796303634010948,0.012424764050448204,0.5140957201538691,0.5870857821128227,121
2,0.9028451167255194,0.0007753165233749327,0.5920744714671794,0.6372110600902868,271
3,0.0,0.0,0.0,0.0,0
4,0.0,0.0,0.0,0.0,0
