,max,min,avg,median,count
0,0.6285144486070957,0.0028020264993259113,0.3218390548327457,0.32791648300633053,43
1,0.6547513598511363,0.0038916683149069144,0.343429498342526,0.3745436872494916,162
2,0.6460910656484273,0.013823874152865833,0.3282701576157227,0.3295887536885974,54
3,0.0,0.0,0.0,0.0,0
4,0.0,0.0,0.0,0.0,0
