,max,min,avg,median,count
0,0.6070347084448422,0.010647720228332583,0.3295638141504235,0.352930395349029,50
1,0.5819053186379455,0.005291969083394524,0.34145784111848293,0.364830448962971,112
2,0.6251751345882371,0.0036945455362454743,0.3240102553263038,0.3613532154006647,135
3,0.0,0.0,0.0,0.0,0
4,0.0,0.0,0.0,0.0,0
