,max,min,avg,median,count
0,0.9360783422227676,0.14011131489891182,0.6137552367582747,0.7212688082173102,22
1,0.9361594644045186,0.07150451325780986,0.5253797956584909,0.5737209793674262,49
2,0.938677366417687,0.0034643946572027397,0.5161681414489828,0.5489274040737776,191
3,0.0,0.0,0.0,0.0,0
4,0.0,0.0,0.0,0.0,0
