,max,min,avg,median,count
0,0.7993626458446815,0.0960483685078816,0.4750097368477696,0.5508043045266726,42
1,0.8607716895641147,0.009484301990066115,0.4284233875984283,0.4346491828952332,63
2,0.871246906528685,0.0020225667109785347,0.43135113267520026,0.4410977099643593,151
3,0.0,0.0,0.0,0.0,0
4,0.0,0.0,0.0,0.0,0
