,max,min,avg,median,count
0,0.17317019644385587,0.006486370351329611,0.07569399479134772,0.07731253547315786,46
1,0.14406513389793063,0.00108199890130492,0.05265736199786898,0.048532876434432146,66
2,0.16563946489009718,0.00011115972082831744,0.05548754476596498,0.04742621628837169,159
3,0.0,0.0,0.0,0.0,0
4,0.0,0.0,0.0,0.0,0
