,max,min,avg,median,count
0,0.4444617414875175,0.005620389252361915,0.137250232376913,0.11866558313786531,42
1,0.7012647319173807,0.0011568260370732957,0.17820616550358379,0.14354576083253134,177
2,0.6390435495987569,1.0171187422299133e-05,0.15992750975916237,0.12544485252217835,196
3,0.0,0.0,0.0,0.0,0
4,0.0,0.0,0.0,0.0,0
