,max,min,avg,median,count
0,0.8949072979940413,0.11112121485262844,0.6416108100755281,0.7219644836065346,28
1,0.8662272004211716,0.001062723905839409,0.47134685128698084,0.5030422933653669,160
2,0.8329818647477734,0.01357208259638287,0.49886931255215067,0.5188368008664108,70
3,0.0,0.0,0.0,0.0,0
4,0.0,0.0,0.0,0.0,0
