,max,min,avg,median,count
0,0.8769577229563217,0.05467301769891965,0.4718963547897146,0.4800152855385828,48
1,0.861165735515542,0.0008699365536473067,0.4573553845723118,0.4821879714681127,165
2,0.7716706317461263,0.010253060088756344,0.3813670605375954,0.3787456032752077,55
3,0.0,0.0,0.0,0.0,0
4,0.0,0.0,0.0,0.0,0
