,max,min,avg,median,count
0,0.8264108198958121,0.010912779944221983,0.5062991088989657,0.5878693239358439,46
1,0.8659057825251619,0.0024122412434361513,0.46783702788212433,0.4906226797317996,179
2,0.8086787732235361,0.0090911709027909,0.5190688760415351,0.5437445884883495,37
3,0.0,0.0,0.0,0.0,0
4,0.0,0.0,0.0,0.0,0
