,max,min,avg,median,count
0,0.9016998848119355,0.034193492443429147,0.6524243247228136,0.7300317468742127,65
1,0.9219493725049013,0.0062433241868124125,0.5759571035513394,0.6267353680231423,133
2,0.9384753840491169,0.0025995103452279814,0.5761615492272999,0.648396454958722,229
3,0.0,0.0,0.0,0.0,0
4,0.0,0.0,0.0,0.0,0
