,max,min,avg,median,count
0,0.9600133462577102,0.0068794518668070055,0.5899844349923135,0.6827574709450386,25
1,0.9500589831866124,0.001684278338354316,0.5262274026085979,0.5491347450216775,92
2,0.9384286090358108,0.006141069005331397,0.5078359909886284,0.5753107577439572,141
3,0.0,0.0,0.0,0.0,0
4,0.0,0.0,0.0,0.0,0
