,max,min,avg,median,count
0,0.8552085225229058,0.03310543631242332,0.5139202082165287,0.5900887469653235,35
1,0.8919464810224907,0.01749284571737344,0.5146344054731596,0.5216560258433407,84
2,0.9167502431825338,0.01616545142981408,0.4813703514872456,0.5255924094735903,167
3,0.0,0.0,0.0,0.0,0
4,0.0,0.0,0.0,0.0,0
