,max,min,avg,median,count
0,0.6021458916030026,0.004826012514298387,0.173657364313221,0.1216554274206432,42
1,0.6123662376893368,0.00034211020508057504,0.17439233154161646,0.1386461221273596,100
2,0.5793980300608831,0.000742050179787514,0.1989390974940365,0.1657121229936526,117
3,0.0,0.0,0.0,0.0,0
4,0.0,0.0,0.0,0.0,0
