,max,min,avg,median,count
0,0.822199001674994,0.09493562764555151,0.5985814307470447,0.6756641752441885,24
1,0.8704825148950454,0.005062487734098714,0.4771172851856522,0.5103467676344451,84
2,0.8934358894396247,0.009346459469592457,0.4919621140210142,0.5460621081753868,159
3,0.0,0.0,0.0,0.0,0
4,0.0,0.0,0.0,0.0,0
