,max,min,avg,median,count
0,0.8511176602181887,0.08298236071980371,0.5815958186222838,0.6510242740601371,23
1,0.8236296916798507,0.010735894454438991,0.4608480856574469,0.5169094169678536,50
2,0.8695123233422716,0.001987164034879154,0.4800874576591402,0.5189822286904775,196
3,0.0,0.0,0.0,0.0,0
4,0.0,0.0,0.0,0.0,0
