,max,min,avg,median,count
0,0.7932168687849941,0.1734541434489502,0.5484126401720725,0.5783151502978299,24
1,0.8773300456058606,0.0019583317109655735,0.43474995483593853,0.4495127349235488,130
2,0.7918994239631878,0.008757845526632838,0.42424938447553245,0.44868361115104155,105
3,0.0,0.0,0.0,0.0,0
4,0.0,0.0,0.0,0.0,0
