,max,min,avg,median,count
0,0.8349514662999045,0.017465395683691123,0.534581240519304,0.585970285769168,45
1,0.8765314947162933,0.006981436700261671,0.5547688678842166,0.6278252138867256,69
2,0.9117668391853719,0.024989440167658705,0.5344809851202196,0.5770897731289443,156
3,0.0,0.0,0.0,0.0,0
4,0.0,0.0,0.0,0.0,0
