,max,min,avg,median,count
0,0.6000120765384148,0.006042141500704401,0.3005945915339384,0.3109157783432758,29
1,0.6705151504440178,0.021923269925697136,0.3193437172156262,0.3054088657064503,96
2,0.6972108830403764,0.00404596807901882,0.29289261629411245,0.290243260047313,148
3,0.0,0.0,0.0,0.0,0
4,0.0,0.0,0.0,0.0,0
