,max,min,avg,median,count
0,0.6439320976551745,0.023257044065337528,0.21650354746292896,0.17163592749808712,28
1,0.58005066848169,0.003985233117270529,0.25065503822127594,0.22463624622238126,62
2,0.723138067608261,0.00016261433534770612,0.28177057446587617,0.23772519532753583,274
3,0.0,0.0,0.0,0.0,0
4,0.0,0.0,0.0,0.0,0
