,max,min,avg,median,count
0,0.7735344244020612,0.015620904716790432,0.47040044526799385,0.5287714029331596,45
1,0.8079157825845635,0.021503684934898425,0.4689614120648053,0.5238306089106474,103
2,0.7805693634817131,0.030292624543957754,0.47491127949348594,0.4892690462566272,123
3,0.0,0.0,0.0,0.0,0
4,0.0,0.0,0.0,0.0,0
