,max,min,avg,median,count
0,0.8278659485277219,0.017103678835432196,0.4052093099493019,0.4165033635893557,41
1,0.8247565572386663,0.010421318222595555,0.4776594449936471,0.5279080022835742,125
2,0.8212716707377238,0.0054499179510017265,0.506912378579136,0.5498019129801225,105
3,0.5524985673836511,0.11701481902761192,0.3347566932056315,0.3347566932056315,2
4,0.0,0.0,0.0,0.0,0
