,max,min,avg,median,count
0,0.9012293479327133,0.09433672004690154,0.5362476681716868,0.5119153812087207,23
1,0.9277943858984057,0.024394836610478705,0.5678030359430801,0.6394702522268879,102
2,0.9066175088470173,0.03278925616828768,0.5260230883321974,0.5538926044190565,132
3,0.0,0.0,0.0,0.0,0
4,0.0,0.0,0.0,0.0,0
