,max,min,avg,median,count
0,0.8451552309936339,0.010414918317152824,0.41360907010752807,0.40997101975542016,42
1,0.860900196771419,0.0033340053167582695,0.4327488283324619,0.4537167023723898,66
2,0.850837278721935,0.011965543853434275,0.44978991335062196,0.4642343815712811,157
3,0.0,0.0,0.0,0.0,0
4,0.0,0.0,0.0,0.0,0
