,max,min,avg,median,count
0,0.8428550784449964,0.018449986929954164,0.5160897456935549,0.5553938131236944,42
1,0.8612364159700531,0.02140007840084481,0.5217923866400358,0.5922882611608933,64
2,0.8406182099831772,0.0018743467713486957,0.4641088153196578,0.4840104633586679,151
3,0.0,0.0,0.0,0.0,0
4,0.0,0.0,0.0,0.0,0
