,max,min,avg,median,count
0,0.8926657546913029,0.00596104816245902,0.4494911035315971,0.4825094517186587,42
1,0.9102932112205034,0.002236239227500976,0.5228042491263569,0.5652449076431372,74
2,0.8969019516762511,0.012992077131564464,0.48893871031158653,0.5188226246612953,142
3,0.0,0.0,0.0,0.0,0
4,0.0,0.0,0.0,0.0,0
