,max,min,avg,median,count
0,0.9095951174215643,0.03934717623625686,0.5330063202480397,0.5948447621205123,31
1,0.9073729255486062,0.08631786548686605,0.5892310541923246,0.6656258300548271,77
2,0.9277772772805247,0.0038359173535242436,0.5430580681951461,0.6280911392048651,156
3,0.0,0.0,0.0,0.0,0
4,0.0,0.0,0.0,0.0,0
