,max,min,avg,median,count
0,0.8200192266645548,0.0019281412628323908,0.46269560220098105,0.47724114562285025,27
1,0.7745746351453103,0.002250473077911493,0.4637298971268841,0.5152922406832889,75
2,0.8408890771461781,0.00710855508145661,0.43627639228157805,0.4547489945271918,156
3,0.0,0.0,0.0,0.0,0
4,0.0,0.0,0.0,0.0,0
