,max,min,avg,median,count
0,0.917835677007006,0.02237766698443379,0.6807836182397993,0.7347664386962394,32
1,0.9350604403033682,0.005343010145356581,0.5546963468931546,0.6090325818533733,81
2,0.9302110666067271,0.00956487196826688,0.5889862421287055,0.6533309887167353,180
3,0.0,0.0,0.0,0.0,0
4,0.0,0.0,0.0,0.0,0
