,max,min,avg,median,count
0,0.8675821630552283,0.012139033601244898,0.5596653955996769,0.5968848474141628,50
1,0.8874266900216138,0.006896825754205016,0.519789313979247,0.5743620132399735,184
2,0.9044193941043478,0.027549430250773315,0.540707905438469,0.5977093641559911,63
3,0.0,0.0,0.0,0.0,0
4,0.0,0.0,0.0,0.0,0
