,max,min,avg,median,count
0,0.9342291415124577,0.07192924223986598,0.587478929381981,0.6177119730952039,49
1,0.9522162692365583,0.022018005462038963,0.5947284286466579,0.6598714222983039,80
2,0.9428502517383243,0.004014046320872581,0.5520701872999884,0.6026926610181397,176
3,0.0,0.0,0.0,0.0,0
4,0.0,0.0,0.0,0.0,0
