,max,min,avg,median,count
0,0.6418931228439436,0.028524977523600174,0.2746654261112305,0.22779751700126716,11
1,0.6155608199697848,0.00046992919878016795,0.2389427626754978,0.25247749656829244,79
2,0.7320436112810184,0.0006666757777098914,0.27888761346559493,0.27766957963603145,223
3,0.1667198568472804,0.16076053929790654,0.1637401980725935,0.1637401980725935,2
4,0.0,0.0,0.0,0.0,0
