,max,min,avg,median,count
0,0.8841529307357283,0.0013355389113106062,0.20734655759882642,0.10793302782758929,49
1,0.8654997868480645,0.0005330826929947171,0.20482249512361378,0.14251523511873077,114
2,0.8689437915897481,0.00010266028318328789,0.19957250531206372,0.1506601174211051,144
3,0.0,0.0,0.0,0.0,0
4,0.0,0.0,0.0,0.0,0
