,max,min,avg,median,count
0,0.9344370482393222,0.056543164792962834,0.6907799059849348,0.8302027177019672,23
1,0.9246719854403974,0.0008330495159164958,0.5353451846853011,0.6037878147568707,139
2,0.9617087100260868,0.010198513822839159,0.561992734380821,0.5865593353430422,94
3,0.0,0.0,0.0,0.0,0
4,0.0,0.0,0.0,0.0,0
