,max,min,avg,median,count
0,0.8981842038299649,0.07093883832957268,0.5033960477453208,0.547147166276357,46
1,0.9439612151909603,0.0012317903463960923,0.5246776030516096,0.5974760590049194,123
2,0.9236843458770261,0.03769496530540429,0.5390742945075397,0.5938712686962863,93
3,0.0,0.0,0.0,0.0,0
4,0.0,0.0,0.0,0.0,0
