,max,min,avg,median,count
0,0.838481221964003,0.12263528830493181,0.568955217763086,0.6042578781139034,31
1,0.7888853050977587,0.0020043151353616485,0.3949461810752994,0.4012331945336822,77
2,0.7727999923371679,0.002989839324305182,0.3961087702560336,0.4311171013401297,168
3,0.0,0.0,0.0,0.0,0
4,0.0,0.0,0.0,0.0,0
