,max,min,avg,median,count
0,0.7897105657242277,0.06485785280271182,0.4244665735308753,0.45594763155424106,37
1,0.8362926047819289,0.013468487294444928,0.44365604528570074,0.4757276974680511,91
2,0.7980189585486834,0.0011541182257863104,0.4129487224606729,0.4312636239121086,148
3,0.0,0.0,0.0,0.0,0
4,0.0,0.0,0.0,0.0,0
