,max,min,avg,median,count
0,0.8827987923527975,0.015252084433208718,0.40688586311395386,0.4015827406542444,39
1,0.8630816989998805,0.02250017554243341,0.36988120979275596,0.3355627477977572,69
2,0.8793249146579114,0.0020115093300240128,0.3443534177351563,0.349246596769394,148
3,0.621628767777531,0.3147599937019429,0.46819438073973696,0.46819438073973696,2
4,0.0,0.0,0.0,0.0,0
