,max,min,avg,median,count
0,0.8566738169542878,0.0013694107800319313,0.3806330954319755,0.35134015138203456,43
1,0.845593975192263,0.0019463617309878852,0.3472921505693697,0.26815374372656237,139
2,0.8447178018856617,0.005391845538931812,0.335055546470799,0.2980673350649214,74
3,0.0,0.0,0.0,0.0,0
4,0.0,0.0,0.0,0.0,0
