,max,min,avg,median,count
0,0.9271579412429103,0.007542496548218734,0.43965989741052197,0.465814399052715,47
1,0.8495430779214774,0.0024251286889889127,0.43536640322693415,0.4476474922280253,71
2,0.9488313902423332,0.0033282373780530103,0.4504411020472674,0.46231921498975637,186
3,0.0,0.0,0.0,0.0,0
4,0.0,0.0,0.0,0.0,0
