,max,min,avg,median,count
0,0.8335083525852439,0.06580473208679306,0.42162464949491557,0.42909112407464567,26
1,0.850226463502734,0.010787727111172908,0.4073190511033293,0.43942380350135424,109
2,0.8119825014696508,0.006896145741469854,0.43464599745147997,0.4464234559431144,123
3,0.0,0.0,0.0,0.0,0
4,0.0,0.0,0.0,0.0,0
