,max,min,avg,median,count
0,0.8427944165481077,0.07122660984041088,0.5499091052968009,0.6174842107357671,27
1,0.9637814941732672,0.012252353045091173,0.5343884108626886,0.5510507141357028,186
2,0.938677366417687,0.059318312290953835,0.583118487706351,0.6772157306284388,47
3,0.0,0.0,0.0,0.0,0
4,0.0,0.0,0.0,0.0,0
