,max,min,avg,median,count
0,0.9174231102487994,0.09114882926392562,0.507255935828258,0.5099000140788393,32
1,0.9441304874631427,0.008525927468452734,0.5821701843210252,0.6589238227955687,80
2,0.939790480719475,0.008579461670618838,0.5380373752026589,0.5835052118848704,161
3,0.0,0.0,0.0,0.0,0
4,0.0,0.0,0.0,0.0,0
