,max,min,avg,median,count
0,0.9210584844508638,0.002003748256691914,0.5402872174289981,0.5215191372146146,35
1,0.9113176589965537,0.015292393379380494,0.5641881109504616,0.6771052641577531,66
2,0.9347784833577355,0.0016370810086687427,0.5169455230778404,0.5386407355519582,156
3,0.0,0.0,0.0,0.0,0
4,0.0,0.0,0.0,0.0,0
