,max,min,avg,median,count
0,0.6782323967663798,0.016254827943569507,0.3125912699866242,0.2907996824260255,31
1,0.7959458731887211,0.005176816315659645,0.37182693564908026,0.376519810497194,109
2,0.8811817038859873,0.014059654618141296,0.38614751520059204,0.39425346594490474,136
3,0.0,0.0,0.0,0.0,0
4,0.0,0.0,0.0,0.0,0
