,max,min,avg,median,count
0,0.7731794441808988,0.0668003196713254,0.3966157072151909,0.3719075134132256,26
1,0.8055669869395502,0.013662557521816967,0.4465917493667474,0.4787650360897594,59
2,0.90019445371081,0.006656278030278001,0.4471716418234543,0.4868677764167758,176
3,0.0,0.0,0.0,0.0,0
4,0.0,0.0,0.0,0.0,0
