,max,min,avg,median,count
0,0.7415319501415361,0.11595921799752124,0.5231434248645003,0.5895677780539917,17
1,0.6628600730849267,0.00467225933310316,0.39456791746298175,0.4686278766941479,19
2,0.8366752694729662,0.00010191928042124417,0.39818567979007835,0.40014134429111814,386
3,0.0,0.0,0.0,0.0,0
4,0.0,0.0,0.0,0.0,0
