,max,min,avg,median,count
0,0.5517132925406787,0.01056097673035529,0.34266251985231244,0.35498323647965857,13
1,0.8586715591443267,0.0016466997709318047,0.27771574082798023,0.2534604156513624,122
2,0.8116560398719808,0.0005270533625711376,0.30056638693519877,0.2874226850740471,293
3,0.37898941110188306,0.0016257067814797203,0.10895211025490521,0.02838093839875722,7
4,0.0,0.0,0.0,0.0,0
