,max,min,avg,median,count
0,0.9397435499771756,0.15566040554384922,0.6610199407872617,0.6373910468231672,26
1,0.9087176121861388,0.008805119519915722,0.5264574126741215,0.5870367137703685,142
2,0.9058093061847349,0.006198141891034308,0.5724794291778518,0.685383689031081,93
3,0.0,0.0,0.0,0.0,0
4,0.0,0.0,0.0,0.0,0
