,max,min,avg,median,count
0,0.8982123024361369,0.03197119853289074,0.4611342440191904,0.4920233832703994,56
1,0.9457551341171895,0.004426567246081841,0.5762774780559137,0.6787305603134538,143
2,0.9629685296452867,0.0013903397576409625,0.6305790940384857,0.6843000674909994,230
3,0.0,0.0,0.0,0.0,0
4,0.0,0.0,0.0,0.0,0
