,max,min,avg,median,count
0,0.47771691046851233,0.042180873655856814,0.26356088028692104,0.2871238873044789,28
1,0.6400725686379788,0.01482175810661779,0.2712351234008076,0.2788844209242158,137
2,0.7603673173871365,0.0055461044494453365,0.2661464985883439,0.26728597924593106,199
3,0.0,0.0,0.0,0.0,0
4,0.0,0.0,0.0,0.0,0
