,max,min,avg,median,count
0,0.8570984370584978,0.056025993778270465,0.5329400084319885,0.5769361573992132,43
1,0.8492006821813439,0.03269026652305662,0.5275971417866562,0.5514394093861852,84
2,0.8771121425624556,0.011456074546592655,0.47169312083990433,0.48885739974643283,138
3,0.0,0.0,0.0,0.0,0
4,0.0,0.0,0.0,0.0,0
