,max,min,avg,median,count
0,0.8488752824100864,0.040748128851585415,0.4569105045248279,0.4449169188531345,48
1,0.8859439925188306,0.025618722394294895,0.5100214715356064,0.5634074709102505,166
2,0.8628596742131129,0.014675841720232893,0.556966865087811,0.6440068258687502,87
3,0.0,0.0,0.0,0.0,0
4,0.0,0.0,0.0,0.0,0
