,max,min,avg,median,count
0,0.9481608237048186,0.2554507935886427,0.6281420515567709,0.623401084645171,24
1,0.955584111993807,0.008032064697452058,0.6105236902967466,0.6690235077133289,61
2,0.9661066933487259,0.0005735436230142947,0.5806643769768552,0.6416196059081583,238
3,0.0,0.0,0.0,0.0,0
4,0.0,0.0,0.0,0.0,0
