,max,min,avg,median,count
0,0.9154903298149738,0.040961884694850896,0.48381689895054675,0.49194420587230453,39
1,0.9030112841196998,0.004560790916720883,0.5091402147222113,0.5301179570304014,69
2,0.9195144989563574,0.011981802336815237,0.5177837422165564,0.5649618047834919,148
3,0.6338476612906526,0.5780574998709853,0.605952580580819,0.605952580580819,2
4,0.0,0.0,0.0,0.0,0
