,max,min,avg,median,count
0,0.5104967745291716,0.0029475651008737777,0.2836234235885068,0.29680912234863216,21
1,0.49804633814098315,0.003059747567208971,0.21086212870434232,0.20684930450648553,50
2,0.5671915141129623,0.003423110497561972,0.18165582377223644,0.1439728659309661,186
3,0.06206215605125584,0.01432945564640257,0.03819580584882921,0.03819580584882921,2
4,0.0,0.0,0.0,0.0,0
