,max,min,avg,median,count
0,0.6129976834609024,0.014347817949420716,0.29933309103289574,0.28773210922231807,32
1,0.7827433962564215,0.013217858980509844,0.2798787479282573,0.2248009861724991,62
2,0.706999040518408,0.007757031074030218,0.3027550667246555,0.29160318812719,204
3,0.0,0.0,0.0,0.0,0
4,0.0,0.0,0.0,0.0,0
