,max,min,avg,median,count
0,0.911519994277022,0.008761481764045325,0.5686372732112474,0.6101121282777836,28
1,0.9372323626303799,0.009746916477383405,0.5601772596910845,0.6411738515755294,78
2,0.9184212560777457,0.003162425522171742,0.5149343356725824,0.5800774799324668,154
3,0.0,0.0,0.0,0.0,0
4,0.0,0.0,0.0,0.0,0
