,max,min,avg,median,count
0,0.9452117498531482,0.0203373504332472,0.5476294598220525,0.5901101282444601,27
1,0.9357411612261484,0.03898028844195681,0.6392403449351018,0.7141645716396134,49
2,0.95953292586794,0.004618977662560622,0.5406000589698464,0.5910832527410264,202
3,0.0,0.0,0.0,0.0,0
4,0.0,0.0,0.0,0.0,0
