,max,min,avg,median,count
0,0.7994658376984463,0.043330244662173265,0.40881586727550173,0.4087087908163866,35
1,0.7768975690540726,0.03757096028113296,0.4578849356383113,0.5127610088481054,66
2,0.8096797460493315,0.0020225667109785342,0.43679204196561056,0.47305653131202874,156
3,0.0,0.0,0.0,0.0,0
4,0.0,0.0,0.0,0.0,0
