,max,min,avg,median,count
0,0.6840316937287095,0.0019546138426528806,0.3999543549163522,0.38951118815824576,27
1,0.7294305175265806,0.01609461722710822,0.3864478157569282,0.4057199326125209,67
2,0.8701608655227547,0.00019813588548758443,0.3895658059894235,0.41198494503248284,267
3,0.0,0.0,0.0,0.0,0
4,0.0,0.0,0.0,0.0,0
