,max,min,avg,median,count
0,0.7751078894020668,0.06054975988849796,0.4716004204535238,0.5259161795018095,22
1,0.8143906892723818,4.27544438581772e-05,0.443367204161192,0.522673027698053,52
2,0.8464629906992579,0.003622230680908109,0.4521671951084818,0.48782098553394665,205
3,0.0,0.0,0.0,0.0,0
4,0.0,0.0,0.0,0.0,0
