,max,min,avg,median,count
0,0.8982123024361369,0.0056935018971626394,0.430825093593095,0.4629808412536096,56
1,0.9247395310861858,0.041701992857366636,0.5439500087033199,0.602186642660263,115
2,0.9419318578020327,0.003767294121642181,0.5573065100133859,0.5876367883251227,257
3,0.0,0.0,0.0,0.0,0
4,0.0,0.0,0.0,0.0,0
