,max,min,avg,median,count
0,0.9140855973889388,0.11786975312191336,0.6686446833277178,0.7611895718109494,23
1,0.841444515455186,0.028635199449252097,0.4247249608255131,0.40747692224950166,47
2,0.8756817602577119,0.00226664683949889,0.48391596267080356,0.5057619834607467,188
3,0.0,0.0,0.0,0.0,0
4,0.0,0.0,0.0,0.0,0
