,max,min,avg,median,count
0,0.7318314151351466,0.005902056111562451,0.4249859910987864,0.4826072359855171,21
1,0.8143095494507268,0.023340662575597793,0.4482949847315353,0.4838267969607848,61
2,0.8469924484557958,0.015889839927336297,0.4394216851657096,0.4410363344607011,180
3,0.0,0.0,0.0,0.0,0
4,0.0,0.0,0.0,0.0,0
