,max,min,avg,median,count
0,0.8365655618193097,0.04274858866332603,0.438476772212749,0.4142155225299516,35
1,0.9625283987891884,0.010882208259914431,0.48319489768479973,0.49358239319543856,122
2,0.9119413347888936,0.001900102686073438,0.48595422017403733,0.4999227007405467,254
3,0.0,0.0,0.0,0.0,0
4,0.0,0.0,0.0,0.0,0
