,max,min,avg,median,count
0,0.8990579063141845,0.02486580237463625,0.5021079000598705,0.5720999490157332,44
1,0.9140950230045034,0.013252532993448547,0.5247671650465047,0.5319777034809597,63
2,0.9366126449752218,0.006023885391851496,0.5220363280196885,0.5943691643843902,150
3,0.0,0.0,0.0,0.0,0
4,0.0,0.0,0.0,0.0,0
