,max,min,avg,median,count
0,0.7834439586791689,0.06332029483231251,0.33685617174489146,0.2993349340846923,32
1,0.7949578545569339,0.0037899735502428217,0.33915461547259435,0.3450808462228379,191
2,0.784455461192679,0.0077643477225841475,0.3202746880878616,0.299983917180488,55
3,0.0,0.0,0.0,0.0,0
4,0.0,0.0,0.0,0.0,0
