,max,min,avg,median,count
0,0.8840845601538827,0.013211756094925043,0.5857322379196479,0.6700757194048569,40
1,0.8881350257559396,0.020779171922474943,0.5858412721303019,0.6475161132597923,105
2,0.8857659107099674,0.0009439362756995569,0.5182327026437511,0.5876691316655789,166
3,0.0,0.0,0.0,0.0,0
4,0.0,0.0,0.0,0.0,0
