,max,min,avg,median,count
0,0.7969884149476827,0.034052378637928184,0.4793892363253481,0.4760395545022561,22
1,0.8483709306861951,0.02006694655045512,0.4875624192492785,0.5439124770445822,86
2,0.8713795993092877,0.033457735011938605,0.45746217339424267,0.48942001302315374,174
3,0.473923694079971,0.35867557898693414,0.42291396635457584,0.4361426259968224,3
4,0.0,0.0,0.0,0.0,0
