,max,min,avg,median,count
0,0.847741459994369,0.04104019370700466,0.6459672866794484,0.7671644854586711,23
1,0.8779742906237178,0.011718980743740953,0.46687532756588446,0.5207253790525868,128
2,0.9208902080345786,0.013957400027792676,0.4934380070666368,0.5449414050068307,108
3,0.0,0.0,0.0,0.0,0
4,0.0,0.0,0.0,0.0,0
