,max,min,avg,median,count
0,0.8799521826612441,0.00021561602604838707,0.5925621612428632,0.6873130399547165,7
1,0.9145492720695895,0.000653567126849766,0.6021983996950403,0.6553335975432457,122
2,0.8978893075654396,0.001565223772523861,0.580694771484188,0.6255537152971027,169
3,0.8484816879263934,0.03876905964149577,0.5696492548813892,0.5966379370665162,34
4,0.0,0.0,0.0,0.0,0
