,max,min,avg,median,count
0,0.9276844496284723,0.004013809788562491,0.4959362005070259,0.4724562206031229,40
1,0.9411332000677757,0.00296457846130607,0.5603130983189276,0.6152268137395669,93
2,0.9525874800225754,0.021127555437257355,0.5854783282222091,0.6371374073553954,125
3,0.5385966424406662,0.5385966424406662,0.5385966424406662,0.5385966424406662,1
4,0.0,0.0,0.0,0.0,0
