,max,min,avg,median,count
0,0.5380639590415912,0.010850230676656775,0.21089722169481737,0.1734541434489502,23
1,0.7196818854791237,0.0038710825599625053,0.25166507329229715,0.21191137990357983,140
2,0.805069282721959,0.00306760714466793,0.2732079556398704,0.23178456054984467,94
3,0.0,0.0,0.0,0.0,0
4,0.0,0.0,0.0,0.0,0
