,max,min,avg,median,count
0,0.8549174192536435,0.244440900809027,0.5151807968024751,0.48491392172176784,11
1,0.8485252655873697,0.0027379806689607124,0.5238945199530812,0.5809000715498396,96
2,0.8799521125007901,0.011008028858580435,0.5242135176575944,0.5662101032320095,221
3,0.7913354940707573,0.00541852876769208,0.5390856873896569,0.5722059934732148,53
4,0.0,0.0,0.0,0.0,0
