,max,min,avg,median,count
0,0.6602076346153127,0.04354997478247991,0.4137848823380594,0.4640533900114418,44
1,0.7009499423032649,0.013343517268625048,0.4147612336656303,0.4857772164177985,66
2,0.7280253471667094,0.0022938796444335044,0.42517134121392647,0.46099247016540473,149
3,0.0,0.0,0.0,0.0,0
4,0.0,0.0,0.0,0.0,0
