,max,min,avg,median,count
0,0.9697712084884768,0.05743845842574623,0.5564744641866205,0.6642057338362769,39
1,0.9467670644838452,0.005764702924669434,0.5307758329853554,0.6146057365828275,166
2,0.9467665415182887,0.043966584288451606,0.5131304313249168,0.5178892454013083,57
3,0.0,0.0,0.0,0.0,0
4,0.0,0.0,0.0,0.0,0
