,max,min,avg,median,count
0,0.8478413076317779,0.0042737034417630005,0.4579136405612305,0.4799680786919762,36
1,0.8651279019562329,0.011617024902498229,0.5097745901059605,0.5526181647022601,67
2,0.9208902080345784,0.00037805349600361084,0.4822761363181063,0.4895663960945081,160
3,0.0,0.0,0.0,0.0,0
4,0.0,0.0,0.0,0.0,0
