,max,min,avg,median,count
0,0.638653433224177,0.01124985280020389,0.4139179835888228,0.42841231201182833,28
1,0.6853269192789229,0.0013949967510287749,0.31970878271269093,0.32556872210901744,208
2,0.705490462342982,0.00556052897058638,0.3320189924909594,0.36405463228931123,96
3,0.0,0.0,0.0,0.0,0
4,0.0,0.0,0.0,0.0,0
