,max,min,avg,median,count
0,0.8085870283136688,0.03957582857007066,0.4151602490966317,0.418073937800867,10
1,0.7214018266515363,0.2955663422285263,0.5726902172750454,0.5778461026059849,10
2,0.8434820626246967,0.0030008647198267614,0.4449157422598257,0.47335107029770257,245
3,0.0,0.0,0.0,0.0,0
4,0.0,0.0,0.0,0.0,0
