,max,min,avg,median,count
0,0.7598974468628341,0.003451001472152906,0.19922813243588056,0.1594038717314948,31
1,0.7225605879210856,0.0009759769465816915,0.24724752649245244,0.19383778907654728,120
2,0.7899281831613778,0.0007906806778259338,0.20114046612342712,0.19045923282191446,135
3,0.0,0.0,0.0,0.0,0
4,0.0,0.0,0.0,0.0,0
