,max,min,avg,median,count
0,0.9267830608358879,0.045398149283477914,0.4508198504261277,0.45943356087642706,39
1,0.8438880545669698,0.00020449055052524737,0.4760804335697622,0.4942222915153386,97
2,0.8941106951953782,0.0021165971429276524,0.5326666088734471,0.5871928016113974,128
3,0.0,0.0,0.0,0.0,0
4,0.0,0.0,0.0,0.0,0
