,max,min,avg,median,count
0,0.7893570962975481,0.18947224696770035,0.5615729162173408,0.5785167386187294,25
1,0.8033985721029321,0.045906245984023965,0.466302205029845,0.5132960494901219,57
2,0.8279155606748984,0.0025731531572218418,0.44662421399909535,0.47335321554694,174
3,0.0,0.0,0.0,0.0,0
4,0.0,0.0,0.0,0.0,0
