,max,min,avg,median,count
0,0.4665238106163566,0.02017421914815395,0.27105040710361544,0.29277208094702406,33
1,0.6556696571492302,0.012093099053914065,0.22703317088567618,0.22275552299287416,206
2,0.47368333353125125,0.005653135478698575,0.22935240263309647,0.23828313634800258,49
3,0.0,0.0,0.0,0.0,0
4,0.0,0.0,0.0,0.0,0
