,max,min,avg,median,count
0,0.5918736111154624,0.03421400127616324,0.30489851369092674,0.28491676690289025,24
1,0.6692270880752459,0.0005907447455977487,0.2931770587693838,0.27764298596580445,81
2,0.7539649288109349,0.0010653001146587288,0.29452370977218206,0.2845884415424926,160
3,0.0,0.0,0.0,0.0,0
4,0.0,0.0,0.0,0.0,0
