,max,min,avg,median,count
0,0.8427944165481077,0.014720815853539406,0.3709462776936284,0.38063667912113947,25
1,0.8969862381033678,0.008283896892595044,0.4164222023234717,0.43136134160817186,81
2,0.8748348134995709,0.0005755195413721813,0.4391410836692176,0.47429090434994947,155
3,0.0,0.0,0.0,0.0,0
4,0.0,0.0,0.0,0.0,0
