,max,min,avg,median,count
0,0.9170051693594792,0.005385701296606852,0.3661369447371749,0.35359627606665345,68
1,0.816414627668712,0.006539563088609095,0.367438361421967,0.37829343518844843,110
2,0.935032677591535,0.008585289028167685,0.41061644950346565,0.4244488375418124,314
3,0.0,0.0,0.0,0.0,0
4,0.0,0.0,0.0,0.0,0
