,max,min,avg,median,count
0,0.8848226295896713,0.004841652325266619,0.37278542205631443,0.36523630560574566,53
1,0.8350994835273933,0.0013278268865825203,0.24732441940069755,0.21754355576407466,111
2,0.912982993327448,0.0018028577864198261,0.2572648087056274,0.20666972483937288,251
3,0.0,0.0,0.0,0.0,0
4,0.0,0.0,0.0,0.0,0
