,max,min,avg,median,count
0,0.784638844129933,0.003035923998207448,0.4091304888561468,0.4388471963941417,34
1,0.7850124782912924,0.022031586510030763,0.4348014150036315,0.500312953896147,81
2,0.7833903724971917,0.0025918556985607623,0.4265060969544805,0.45236782105623685,162
3,0.0,0.0,0.0,0.0,0
4,0.0,0.0,0.0,0.0,0
