,max,min,avg,median,count
0,0.7030511348811656,0.015576060474026454,0.47576177506820627,0.5431078865123992,26
1,0.6893075917358868,0.004305874286058501,0.349514556125615,0.36711640658186506,89
2,0.723396955454075,0.003273729887037653,0.40752952485585003,0.4682430189598152,150
3,0.0,0.0,0.0,0.0,0
4,0.0,0.0,0.0,0.0,0
