,max,min,avg,median,count
0,0.7181560497852002,0.0039627992189733745,0.34226070418041354,0.38478046275359096,25
1,0.5988810150215811,0.0010477100407648371,0.28564906050615063,0.28491655278824696,100
2,0.6468592692288025,0.003924440318713507,0.26593581285567974,0.2515363317988788,131
3,0.0,0.0,0.0,0.0,0
4,0.0,0.0,0.0,0.0,0
