,max,min,avg,median,count
0,0.8715446015343103,0.0016092605921414534,0.37878302159304317,0.3766715553529907,38
1,0.8693326708146455,0.009483797160089213,0.41423538023567147,0.4240851118631312,197
2,0.8338664959947347,0.00010973785348813166,0.3771360326073753,0.39049449053400476,26
3,0.0,0.0,0.0,0.0,0
4,0.0,0.0,0.0,0.0,0
