,max,min,avg,median,count
0,0.8395995160673905,0.028147238984594838,0.3945460624356604,0.44905890323772785,29
1,0.8899632559457158,0.01829115398965959,0.38218538456864826,0.33336722627238813,132
2,0.8334818389645726,0.0023984705762651703,0.3590585260005103,0.3618518772598222,113
3,0.0,0.0,0.0,0.0,0
4,0.0,0.0,0.0,0.0,0
