,max,min,avg,median,count
0,0.6006780579154015,0.007134340113541103,0.17505809249898838,0.1528659437817683,39
1,0.4957304414047173,0.00032079836677651624,0.1492424314014322,0.1344268729286678,73
2,0.45661744623076594,0.005097972148673835,0.14722358577136574,0.11699882983074542,160
3,0.0,0.0,0.0,0.0,0
4,0.0,0.0,0.0,0.0,0
