,max,min,avg,median,count
0,0.8200598956448065,0.017110686839981615,0.5671128800987322,0.6101478985049275,50
1,0.8504922969095308,0.009241822245552773,0.48742821237970774,0.5382970869929311,141
2,0.8058765486609167,0.0005069383649877954,0.5012490501168072,0.5852402307244062,176
3,0.0,0.0,0.0,0.0,0
4,0.0,0.0,0.0,0.0,0
