,max,min,avg,median,count
0,0.9051475841426705,0.021886650464581176,0.5032336963838121,0.5363799176129457,45
1,0.890805956654108,0.01368132199991131,0.5706053416871921,0.6162125576164125,113
2,0.9319446921417732,0.014884667436622338,0.5105748299593023,0.537995177614972,183
3,0.0,0.0,0.0,0.0,0
4,0.0,0.0,0.0,0.0,0
