,max,min,avg,median,count
0,0.8797248781277898,0.014365457097540408,0.4989303445826032,0.5735963253564088,30
1,0.9152580869982174,0.0042460753429508944,0.5026994628532578,0.552416509970463,95
2,0.9095503776763717,0.0039677569132396265,0.4829373381204098,0.5274806272897431,138
3,0.0,0.0,0.0,0.0,0
4,0.0,0.0,0.0,0.0,0
