,max,min,avg,median,count
0,0.9179725510250516,0.078180147301397,0.4006526220711759,0.3461725758611394,27
1,0.7969447822133401,0.001622174670458664,0.3284405339204234,0.30625036983869136,127
2,0.7876917591319563,0.0073995807630476635,0.31561312629953664,0.2773849891555711,134
3,0.0,0.0,0.0,0.0,0
4,0.0,0.0,0.0,0.0,0
