,max,min,avg,median,count
0,0.7866589798491668,0.0015106041073996328,0.4032981557937303,0.4264454573300183,41
1,0.8180556857545953,0.004281242938906422,0.4219763316302812,0.46301913119514443,119
2,0.7767975384617405,0.012181044230981795,0.4460707266814445,0.47858583818660083,100
3,0.0,0.0,0.0,0.0,0
4,0.0,0.0,0.0,0.0,0
