,max,min,avg,median,count
0,0.22169433440444394,0.004152228303708696,0.07972068157858701,0.06883941254527859,29
1,0.29242166566289507,0.0024544225700833333,0.0835028751034392,0.06715133452292446,52
2,0.36521060269399347,0.0007086828170284989,0.09648462487460216,0.08496619903733667,209
3,0.0,0.0,0.0,0.0,0
4,0.0,0.0,0.0,0.0,0
