,max,min,avg,median,count
0,0.596241701935548,0.01663248051495446,0.3037856072853985,0.2817660663310955,39
1,0.7028918485776054,0.007653094167080924,0.31411719781617115,0.3105330294203978,70
2,0.7137428543911912,0.005084786537408128,0.30817367275267515,0.3031254482123269,151
3,0.4546125784464508,0.21554552255270926,0.33507905049958003,0.33507905049958003,2
4,0.0,0.0,0.0,0.0,0
