,max,min,avg,median,count
0,0.9093182345397761,0.017266275243129594,0.5091957449224697,0.6383795017356896,29
1,0.9395326625214802,0.01560121775766808,0.5583875004799497,0.6014946473756386,76
2,0.9419917521875444,0.01799929260110751,0.49959147774089624,0.5313671836949513,155
3,0.0,0.0,0.0,0.0,0
4,0.0,0.0,0.0,0.0,0
