,max,min,avg,median,count
0,0.5068991700875146,0.0052994704635613964,0.26375983003250036,0.30450777990821215,33
1,0.5655715950573422,0.000809860299460961,0.28201952611907194,0.27504714225727156,142
2,0.5340968550081732,0.0007570201007102183,0.3038267912661904,0.33969046717768175,133
3,0.0,0.0,0.0,0.0,0
4,0.0,0.0,0.0,0.0,0
