,max,min,avg,median,count
0,0.8695852941462612,0.0010671593118034954,0.42068440902820353,0.4618474214067158,35
1,0.8607716895641148,0.01796772130415752,0.5193620444359114,0.5712230563185117,100
2,0.8702685880806131,0.010897267533761749,0.44518152156325397,0.4863690249840976,121
3,0.0,0.0,0.0,0.0,0
4,0.0,0.0,0.0,0.0,0
