,max,min,avg,median,count
0,0.9274087530242976,0.016330795415738605,0.5595602575985742,0.5987502576445088,55
1,0.9050395347990026,0.008520056684135732,0.6001402311067588,0.6684370140535467,89
2,0.9192460020301915,0.0029986103033727346,0.6066925796884016,0.6930909827136326,222
3,0.9161759197566683,0.25099973567942324,0.6773920645650134,0.7063610304352533,9
4,0.0,0.0,0.0,0.0,0
