,max,min,avg,median,count
0,0.742662636051144,0.05361320773451601,0.4476655166956539,0.5254179956528329,33
1,0.7640862453796297,0.010021208564960703,0.45596400652113583,0.5001339867802643,135
2,0.7731060118187124,0.023359823833061438,0.4551069501828208,0.4878827168559949,132
3,0.1375779062715047,0.1375779062715047,0.1375779062715047,0.1375779062715047,1
4,0.0,0.0,0.0,0.0,0
