,max,min,avg,median,count
0,0.8977922377055382,0.046564008033732666,0.4846152600598468,0.49647167398085423,32
1,0.9342603431746953,0.004832593834404222,0.5250760679422078,0.5485944080183311,126
2,0.9223362147886944,0.0019211545086367822,0.515726245191291,0.5589421658420753,101
3,0.0,0.0,0.0,0.0,0
4,0.0,0.0,0.0,0.0,0
