,max,min,avg,median,count
0,0.7504624419530375,0.026175818923878966,0.3530753298092669,0.31646207791466546,49
1,0.7821561586291155,0.002292495466720567,0.3733203511996522,0.3925612748585176,141
2,0.8094046271295298,0.005199186716752718,0.3531746159457846,0.34979037814070435,120
3,0.0,0.0,0.0,0.0,0
4,0.0,0.0,0.0,0.0,0
