,max,min,avg,median,count
0,0.7163979374002816,0.29107597110155686,0.5626680426904339,0.5991620026726866,11
1,0.7949646820162848,0.024592347653926008,0.3232992107282909,0.30770305599277814,22
2,0.8536467061338214,0.0004211770890213573,0.40828390270950954,0.4183544894920233,294
3,0.8885249288325349,0.038598592826518285,0.41300077670066493,0.3833688468154715,67
4,0.0,0.0,0.0,0.0,0
