,max,min,avg,median,count
0,0.9594615778922468,0.012600969936996586,0.6123380980381748,0.671518672503264,31
1,0.954239957358063,0.0012733898496744946,0.680511343624198,0.7417263021970286,85
2,0.9512378174468471,0.016610581924343604,0.5916201522978058,0.6606729952114692,167
3,0.7618533047212428,0.22606908017628044,0.49396119244876163,0.49396119244876163,2
4,0.0,0.0,0.0,0.0,0
