,max,min,avg,median,count
0,0.8884269035536431,0.0007211085301910506,0.5520991899590945,0.5389781339814608,26
1,0.902696725529456,0.018097606240245055,0.5113663729866664,0.5583724626454822,93
2,0.8986824254226389,0.007724800012020797,0.506582034262189,0.5869215674056911,139
3,0.0,0.0,0.0,0.0,0
4,0.0,0.0,0.0,0.0,0
