,max,min,avg,median,count
0,0.5706416334846414,0.025624884041092966,0.40791418043400535,0.46016232509388433,28
1,0.5900865108620759,0.001367017142862664,0.35780065624208734,0.389034301012077,80
2,0.5794814313045441,0.020795948890220645,0.3280618397428539,0.3583759975622546,172
3,0.0,0.0,0.0,0.0,0
4,0.0,0.0,0.0,0.0,0
