,max,min,avg,median,count
0,0.8958216133332483,0.025933834064894943,0.5468571390065776,0.5844722523231113,43
1,0.9274840817828024,0.00692682390764832,0.6324244928299764,0.691835908538013,117
2,0.9314659378821893,0.021122761030247506,0.562942542759129,0.6288314532928561,170
3,0.0,0.0,0.0,0.0,0
4,0.0,0.0,0.0,0.0,0
