,max,min,avg,median,count
0,0.5508503288152284,0.014086734067239495,0.2998894327342248,0.31023937337593144,45
1,0.6253760526447532,0.0032853132150200215,0.3067063366484787,0.31631371007258724,68
2,0.645307801015658,0.0014338604876753148,0.2875625416272305,0.319709424602092,155
3,0.0,0.0,0.0,0.0,0
4,0.0,0.0,0.0,0.0,0
