,max,min,avg,median,count
0,0.9411868806625683,0.2125987045920617,0.6965202120127476,0.7631582528532009,32
1,0.8929952462883757,0.008174824821532008,0.5083551938707281,0.5589886334583097,63
2,0.9080175876195421,0.0007326563349455016,0.5579273408896565,0.6232187901411234,194
3,0.0,0.0,0.0,0.0,0
4,0.0,0.0,0.0,0.0,0
