,max,min,avg,median,count
0,0.8469448023461045,0.11429487098698252,0.47696308553569894,0.5515097838110363,25
1,0.875837918192575,0.002442713866662874,0.3846996276088613,0.3874460501761689,120
2,0.8149198646702891,0.0045518434126711575,0.3309608228867293,0.30475388388101216,117
3,0.0,0.0,0.0,0.0,0
4,0.0,0.0,0.0,0.0,0
