,max,min,avg,median,count
0,0.9230425732391684,0.0025552103498179854,0.5176187688828989,0.5718077581331906,40
1,0.9333584539252955,0.008702257038529919,0.49356275627386786,0.5423210672934864,149
2,0.9295770145623277,0.0011124465155952822,0.4612764627457714,0.4994818170336823,82
3,0.0,0.0,0.0,0.0,0
4,0.0,0.0,0.0,0.0,0
