,max,min,avg,median,count
0,0.6984080220086485,0.002939420143755646,0.37045991157151226,0.37253479235352044,46
1,0.7763308611427893,0.0012003442712005235,0.39648451260476125,0.43688921215824617,148
2,0.7225216241923115,0.015577290152300556,0.4012358261832025,0.4715476570769971,76
3,0.0,0.0,0.0,0.0,0
4,0.0,0.0,0.0,0.0,0
