,max,min,avg,median,count
0,0.8493406859234232,0.16698599765838687,0.6127124409790894,0.698354448290839,8
1,0.9271017287822088,0.011100459867756785,0.5669849950967117,0.6282886886390731,56
2,0.9467078011175126,0.006731179844024417,0.581056756566074,0.640814912600566,263
3,0.853120420445934,0.007740954009625695,0.40910542910968306,0.4455546911751509,38
4,0.0,0.0,0.0,0.0,0
