,max,min,avg,median,count
0,0.9168645023974877,0.0589762419362717,0.6462799641542286,0.7117075469438817,37
1,0.8917773650955171,0.032339163627938636,0.5545477269137643,0.6147269158249407,95
2,0.9124298887149097,5.899749386052355e-05,0.5457084834305734,0.603107739346619,157
3,0.0,0.0,0.0,0.0,0
4,0.0,0.0,0.0,0.0,0
