,max,min,avg,median,count
0,0.4609568775957898,0.016680333969175634,0.2702152414825307,0.27113994999151236,11
1,0.6051516726652789,0.043773964444661466,0.29243000007141473,0.2728907232228123,53
2,0.6619991485230132,0.0007140885012096408,0.2889339859395371,0.28957277044206287,243
3,0.0,0.0,0.0,0.0,0
4,0.0,0.0,0.0,0.0,0
