,max,min,avg,median,count
0,0.3786561295027537,0.0352515322137052,0.18150628868940977,0.18586141387268332,9
1,0.7716115302964774,0.020761891805328968,0.29929238814932774,0.29274169891060914,88
2,0.7963559560306057,0.000596811716534956,0.27667191891036613,0.27663551916276113,205
3,0.0,0.0,0.0,0.0,0
4,0.0,0.0,0.0,0.0,0
