,max,min,avg,median,count
0,0.6440852529528341,0.003958842686449222,0.3371759841854253,0.3418509455301283,20
1,0.6651403159327378,0.013193511171526753,0.32953927457222293,0.34374200084416606,67
2,0.7388399408652137,0.0016786410194204317,0.33121899789100584,0.3185085966242199,175
3,0.0,0.0,0.0,0.0,0
4,0.0,0.0,0.0,0.0,0
