,max,min,avg,median,count
0,0.7917161436729558,0.10448400885364843,0.5076902118458135,0.5813151311513822,26
1,0.8522415583274979,0.027621708302828802,0.4818524449179419,0.5072344246061932,63
2,0.8644282440695801,0.004658193522607087,0.5358011423276678,0.6188971743794833,171
3,0.0,0.0,0.0,0.0,0
4,0.0,0.0,0.0,0.0,0
