,max,min,avg,median,count
0,0.9494063336717682,0.061347654187197904,0.6066133656981971,0.6689616555253148,49
1,0.9910502838323236,0.01860995733345181,0.6606922671461405,0.7375993140180717,100
2,0.971219196632892,0.0021501578822878046,0.6749835236993497,0.7774996598604342,177
3,0.8484816879263936,0.49156038600703833,0.6592897402560534,0.6485584435453906,4
4,0.0,0.0,0.0,0.0,0
