,max,min,avg,median,count
0,0.8670326074086041,0.027469677492614714,0.6145792074708304,0.7023582679385469,44
1,0.886960925959401,0.032176362653260904,0.5768740708135275,0.6499058680210228,105
2,0.8990989894908703,0.02124291270155521,0.6219207276935558,0.7045734945399165,340
3,0.0,0.0,0.0,0.0,0
4,0.0,0.0,0.0,0.0,0
