,max,min,avg,median,count
0,0.7453033052816667,0.008221293421586241,0.30582400327458426,0.3152895433543962,31
1,0.7444158916960034,0.02323257584423518,0.28647429709541294,0.2624779348257285,103
2,0.7146984713148621,0.0061230172576139255,0.28904455169190374,0.2849287930805882,129
3,0.0,0.0,0.0,0.0,0
4,0.0,0.0,0.0,0.0,0
