,max,min,avg,median,count
0,0.7716409948455322,0.021534029248442433,0.369030124355416,0.3379706201203989,36
1,0.8139769666484813,0.0068286271560882884,0.41023555285937674,0.4173412352687219,160
2,0.8092932652948275,0.0037529791755989946,0.3553999447143371,0.34582368545534864,61
3,0.0,0.0,0.0,0.0,0
4,0.0,0.0,0.0,0.0,0
