,max,min,avg,median,count
0,0.8600578785937062,0.09028673158700241,0.375310350156704,0.347875153531334,20
1,0.8643655141866387,0.007539005859672291,0.3790148569507647,0.37524369841165184,113
2,0.8278910080956743,0.010253060088756344,0.3726363967775077,0.4008906220137528,132
3,0.0,0.0,0.0,0.0,0
4,0.0,0.0,0.0,0.0,0
