,max,min,avg,median,count
0,0.8486689243963381,0.017519539239768872,0.42007391382497056,0.4166906063728617,58
1,0.8483036296668887,0.0076587592024934675,0.5151532883292714,0.5731668755935485,150
2,0.8408390436858444,0.003955033563122974,0.45801888327331847,0.46345679360073494,177
3,0.6319132703341005,0.07592264736863562,0.4031842930302505,0.45245062720913287,4
4,0.0,0.0,0.0,0.0,0
