,max,min,avg,median,count
0,0.9226934043476286,0.021091370985058512,0.47800028186116517,0.45901590862057606,40
1,0.9342603431746953,0.012269118179098516,0.5361180747356807,0.5708394381345026,101
2,0.9157415203127605,0.0005792571070258214,0.5552818853687429,0.6018984050934499,118
3,0.37758413650634554,0.37758413650634554,0.37758413650634554,0.37758413650634554,1
4,0.0,0.0,0.0,0.0,0
