,max,min,avg,median,count
0,0.7066448479230248,0.013255240549834625,0.3917263806065181,0.3694699955323444,32
1,0.8099940145009252,0.0009666750210340053,0.3948019935172182,0.39623577561728635,101
2,0.8227169984167959,0.0015323897755525752,0.3671974741107178,0.36287861334513877,151
3,0.0,0.0,0.0,0.0,0
4,0.0,0.0,0.0,0.0,0
