,max,min,avg,median,count
0,0.681758707180749,0.008684818047378261,0.28332117294117803,0.2621580024188986,55
1,0.7607269020310582,0.00021406687639515673,0.2674577468662589,0.23736319732346498,147
2,0.7685386290211058,0.0058898183570219795,0.3001456040524961,0.28713282596338396,205
3,0.0,0.0,0.0,0.0,0
4,0.0,0.0,0.0,0.0,0
