,max,min,avg,median,count
0,0.8373006365169817,0.03349765754622453,0.5177436791407325,0.6035564629119308,20
1,0.9051343053805881,0.005492313551737225,0.5088753875881881,0.5214210416419822,64
2,0.8997024246952904,0.00457746832164163,0.5042158960024555,0.5786108589197183,178
3,0.0,0.0,0.0,0.0,0
4,0.0,0.0,0.0,0.0,0
