,max,min,avg,median,count
0,0.6255883616576293,0.13180730627549664,0.37445909358389445,0.3652000250370804,9
1,0.508742830720758,0.13027426005382284,0.3631425114206711,0.4172604473461463,10
2,0.7008811433395244,0.0018374790364164063,0.34179617201478,0.3476934935000951,237
3,0.0,0.0,0.0,0.0,0
4,0.0,0.0,0.0,0.0,0
