,max,min,avg,median,count
0,0.6768838934310895,0.005039109584535901,0.34284582338979236,0.33735081959079055,40
1,0.7279850449033922,0.0003167943767973929,0.3419909169371651,0.36160806192923595,120
2,0.7346110874285628,0.002124220047752771,0.3629279966993148,0.40745389932083176,101
3,0.0,0.0,0.0,0.0,0
4,0.0,0.0,0.0,0.0,0
