,max,min,avg,median,count
0,0.7545927218961394,0.056981735923661965,0.3508186913783414,0.3088910399480126,39
1,0.6751470831259949,0.0032179739940023052,0.3288669825369147,0.32405549068040995,71
2,0.725467080280477,0.004252385131387781,0.3404294590308308,0.3555093517771915,155
3,0.43281532730114053,0.32505116394613,0.3789332456236353,0.3789332456236353,2
4,0.0,0.0,0.0,0.0,0
