,max,min,avg,median,count
0,0.6849703944105333,0.06833171452908374,0.3346423351460256,0.33096546196711996,38
1,0.7756147262601987,0.0012649499570454095,0.3504819527475841,0.3469261024807125,195
2,0.7049062290229902,0.10145909363089003,0.4193714121270709,0.44103228414565804,24
3,0.0,0.0,0.0,0.0,0
4,0.0,0.0,0.0,0.0,0
