,max,min,avg,median,count
0,0.8666534878921942,0.01099166968794115,0.48789158152796464,0.5832671746541572,29
1,0.8619060948117475,0.006372999954882172,0.47495799903361596,0.5021741764468952,133
2,0.8686084921761476,0.023778547964560828,0.4158298009970316,0.45237753092132327,95
3,0.0,0.0,0.0,0.0,0
4,0.0,0.0,0.0,0.0,0
