,max,min,avg,median,count
0,0.8642318079216389,0.02302799043083142,0.5111518225530398,0.5345417347715076,21
1,0.9173164451266517,0.023475320019200285,0.5570292595818388,0.6303904162026419,43
2,0.925577589626214,0.0013417632172174393,0.5207412669255301,0.592268044398101,199
3,0.0,0.0,0.0,0.0,0
4,0.0,0.0,0.0,0.0,0
