,max,min,avg,median,count
0,0.8806412198487267,0.014722011689967963,0.5213905728113928,0.5728712866226462,28
1,0.8414838209821979,0.00451132542491036,0.30094099895420273,0.27833553693324714,166
2,0.8345881263094451,0.0013859328736555868,0.34214058431654093,0.3347513244708924,62
3,0.0,0.0,0.0,0.0,0
4,0.0,0.0,0.0,0.0,0
