,max,min,avg,median,count
0,0.9003369025893588,0.0069584647105402535,0.6639962484996368,0.7505107899676877,48
1,0.9420185392477731,0.01325643272172977,0.5580072250867659,0.6278149993762305,103
2,0.9467078011175127,0.0025383625913367094,0.5175942302141184,0.5634261543293564,214
3,0.0,0.0,0.0,0.0,0
4,0.0,0.0,0.0,0.0,0
