,max,min,avg,median,count
0,0.9067805096246739,0.022087111878315947,0.5086734024932317,0.5070392880576606,44
1,0.9395355569905622,0.04794463112903616,0.5605198914918426,0.571018315603733,92
2,0.9453317349156839,0.01950088739940911,0.5275566952247212,0.5530516228085047,131
3,0.0,0.0,0.0,0.0,0
4,0.0,0.0,0.0,0.0,0
