,max,min,avg,median,count
0,0.5139412388015056,0.004591797460564748,0.23425982273353554,0.2528213791519117,33
1,0.6038928313153851,0.0049506709238401735,0.24920773735245655,0.22036322279696152,64
2,0.7243854537250526,0.00022283571577249594,0.25379057316573245,0.2334707780726108,202
3,0.0,0.0,0.0,0.0,0
4,0.0,0.0,0.0,0.0,0
