,max,min,avg,median,count
0,0.7201419449848334,0.01281162845536945,0.26010638711902245,0.19715732021047552,21
1,0.8867792911321026,0.008565204466154669,0.365668875897336,0.31694492031580696,113
2,0.8811500227426755,0.0036142555297655234,0.3239069488137905,0.28319974547475313,124
3,0.0,0.0,0.0,0.0,0
4,0.0,0.0,0.0,0.0,0
