,max,min,avg,median,count
0,0.7197294579463765,0.01246471171272268,0.2813173833092689,0.2732551641454342,42
1,0.7533194174806612,0.006597171748377049,0.3206574048095323,0.30918158639168036,96
2,0.6610151715304624,0.0030459968111931873,0.3423170789918831,0.34714111277457593,145
3,0.0,0.0,0.0,0.0,0
4,0.0,0.0,0.0,0.0,0
