,max,min,avg,median,count
0,0.6680756017437705,0.02356358259300557,0.29325028879792436,0.3104934337043144,44
1,0.865899073692048,0.04119540378035002,0.4163291720290725,0.4236743778315477,122
2,0.8879527256139748,0.025460622707576555,0.4189306714243893,0.3942484525481085,91
3,0.0,0.0,0.0,0.0,0
4,0.0,0.0,0.0,0.0,0
