,max,min,avg,median,count
0,0.859482257043579,0.01572663151114456,0.5270000991437828,0.6272331468788854,30
1,0.9029945591797041,0.012950982825972344,0.6188085189021689,0.675549076776341,81
2,0.941574388360585,0.016085855161484634,0.5597299992422199,0.6237938245427139,174
3,0.8161683875355863,0.18479682529609265,0.5004826064158394,0.5004826064158394,2
4,0.0,0.0,0.0,0.0,0
