,max,min,avg,median,count
0,0.9154903298149738,0.0034484224756688654,0.4919184909986482,0.5356008783928914,40
1,0.9357981337429666,0.0038710825599625053,0.5170536021604258,0.5664418104401883,108
2,0.9425456022249273,0.0020348771205301046,0.5315548203094894,0.5492120951506494,114
3,0.5279817181721689,0.5279817181721689,0.5279817181721689,0.5279817181721689,1
4,0.0,0.0,0.0,0.0,0
