,max,min,avg,median,count
0,0.7219723516316113,0.03878177598968819,0.27850225800159606,0.27333439882676014,30
1,0.6747975071267768,0.006278961140999197,0.2763149477075258,0.28169012635799295,137
2,0.7281235448264144,0.0026191783910490462,0.2627877867588423,0.23725231852445158,197
3,0.0,0.0,0.0,0.0,0
4,0.0,0.0,0.0,0.0,0
