,max,min,avg,median,count
0,0.8923550609018434,0.023494090796880054,0.48441338738671186,0.49069592947528906,27
1,0.9357981337429666,0.022514331712702777,0.5155603108360884,0.5529820391325275,112
2,0.9539086833748314,0.00306760714466793,0.5201964340221291,0.6002527702525522,115
3,0.6517774168328967,0.6035300743038732,0.6276537455683849,0.6276537455683849,2
4,0.0,0.0,0.0,0.0,0
