,max,min,avg,median,count
0,0.7300251537434247,0.021350412940733983,0.3719195857674588,0.4050860324032553,39
1,0.8511034285738327,0.037501646641920384,0.4118555477621872,0.44277911590192254,70
2,0.8273935701885716,0.0007617495999654119,0.355197179435758,0.3700009132063547,151
3,0.3843861459890486,0.09232709501709906,0.23835662050307382,0.23835662050307382,2
4,0.0,0.0,0.0,0.0,0
