,max,min,avg,median,count
0,0.7601636450188646,0.014659299187022514,0.3623448493490952,0.3693264313083857,27
1,0.8485035968132508,0.0036152800653256475,0.4289757724539394,0.45294259806589754,84
2,0.8322355968287511,0.00029044718478240714,0.4526753281150599,0.46983796877995576,148
3,0.0,0.0,0.0,0.0,0
4,0.0,0.0,0.0,0.0,0
