,max,min,avg,median,count
0,0.8939532183404122,0.21811206049483833,0.6559018565429635,0.7018920589358324,26
1,0.9098908049376937,0.026252472984374414,0.4495184812620764,0.4773855554176476,73
2,0.8732205935637404,0.01500827838411401,0.48828215506337946,0.5070347282415667,157
3,0.0,0.0,0.0,0.0,0
4,0.0,0.0,0.0,0.0,0
