,max,min,avg,median,count
0,0.8486029959833833,0.07624638814692632,0.48400148135894744,0.5138945227740999,37
1,0.8752841178492861,0.0024985853788356497,0.5318187428109367,0.5792410577195345,101
2,0.873663572289452,0.006047169866295957,0.48584217689532244,0.5305292988604402,122
3,0.0,0.0,0.0,0.0,0
4,0.0,0.0,0.0,0.0,0
