,max,min,avg,median,count
0,0.4553825197075774,0.015563228682203226,0.22864245184969967,0.23557224007994626,23
1,0.6463252915847598,0.0038591913720602464,0.2720793743476918,0.2710234364663192,125
2,0.5321519893391402,7.914239965038006e-06,0.27268294766708573,0.2937513867754619,129
3,0.0,0.0,0.0,0.0,0
4,0.0,0.0,0.0,0.0,0
