,max,min,avg,median,count
0,0.8392135139141452,0.007432786004243808,0.5077086153804274,0.5609382217184125,41
1,0.9106983750890796,0.006985236073647392,0.5187722204870527,0.5674344053099782,190
2,0.8579096864318579,0.01925295491037934,0.49762580471132706,0.5284973465296395,67
3,0.0,0.0,0.0,0.0,0
4,0.0,0.0,0.0,0.0,0
