,max,min,avg,median,count
0,0.8078059244381341,0.013825012309847345,0.504504150430705,0.5369360208131634,25
1,0.8302595636444524,0.012350676727594217,0.45388228109019496,0.4646866981317699,92
2,0.8267705391301592,0.005459624885739262,0.43894293990614086,0.483959169883429,151
3,0.0,0.0,0.0,0.0,0
4,0.0,0.0,0.0,0.0,0
