,max,min,avg,median,count
0,0.9311943203276647,0.07941488205911851,0.6020339526147268,0.6607939365668831,45
1,0.9447461208540422,0.09206030800877124,0.6061282100626256,0.6666199331715175,70
2,0.9215774349011671,0.004909614216232645,0.5687751006334157,0.6384961510409173,168
3,0.0,0.0,0.0,0.0,0
4,0.0,0.0,0.0,0.0,0
