,max,min,avg,median,count
0,0.8158900431256566,0.0064928413051763036,0.2826870337320837,0.26885639359446634,35
1,0.7100573271299419,0.003477949653027984,0.2971423313422669,0.2950945391361378,66
2,0.8119781350630231,0.007945999326968324,0.3111552645645908,0.25629431352814447,158
3,0.0,0.0,0.0,0.0,0
4,0.0,0.0,0.0,0.0,0
