,max,min,avg,median,count
0,0.9344370482393222,0.02081146026909034,0.6680754208676875,0.8034931709273487,22
1,0.9247746201988043,0.0007238417262902063,0.5308647208641345,0.5628808454957006,127
2,0.932659013348509,0.03392776497284869,0.5432458126004943,0.5756457530879318,120
3,0.0,0.0,0.0,0.0,0
4,0.0,0.0,0.0,0.0,0
