,max,min,avg,median,count
0,0.8399099378431605,0.08396510588149401,0.49825593211879815,0.5190929321132182,33
1,0.8782657059584068,0.022839060482624542,0.5605812226467705,0.6367204232465061,113
2,0.8865875330952071,0.005233031017964705,0.5181674054307952,0.5650603546884684,154
3,0.0,0.0,0.0,0.0,0
4,0.0,0.0,0.0,0.0,0
