,max,min,avg,median,count
0,0.829836784802163,0.05158711672183631,0.49656270256786367,0.5236807950702129,20
1,0.9277446258340953,0.0024200455146613253,0.5186866273194438,0.573158645925941,63
2,0.9222837175672456,0.01727701668890744,0.4849285506765243,0.5170521126317553,173
3,0.0,0.0,0.0,0.0,0
4,0.0,0.0,0.0,0.0,0
