,max,min,avg,median,count
0,0.5264361100746635,0.035097087280087126,0.23424615895409115,0.18447642691568525,9
1,0.3361022016699691,0.020571746009864958,0.18472230695708775,0.18407933708440338,10
2,0.6517465001160017,0.0006888643826900194,0.21670106934888092,0.21074368739431984,237
3,0.0,0.0,0.0,0.0,0
4,0.0,0.0,0.0,0.0,0
