,max,min,avg,median,count
0,0.8923550609018434,0.0673362467178324,0.4791101260680135,0.47019218361933823,22
1,0.9246636802968687,0.001805747792541491,0.4838173964148574,0.5123051725403047,50
2,0.9467665415182885,0.0011372804656232624,0.5206527584560958,0.5849292929117884,189
3,0.7215193076865869,0.6273329033436464,0.6744261055151166,0.6744261055151166,2
4,0.0,0.0,0.0,0.0,0
