,max,min,avg,median,count
0,0.9221884959390867,0.07141918206554086,0.4965073928280072,0.48259122880916033,35
1,0.8943749023236759,0.003686199600553362,0.49158337250550876,0.5339203716817771,76
2,0.9387351061349845,0.001041248337003974,0.4757479236921681,0.5274867054119106,318
3,0.0,0.0,0.0,0.0,0
4,0.0,0.0,0.0,0.0,0
