,max,min,avg,median,count
0,0.6299387783968665,0.005902056111562451,0.20282825665237833,0.1360561937610983,22
1,0.7088296265860489,0.0011705287490009725,0.1994750730653848,0.14038012869219268,115
2,0.5824158924984668,0.0005755195413721812,0.20074883808025956,0.18980974449011634,121
3,0.0,0.0,0.0,0.0,0
4,0.0,0.0,0.0,0.0,0
