,max,min,avg,median,count
0,0.8580811798078726,0.0002896028444267698,0.4185055179694072,0.3977556945550874,54
1,0.8756826396707927,0.0007002452932000916,0.3927335866200871,0.38279341181685167,182
2,0.9033641450812581,0.0008690792991291181,0.3823968684883726,0.336533063601798,149
3,0.0,0.0,0.0,0.0,0
4,0.0,0.0,0.0,0.0,0
