,max,min,avg,median,count
0,0.7699772393288858,0.025451283821868616,0.3894438671719368,0.4362122001706429,30
1,0.7464028252640293,0.016388832713429998,0.3740562078502305,0.38534330903029496,95
2,0.7683886217733683,0.0022317863750086144,0.3579677298570546,0.3690154676489843,137
3,0.0,0.0,0.0,0.0,0
4,0.0,0.0,0.0,0.0,0
