,max,min,avg,median,count
0,0.8007029518409117,0.015710769639950203,0.3574153246452432,0.34998455625580605,37
1,0.7563476104657639,0.002013434860027609,0.3780497342019309,0.41075449650748613,109
2,0.7643423647628625,0.003924440318713507,0.3515246848042504,0.38241512497422075,111
3,0.0,0.0,0.0,0.0,0
4,0.0,0.0,0.0,0.0,0
