,max,min,avg,median,count
0,0.8653392635487818,0.2542040579340273,0.5325533318013544,0.47811667392125423,3
1,0.9632387214370409,0.08605640889753181,0.5306858831967968,0.5404631246282011,41
2,0.930282322743508,0.0018954926308568341,0.5741594200876526,0.6508213400078037,187
3,0.9144407893753617,0.005102283188336756,0.4792430063036909,0.5613840152844044,57
4,0.0,0.0,0.0,0.0,0
