,max,min,avg,median,count
0,0.8616840291341086,0.06543231277644584,0.5639193606372229,0.6468101917115904,25
1,0.9001239818888804,0.0007414527248390679,0.4746031897556877,0.5225542595854658,86
2,0.8696238664149741,0.006635326053357739,0.5140165465912487,0.5640662612598603,146
3,0.0,0.0,0.0,0.0,0
4,0.0,0.0,0.0,0.0,0
