,max,min,avg,median,count
0,0.49972927062774836,0.13235599063049425,0.30059077587577265,0.2982309614818424,10
1,0.7304504597425725,0.00023995939945945877,0.22778945728161298,0.21625661250077172,106
2,0.5889862408241068,0.002134441290454272,0.26306151062351435,0.29222582205455994,142
3,0.0,0.0,0.0,0.0,0
4,0.0,0.0,0.0,0.0,0
