,max,min,avg,median,count
0,0.807312516383533,0.0028413750927598165,0.46848180065357364,0.5329336421203184,66
1,0.8177818966600792,0.03294171385406244,0.5300066202344492,0.5819205005538524,110
2,0.8347351250292198,0.00015500134155018558,0.4935047710588921,0.5253479705260433,312
3,0.0,0.0,0.0,0.0,0
4,0.0,0.0,0.0,0.0,0
