,max,min,avg,median,count
0,0.7863196290519406,0.0009456574259261187,0.4157824221818334,0.39985444880252863,43
1,0.8264854708566445,0.005832389309849646,0.46781296089829005,0.4872034421460803,102
2,0.8679914257879333,0.0023984705762651708,0.4707808464436397,0.5117385795163119,130
3,0.45192220596752675,0.45192220596752675,0.45192220596752675,0.45192220596752675,1
4,0.0,0.0,0.0,0.0,0
