,max,min,avg,median,count
0,0.9302429653427158,0.04080839880096971,0.5959054928530028,0.6359464239298024,21
1,0.9207273745421561,0.0302735316089206,0.556073063498612,0.5913358302964242,64
2,0.9375431755900515,0.01485864367367453,0.560005450416978,0.6109004512730073,175
3,0.0,0.0,0.0,0.0,0
4,0.0,0.0,0.0,0.0,0
