,max,min,avg,median,count
0,0.6176935519204964,0.0008151540612203025,0.29738495622863564,0.27767477370571647,24
1,0.6532233913384113,0.002810806065678614,0.2617447881909883,0.25043223766783373,127
2,0.6928878782678604,0.0015874310930117483,0.26388225466156234,0.2535856425072866,140
3,0.0,0.0,0.0,0.0,0
4,0.0,0.0,0.0,0.0,0
