,max,min,avg,median,count
0,0.8475545012929887,0.03289721779287933,0.5473940323800728,0.5617865139152993,26
1,0.9150889591270898,0.012294663718304394,0.47735446777530305,0.5388308920520188,85
2,0.889019047198522,0.0038956781982352764,0.516260287582566,0.5660133233969105,153
3,0.0,0.0,0.0,0.0,0
4,0.0,0.0,0.0,0.0,0
