,max,min,avg,median,count
0,0.6035790211842521,0.004888746810375424,0.19014877670910016,0.1429705600854028,27
1,0.7072449226830266,0.013516626777358409,0.22471991746488423,0.19268840638925666,99
2,0.6924974625169988,0.00026077646566066535,0.22115636039685366,0.17906924104280175,239
3,0.0,0.0,0.0,0.0,0
4,0.0,0.0,0.0,0.0,0
