,max,min,avg,median,count
0,0.7869450536667281,0.0110289134321294,0.5167366206321893,0.5651547038244458,23
1,0.8060198722967827,0.026642852980848956,0.48448787175851604,0.5467971354386076,75
2,0.8739646245718373,0.018592638791954885,0.48357938699704317,0.5286132232451076,211
3,0.0,0.0,0.0,0.0,0
4,0.0,0.0,0.0,0.0,0
