,max,min,avg,median,count
0,0.8110033038099245,0.051195181516507676,0.4260650234815902,0.32417175501514217,41
1,0.7952326080359141,0.0047399015686427045,0.4585648294176966,0.4830470008971426,85
2,0.8910135650450327,0.0010665413762438766,0.4106656869941104,0.41745135170601505,203
3,0.0,0.0,0.0,0.0,0
4,0.0,0.0,0.0,0.0,0
