,max,min,avg,median,count
0,0.7591492976933278,0.03627055050095682,0.4408028542342123,0.4716977447662635,33
1,0.7625432640152523,0.0028585090870924664,0.4075110429292977,0.415979293890649,117
2,0.7483688857193173,0.000755274456950806,0.3787508630438561,0.4095813105788224,115
3,0.0,0.0,0.0,0.0,0
4,0.0,0.0,0.0,0.0,0
