,max,min,avg,median,count
0,0.8201795892532675,0.02293223789022308,0.45433103073321923,0.4948251687259768,42
1,0.8468115033095247,0.019327541917109257,0.43118920792088633,0.44804156063948775,66
2,0.8918372259912514,0.006911498977942396,0.4393635207899705,0.4459627068771007,150
3,0.0,0.0,0.0,0.0,0
4,0.0,0.0,0.0,0.0,0
