,max,min,avg,median,count
0,0.938419755802956,0.28739032443108553,0.6972742486557791,0.750657479224029,24
1,0.921841013115799,0.0011128798618736755,0.5753305023473685,0.6472761343707184,61
2,0.9401046867815342,0.0010742481449008974,0.5477908562450075,0.5982202339287322,235
3,0.0,0.0,0.0,0.0,0
4,0.0,0.0,0.0,0.0,0
