,max,min,avg,median,count
0,0.773852250189647,0.053779992296004414,0.506723797022535,0.5642251112383713,29
1,0.7310743290405926,0.02290296828396561,0.348043720089965,0.33202230564580015,77
2,0.7449483468064492,0.011610976636812393,0.3907485131178198,0.423787772228311,166
3,0.0,0.0,0.0,0.0,0
4,0.0,0.0,0.0,0.0,0
