,max,min,avg,median,count
0,0.5962448614612201,0.009425494291349352,0.20121753337888248,0.15651582462135163,54
1,0.5749015450210728,0.000944437412014877,0.18349827882196548,0.15391141370909334,113
2,0.4933318627278373,0.004582222720688446,0.1942921982404907,0.1840616802723916,211
3,0.0,0.0,0.0,0.0,0
4,0.0,0.0,0.0,0.0,0
