,max,min,avg,median,count
0,0.9108415378735076,0.009242884361720093,0.6030855401494937,0.6058694431544409,22
1,0.9126830279645534,0.00647917564414652,0.5559774161995399,0.6489716984127082,81
2,0.9433663741775681,0.003076579482822535,0.5532660479301312,0.6374179183180522,152
3,0.0,0.0,0.0,0.0,0
4,0.0,0.0,0.0,0.0,0
