,max,min,avg,median,count
0,0.8955611787234173,0.00946711284695216,0.4720267295689041,0.5185748156538875,39
1,0.9130857379914433,0.004026976752633213,0.5477151519360453,0.6069195704081305,102
2,0.9245933116346915,0.02305373221145145,0.6044569211683624,0.651170988940092,114
3,0.7621075173065144,0.3761116828166861,0.5691096000616003,0.5691096000616003,2
4,0.0,0.0,0.0,0.0,0
