,max,min,avg,median,count
0,0.9622787576373082,0.09223545196232008,0.6328763955049226,0.7359043780673475,23
1,0.9291835563682315,0.01578047571880904,0.5324560169553025,0.6031618788875983,90
2,0.9444386070483578,0.0077939042442536875,0.5287642244773074,0.5568081145454215,143
3,0.0,0.0,0.0,0.0,0
4,0.0,0.0,0.0,0.0,0
