,max,min,avg,median,count
0,0.9301367838831873,0.005386118412165771,0.5459740775146538,0.6220845382054406,47
1,0.9409576659453732,0.012521478262855747,0.5882002886516333,0.6810886343396685,82
2,0.9309008625623539,0.0005622336120521203,0.5672186795313149,0.6686817960512017,135
3,0.0,0.0,0.0,0.0,0
4,0.0,0.0,0.0,0.0,0
