,max,min,avg,median,count
0,0.6009043707032197,0.028641880824689187,0.33723791095978667,0.34544841677842986,35
1,0.6884561517668569,0.016839017904659036,0.3383740674064214,0.33013813014816,117
2,0.7321284907621962,0.0011641674264306246,0.3494169446591957,0.3560129221208068,126
3,0.0,0.0,0.0,0.0,0
4,0.0,0.0,0.0,0.0,0
