,max,min,avg,median,count
0,0.9622787576373082,0.012086905267877524,0.609032593622787,0.6983127203330397,27
1,0.9377028207284213,0.0016736690829186772,0.5160743854486024,0.5356226112411276,143
2,0.9539086833748314,0.002472258249162118,0.5190889457799519,0.5672679003556649,88
3,0.0,0.0,0.0,0.0,0
4,0.0,0.0,0.0,0.0,0
