,max,min,avg,median,count
0,0.9150316352386935,0.0777285225495211,0.6733430579817917,0.7813728570342381,26
1,0.9381951601181919,0.008114637266664958,0.5200708377975992,0.5526892079592935,122
2,0.9188885962346963,0.0035180430639406924,0.5421201362107609,0.5752492579609859,112
3,0.0,0.0,0.0,0.0,0
4,0.0,0.0,0.0,0.0,0
