,max,min,avg,median,count
0,0.9697712084884768,0.020366512855470285,0.5775876030286162,0.6409769504287117,34
1,0.9637814941732671,0.004305578195691943,0.5507672510110506,0.6102487761134948,214
2,0.9354698611072497,0.02362399506027194,0.5066000710582782,0.4684237945597703,9
3,0.0,0.0,0.0,0.0,0
4,0.0,0.0,0.0,0.0,0
