,max,min,avg,median,count
0,0.9407432343590141,0.004886667678774979,0.4551909396250697,0.46689910913861543,38
1,0.8268568426090469,0.01708825621560278,0.45789003582521315,0.49537096087835564,145
2,0.8078816890511652,0.007832407867038444,0.4892996716176893,0.5157888610497378,73
3,0.0,0.0,0.0,0.0,0
4,0.0,0.0,0.0,0.0,0
