,max,min,avg,median,count
0,0.6824859479331548,0.2715650883221915,0.5416525130861549,0.61961015717938,5
1,0.7827511050191378,0.007373776089693129,0.44227426826940286,0.49623943546090304,47
2,0.8931070531395849,0.002722574107534319,0.49442511478744416,0.5210389157649644,238
3,0.7951442087055596,0.019310300233044694,0.4056451898540255,0.3890291042244549,42
4,0.0,0.0,0.0,0.0,0
