,max,min,avg,median,count
0,0.8158900431256566,0.002470691800099836,0.3024641185574613,0.23939595995085497,35
1,0.6511323549649721,0.006752479195538369,0.34232686841796073,0.35254049382575203,66
2,0.7450467625193442,0.022649272511549932,0.3302075771584451,0.3312826259866489,157
3,0.0,0.0,0.0,0.0,0
4,0.0,0.0,0.0,0.0,0
