,max,min,avg,median,count
0,0.8658735203780558,0.0011254235425070026,0.49918996445822683,0.5511318322954786,34
1,0.8603230842984384,0.04519310812933195,0.5238890497403337,0.5941852784806099,82
2,0.8825810940004283,0.010936911181872911,0.5061366044877333,0.5306153925064915,163
3,0.0,0.0,0.0,0.0,0
4,0.0,0.0,0.0,0.0,0
