,max,min,avg,median,count
0,0.7480760320583214,0.016865861172688776,0.3769505752011633,0.34325548327881616,29
1,0.8758654121892945,0.012732646148880956,0.3301438935676568,0.3181229623282249,86
2,0.8374258890120534,0.018803177829112762,0.3345174380758595,0.3136139331269374,143
3,0.0,0.0,0.0,0.0,0
4,0.0,0.0,0.0,0.0,0
