,max,min,avg,median,count
0,0.7570534502016637,0.0037399872682208008,0.47198450604180464,0.5239127985692458,22
1,0.8449465270289206,0.07917191148570868,0.4667725603385504,0.4989061296418852,83
2,0.8982332265295161,0.0068217088002658815,0.45317749545315367,0.4809400431877914,172
3,0.0,0.0,0.0,0.0,0
4,0.0,0.0,0.0,0.0,0
