,max,min,avg,median,count
0,0.5003495115329896,0.01099166968794115,0.12598578731185014,0.11518485290550833,29
1,0.7737599480101262,0.002498716819171307,0.130554337520717,0.13324095898502092,77
2,0.24162543643080392,0.0026445065252321295,0.12709489683675274,0.13430288015468034,155
3,0.0,0.0,0.0,0.0,0
4,0.0,0.0,0.0,0.0,0
