,max,min,avg,median,count
0,0.8921075681978775,0.10659609558614688,0.6312284848173284,0.6666900407238932,28
1,0.7965546786588392,0.021761932813849277,0.4597597031655672,0.4907464920435045,98
2,0.8838270406461307,0.009810353949034964,0.454077750008176,0.47509571394997446,149
3,0.0,0.0,0.0,0.0,0
4,0.0,0.0,0.0,0.0,0
