,max,min,avg,median,count
0,0.8381617782639837,0.02656803522115226,0.46823696989885577,0.49782731567722976,27
1,0.7990803296517883,0.0320736126327635,0.34096944396120316,0.29034929406712623,95
2,0.7758531267056821,0.002472258249162118,0.3229933771444818,0.30238897141322607,138
3,0.0,0.0,0.0,0.0,0
4,0.0,0.0,0.0,0.0,0
