,max,min,avg,median,count
0,0.8728265777870727,0.035984571670940164,0.5227227756197378,0.5494385982820627,37
1,0.9309054948137715,0.009659832127265677,0.5789332153974442,0.62274682452693,87
2,0.9231183434719963,0.002834854130180146,0.5391382450516513,0.5787125843752192,145
3,0.0,0.0,0.0,0.0,0
4,0.0,0.0,0.0,0.0,0
