,max,min,avg,median,count
0,0.6740144935992675,0.19495295605687107,0.44170003116637924,0.456132643842999,3
1,0.8704283403011276,0.005713607930749778,0.4436668342724821,0.4551034526593684,152
2,0.8515599103343221,0.010073336023870396,0.4583646116559817,0.5022834324129416,105
3,0.737139996029814,0.12297026667490168,0.45410882349034404,0.45012968440228096,26
4,0.0,0.0,0.0,0.0,0
