,max,min,avg,median,count
0,0.9267830608358879,0.005216523977149049,0.46033544041193725,0.4584547562706136,48
1,0.9310044027743328,0.014443676347325827,0.5453017120333786,0.5941689631800069,170
2,0.8664206197267594,0.025599798523466315,0.5523356271893373,0.5748955840943757,43
3,0.0,0.0,0.0,0.0,0
4,0.0,0.0,0.0,0.0,0
