,max,min,avg,median,count
0,0.8153652621129004,0.026905844790513472,0.4744385633718721,0.506761184660117,45
1,0.8045986846817291,0.005130910447562037,0.5060758160211584,0.571263567199182,105
2,0.8444397551461673,0.00463824741010614,0.5465448413874245,0.6028590294497367,138
3,0.7320142977437339,0.01107622597846443,0.3715452618610992,0.3715452618610992,2
4,0.0,0.0,0.0,0.0,0
