,max,min,avg,median,count
0,0.9545622442809316,0.010850230676656775,0.6472630285853045,0.7250844436019606,24
1,0.8842578745813736,0.004070400521908483,0.5161742042785881,0.5697911903867556,122
2,0.9334137206919669,0.014988534985402945,0.5328794920634284,0.6001868952724089,114
3,0.0,0.0,0.0,0.0,0
4,0.0,0.0,0.0,0.0,0
