,max,min,avg,median,count
0,0.8155717603025125,0.03325351767942754,0.3030384724746862,0.24831594087964173,22
1,0.8435804587120186,0.00014492340454715194,0.4347159947604976,0.4520734242759184,57
2,0.892091171805256,0.012659615357727801,0.40627373769360575,0.4050408539065198,221
3,0.0,0.0,0.0,0.0,0
4,0.0,0.0,0.0,0.0,0
