,max,min,avg,median,count
0,0.8651809209257011,0.014720815853539407,0.5036043761357801,0.5598118768856537,26
1,0.861165735515542,0.008253841796170155,0.34750822172026113,0.3208796948537383,93
2,0.7959274467531586,0.0019672733105768328,0.32823578638999423,0.32247299536495394,139
3,0.0,0.0,0.0,0.0,0
4,0.0,0.0,0.0,0.0,0
