,max,min,avg,median,count
0,0.8793689765138889,0.0005729543361375298,0.5354173089912828,0.5983727374569202,44
1,0.954192840942143,0.02260641296526677,0.5711013710337837,0.6514686169419339,64
2,0.925472007276542,0.02152360166269068,0.5824222972938404,0.6389734445609538,150
3,0.0,0.0,0.0,0.0,0
4,0.0,0.0,0.0,0.0,0
