,max,min,avg,median,count
0,0.9068754289085345,0.01203731914113908,0.4626714813304999,0.4990833044441736,42
1,0.8720077630776238,0.02496047852865055,0.4835115393712818,0.46781635707616465,63
2,0.8783050485276871,0.0013082813139260587,0.4637593929871077,0.4905505120988274,152
3,0.0,0.0,0.0,0.0,0
4,0.0,0.0,0.0,0.0,0
