,max,min,avg,median,count
0,0.7602644475215664,0.03987805111331401,0.43562543749311977,0.432274171970613,25
1,0.7557701544714128,0.021981728600693192,0.4423904727559648,0.4580067651756348,111
2,0.7813371743907382,0.014162441625567337,0.4495414124059302,0.47117021974673023,114
3,0.0,0.0,0.0,0.0,0
4,0.0,0.0,0.0,0.0,0
