,max,min,avg,median,count
0,0.8557675812948408,0.008186739322432149,0.5110547243450595,0.57216748082741,51
1,0.8546893210670908,0.0016444374614600177,0.5352111659088845,0.5782763541999143,106
2,0.8665782121427053,0.035864869776771224,0.5320626455134639,0.557143316061459,135
3,0.0,0.0,0.0,0.0,0
4,0.0,0.0,0.0,0.0,0
