,max,min,avg,median,count
0,0.8120300613565187,0.009757160922576634,0.4778376331769835,0.5654372354974557,36
1,0.8910400533670475,0.01806531939298732,0.528032239293985,0.5791381051528645,69
2,0.8529361290569145,0.02670016971037648,0.4977424391405034,0.5559458256514955,150
3,0.0,0.0,0.0,0.0,0
4,0.0,0.0,0.0,0.0,0
