,max,min,avg,median,count
0,0.5819617878593762,0.03552728298439369,0.33915256740669364,0.3643006128500974,9
1,0.6855676068316922,0.00047773374979716824,0.2941125626761513,0.31364403552556386,44
2,0.6716162435481821,0.001921154508636782,0.2809406096609423,0.25211402922527093,205
3,0.0,0.0,0.0,0.0,0
4,0.0,0.0,0.0,0.0,0
