,max,min,avg,median,count
0,0.7984019472799807,0.0018073502122670805,0.34416908285338743,0.3092727017181458,35
1,0.8364151428150596,0.000608517649973217,0.27696799889145507,0.2472811943878585,114
2,0.8036145170644509,0.0016035780558536514,0.27057152417201386,0.2539048084396063,126
3,0.0,0.0,0.0,0.0,0
4,0.0,0.0,0.0,0.0,0
