,max,min,avg,median,count
0,0.25736323299927594,0.03583993990913071,0.14130559124546727,0.1427895094301522,9
1,0.30569784145670414,0.03170313332136393,0.1767119830999444,0.17001821908768555,32
2,0.49902479778324005,0.0006849870365740397,0.1769725683687527,0.17314860409284474,244
3,0.29355079443366866,0.16828448510747,0.2143961207900129,0.1813530828289001,3
4,0.0,0.0,0.0,0.0,0
