,max,min,avg,median,count
0,0.735166579315136,0.018589864583658747,0.31177261527604117,0.30634434598386767,31
1,0.8548865183078319,0.007341300558568156,0.36497870156991435,0.33466296415900737,128
2,0.839123534610319,0.014743251337824713,0.37852623866396595,0.3808998881125639,112
3,0.0,0.0,0.0,0.0,0
4,0.0,0.0,0.0,0.0,0
