,max,min,avg,median,count
0,0.7639134043520879,0.026014099840291422,0.4779150600562623,0.49540120629711426,27
1,0.7529150100015592,0.021669972360234976,0.416727826662476,0.44947556399593586,94
2,0.7992760227742381,0.01438201819113347,0.4183238983202739,0.45633439062522635,144
3,0.0,0.0,0.0,0.0,0
4,0.0,0.0,0.0,0.0,0
