,max,min,avg,median,count
0,0.9829173243947339,0.07862727653159533,0.5625026732260513,0.6165482872989991,24
1,0.9698689685993238,0.001781350316051391,0.48832058169473336,0.5133425287769382,146
2,0.9465791656543503,0.031107853560995526,0.49293929757430005,0.5529287859187478,88
3,0.0,0.0,0.0,0.0,0
4,0.0,0.0,0.0,0.0,0
