,max,min,avg,median,count
0,0.8985303913534262,0.1845522283757743,0.6843335765610606,0.7125110043241144,23
1,0.9400960702479401,0.0020026887543365688,0.5578671781422629,0.6042437070665156,115
2,0.9487448429809614,0.009724398581002948,0.5531566779722541,0.6181694084789028,123
3,0.0,0.0,0.0,0.0,0
4,0.0,0.0,0.0,0.0,0
