,max,min,avg,median,count
0,0.5676780691008015,0.01810154128277712,0.24801876103827528,0.24294099852565967,53
1,0.6950957032049424,0.002504342868358868,0.2702651433461557,0.2579042362170819,172
2,0.5564017040933054,0.016645653486788616,0.26596189897153094,0.25598554687472974,97
3,0.0,0.0,0.0,0.0,0
4,0.0,0.0,0.0,0.0,0
