,max,min,avg,median,count
0,0.9073958920284002,0.04886138309509131,0.5587770643686364,0.6405157904275853,37
1,0.9469257470485245,0.021527038668213896,0.6255312062313313,0.6913559940177192,70
2,0.9440664430338147,0.004604943316740526,0.5542622961602137,0.5887360386523172,159
3,0.0,0.0,0.0,0.0,0
4,0.0,0.0,0.0,0.0,0
