,max,min,avg,median,count
0,0.7021785851833334,0.034230131539808174,0.3064134041459079,0.31161735537428625,44
1,0.7789963751261388,0.006586215853358548,0.3305887535942408,0.30309121110731196,97
2,0.743638057212398,0.004143543663036387,0.30868792421454405,0.2978830904023313,138
3,0.0,0.0,0.0,0.0,0
4,0.0,0.0,0.0,0.0,0
