,max,min,avg,median,count
0,0.6662483012544433,0.0328686187664232,0.3749370045683521,0.34631582239313907,38
1,0.757656732687414,0.0009118100250020149,0.33499505143081115,0.32027709439286994,115
2,0.7412137055636264,0.005098176298436626,0.2878771824328737,0.28000978698955636,156
3,0.0,0.0,0.0,0.0,0
4,0.0,0.0,0.0,0.0,0
