,max,min,avg,median,count
0,0.410059562442925,0.01957552749921423,0.17135147311412596,0.14245428466539567,29
1,0.5708552954305594,0.0010097341691110968,0.21295988668680665,0.18329899943253058,82
2,0.6286991750423161,0.004496482130321974,0.22249338500902754,0.19633037400336328,147
3,0.0,0.0,0.0,0.0,0
4,0.0,0.0,0.0,0.0,0
