,max,min,avg,median,count
0,0.6130166823659551,0.08347590996264816,0.2248457425600659,0.2160304099668791,33
1,0.4856233693263892,0.004986465655507946,0.16236592193095753,0.16452272267215984,54
2,0.4953896378124877,0.00493130369216207,0.1798617545502204,0.17173329332453632,203
3,0.0,0.0,0.0,0.0,0
4,0.0,0.0,0.0,0.0,0
