,max,min,avg,median,count
0,0.7349354887963842,0.03587381057496896,0.3846543406425737,0.35137355130852815,24
1,0.8633031788419218,0.03952319365727121,0.4506176732842784,0.45941634686517063,63
2,0.8544724955978349,0.004187280225690345,0.4115767470906012,0.44366231998303507,172
3,0.0,0.0,0.0,0.0,0
4,0.0,0.0,0.0,0.0,0
