,max,min,avg,median,count
0,0.6045434561597955,0.030176281987252564,0.2983301927478089,0.2673331355145133,22
1,0.765497433973195,0.027849972044569116,0.36268416463787956,0.32507054124689394,74
2,0.7738337605328538,0.0008480924674049964,0.3030788447823555,0.27224499282571735,185
3,0.21381461585793998,0.12585401519713915,0.16983431552753958,0.16983431552753958,2
4,0.0,0.0,0.0,0.0,0
