,max,min,avg,median,count
0,0.7215840246353973,0.0018348912943041557,0.4563764528517425,0.5104099236545498,22
1,0.8057548220616855,0.050820991965193726,0.43727209575352566,0.45188146817503533,48
2,0.7541789377744513,0.0017465591793107025,0.3521186205936653,0.3529056016345253,192
3,0.0,0.0,0.0,0.0,0
4,0.0,0.0,0.0,0.0,0
