,max,min,avg,median,count
0,0.7996502321242069,0.03180512689687554,0.43203665694571786,0.4452807942715739,26
1,0.9121817435933143,0.00974176920533909,0.4386242727562463,0.45534130824872515,93
2,0.888957065695868,0.012666152910823354,0.47511246806666585,0.5483633443470095,144
3,0.0,0.0,0.0,0.0,0
4,0.0,0.0,0.0,0.0,0
