,max,min,avg,median,count
0,0.6622843577174868,0.03234345357793588,0.4294795594569688,0.5038737104567663,31
1,0.8426212763498797,0.0002137324824475438,0.4303678921945106,0.4637058632240145,142
2,0.8142190294775785,0.012131357222922723,0.4263355472986299,0.44507863317259033,110
3,0.0,0.0,0.0,0.0,0
4,0.0,0.0,0.0,0.0,0
