,max,min,avg,median,count
0,0.7014368010234844,0.0038534230910800037,0.2739386655759834,0.2687348234403196,43
1,0.7192921786788133,0.0004704361091412755,0.266917354026909,0.211987240503629,116
2,0.7156825358765827,0.0055664726340737625,0.25782428017295755,0.2535600539097056,184
3,0.0,0.0,0.0,0.0,0
4,0.0,0.0,0.0,0.0,0
