,max,min,avg,median,count
0,0.8279329452883222,0.015058045903194138,0.48548316250118545,0.5148614259754224,48
1,0.8495264245674572,0.052211076587023425,0.47955752598244544,0.49377892567510434,87
2,0.8934719694837026,0.003384843719036705,0.48797315424674037,0.5208581449386384,179
3,0.0,0.0,0.0,0.0,0
4,0.0,0.0,0.0,0.0,0
