,max,min,avg,median,count
0,0.8891338903009992,0.04694481548344563,0.4351246007490147,0.46631704720001865,40
1,0.8529821821052683,0.021691670483281442,0.5049938349491564,0.5564851916790758,130
2,0.8792503701924297,0.025236213806430943,0.5395490578818231,0.5807600412718344,86
3,0.0,0.0,0.0,0.0,0
4,0.0,0.0,0.0,0.0,0
