,max,min,avg,median,count
0,0.825274645974718,0.029214885698771897,0.5505930130067926,0.5725001206684089,23
1,0.9277446258340953,0.01567410678529414,0.5214567911358804,0.5762993401766833,112
2,0.9278347095448856,0.022212012979908304,0.5343812467325438,0.5433087262485876,126
3,0.0,0.0,0.0,0.0,0
4,0.0,0.0,0.0,0.0,0
