,max,min,avg,median,count
0,0.816910923474132,0.09729187622969099,0.5402115913541576,0.5678281804282308,44
1,0.844534545971787,0.00021329917782672962,0.507266186021354,0.5568702895783721,93
2,0.8638565834352605,0.004380188183676013,0.4899598013482293,0.5460921557395436,137
3,0.0,0.0,0.0,0.0,0
4,0.0,0.0,0.0,0.0,0
