,max,min,avg,median,count
0,0.8615058907125887,0.0731294136494932,0.5711523351403823,0.6171935194877626,23
1,0.8254517992497031,0.015264386394637276,0.4723677629103102,0.512448242127256,108
2,0.8867897166802466,0.009666969870049691,0.5440785484935114,0.5767703685455103,129
3,0.0,0.0,0.0,0.0,0
4,0.0,0.0,0.0,0.0,0
