,max,min,avg,median,count
0,0.9304122005981059,0.4248939226605805,0.7324998917170203,0.7682420433523175,27
1,0.932265350183946,0.04598892743264757,0.6288294863050583,0.7091008953085373,71
2,0.9537788915343436,0.0004840052631476736,0.5815226868842598,0.6525927826129282,279
3,0.0,0.0,0.0,0.0,0
4,0.0,0.0,0.0,0.0,0
