,max,min,avg,median,count
0,0.5696446101930855,0.006721259741011307,0.2505632465831025,0.2153614287830174,21
1,0.6752227516341346,0.0016249245903406922,0.24799310458805424,0.21432638089974657,78
2,0.6305363492896754,0.0048196053525710455,0.2644918523162015,0.24675625292513087,158
3,0.12045425289196315,0.02370388264496743,0.06350386587006286,0.046353462073258,3
4,0.0,0.0,0.0,0.0,0
