,max,min,avg,median,count
0,0.5213140661450458,0.04931488096338037,0.3325766497632195,0.37065004967584336,51
1,0.7311179242737452,0.008453430687262212,0.33127851087786,0.3744052038666529,76
2,0.7456799462906532,0.0069419864619355695,0.32954823267833944,0.35174914178076244,209
3,0.0,0.0,0.0,0.0,0
4,0.0,0.0,0.0,0.0,0
