,max,min,avg,median,count
0,0.7480745975561653,0.008310307038277351,0.3221548505385395,0.33517353741419176,24
1,0.7925613330730595,0.018241925326230486,0.3605330522122066,0.351584259556651,77
2,0.8343873055456636,0.002717532392970035,0.3066628607305853,0.2648484559901269,170
3,0.0,0.0,0.0,0.0,0
4,0.0,0.0,0.0,0.0,0
