,max,min,avg,median,count
0,0.6988449503247145,0.016509010016134296,0.3199105673302102,0.33568383926118034,45
1,0.7054279744939026,0.0012480241603923213,0.27292192268851656,0.2384875286425118,109
2,0.6782864279706996,0.004343405961300045,0.3019212689859299,0.2928961667172404,112
3,0.0,0.0,0.0,0.0,0
4,0.0,0.0,0.0,0.0,0
