,max,min,avg,median,count
0,0.8528220424137333,0.0017586337068170228,0.48638833015693184,0.5300049156303646,40
1,0.9150311983101589,0.0015044328493078296,0.4585517899299297,0.4814670887293737,180
2,0.8358282959908995,0.027256352854945945,0.4414202158736867,0.43726411187068964,48
3,0.0,0.0,0.0,0.0,0
4,0.0,0.0,0.0,0.0,0
