,max,min,avg,median,count
0,0.6675019268896387,0.142800554542237,0.49450757729815853,0.5311971574616312,26
1,0.7649925386676333,0.0022299936798791642,0.398413764282908,0.4509783378635665,69
2,0.7592150295962659,0.004517541028781456,0.38935200014967347,0.4238837034916372,269
3,0.0,0.0,0.0,0.0,0
4,0.0,0.0,0.0,0.0,0
