,max,min,avg,median,count
0,0.9294251557167402,0.05905065166120176,0.5837877513015411,0.6530807368748406,30
1,0.9467209990230371,0.016489532610020202,0.5594315355332735,0.5964266041611676,143
2,0.9645873581054655,0.04176833526317754,0.579651764576407,0.6580159086618135,87
3,0.0,0.0,0.0,0.0,0
4,0.0,0.0,0.0,0.0,0
