,max,min,avg,median,count
0,0.8781871571209722,0.022958469561509553,0.4508706322140101,0.45162274129896485,42
1,0.9698689685993237,0.02049220703212475,0.5381232837003562,0.565135918692393,64
2,0.9377439252579729,0.008600798806381186,0.5103547936686771,0.5649047880674813,153
3,0.0,0.0,0.0,0.0,0
4,0.0,0.0,0.0,0.0,0
