,max,min,avg,median,count
0,0.805016389560385,0.09054353827252966,0.42932400258621634,0.38162124218675453,32
1,0.7958255691752341,0.002013434860027609,0.4094610368695209,0.42343583505386007,135
2,0.7629834401665843,0.0013082813139260587,0.34781038111169355,0.3221316216382229,98
3,0.0,0.0,0.0,0.0,0
4,0.0,0.0,0.0,0.0,0
