,max,min,avg,median,count
0,0.933365575015041,0.006841871614027664,0.49723893341146075,0.5300893004224507,43
1,0.9071515286951987,0.016471081401060104,0.519868373259185,0.5644919427509936,192
2,0.8568282274204946,0.028231946350904744,0.5070824802304796,0.5132364523412931,58
3,0.0,0.0,0.0,0.0,0
4,0.0,0.0,0.0,0.0,0
