,max,min,avg,median,count
0,0.6725376006325394,0.007788466449183336,0.25225965950828305,0.2397318170482524,45
1,0.6406008253904457,0.02283192032079878,0.2885509410145662,0.255304992481253,72
2,0.7647257011337845,0.0031178577703698932,0.25597872367732233,0.22627961940872449,169
3,0.0,0.0,0.0,0.0,0
4,0.0,0.0,0.0,0.0,0
