,max,min,avg,median,count
0,0.9310481142182051,0.036303028253311845,0.5147441463179911,0.6196862232478944,14
1,0.7524376054745544,0.26773930248989664,0.5052145370554858,0.45507325446059776,14
2,0.9236961166440717,0.0019035918586372963,0.506012152280039,0.534324952565099,311
3,0.0,0.0,0.0,0.0,0
4,0.0,0.0,0.0,0.0,0
