,max,min,avg,median,count
0,0.7881888557478732,0.016309635932088,0.4624739551182238,0.5412471161634602,25
1,0.8291134216013564,0.03390488290079565,0.49996466236630827,0.5693470606319253,57
2,0.8904610648717014,0.0021060255231931117,0.4896583514454376,0.5276489943259135,174
3,0.0,0.0,0.0,0.0,0
4,0.0,0.0,0.0,0.0,0
