,max,min,avg,median,count
0,0.6456828061620298,0.016941037409383936,0.2414610001187573,0.20325153032285523,41
1,0.6576409069911117,0.001204028244815746,0.1974770977670364,0.16491589145697666,74
2,0.601874061140672,0.003916180242986728,0.21429988357826468,0.1867580112446712,151
3,0.4902130433095572,0.334292038333454,0.4122525408215056,0.4122525408215056,2
4,0.0,0.0,0.0,0.0,0
