,max,min,avg,median,count
0,0.7610173943131868,0.07758540357443608,0.4014588847725408,0.4226977810567313,25
1,0.7689621002389944,0.006830313879507028,0.27207162518382666,0.23052805891850225,59
2,0.8027821594388818,0.0022869872002326814,0.271818907412941,0.2558825320757452,178
3,0.0,0.0,0.0,0.0,0
4,0.0,0.0,0.0,0.0,0
