,max,min,avg,median,count
0,0.8618716017911732,0.014955317793311608,0.5451191853188361,0.6168471345329702,68
1,0.8451594796071524,0.03678539907070285,0.515445936684692,0.5611876955612192,127
2,0.869008018387444,0.0037238646988698985,0.5251978904348684,0.5924025629521642,298
3,0.0,0.0,0.0,0.0,0
4,0.0,0.0,0.0,0.0,0
