,max,min,avg,median,count
0,0.7705856156707039,0.0348461594780538,0.3924590755380748,0.40387283001360874,52
1,0.7071003440427684,0.0126037603616759,0.34839389917943,0.32612448124210813,72
2,0.7867883985267756,0.008147313185176301,0.31355573675553117,0.3097352693509539,177
3,0.0,0.0,0.0,0.0,0
4,0.0,0.0,0.0,0.0,0
