,max,min,avg,median,count
0,0.8892279982415812,0.007794728092721971,0.3400089181981973,0.30393299337367397,42
1,0.7669739057061801,3.243734944295191e-05,0.31506722781643076,0.30540305012751884,63
2,0.8255385138673759,0.005437891851851197,0.2654844139736665,0.22244661050371098,151
3,0.0,0.0,0.0,0.0,0
4,0.0,0.0,0.0,0.0,0
