,max,min,avg,median,count
0,0.8822343174644294,0.020902874418247095,0.4713756643152155,0.522697980763696,43
1,0.8943694866830736,0.00926124114606518,0.512215810087871,0.568163328927842,66
2,0.9341874446322268,0.001385932873655587,0.48517876896367274,0.5494759898656169,155
3,0.0,0.0,0.0,0.0,0
4,0.0,0.0,0.0,0.0,0
