,max,min,avg,median,count
0,0.8892279982415813,0.005370608426324524,0.3475974848424003,0.3018671535776468,42
1,0.8028118837708755,0.001651013692102679,0.31360908809305127,0.27512791005890114,65
2,0.7888348506101659,0.0008754464309341963,0.2803592146400647,0.24520535486251088,152
3,0.0,0.0,0.0,0.0,0
4,0.0,0.0,0.0,0.0,0
