,max,min,avg,median,count
0,0.9276975176859016,0.08247478570347608,0.6727660262035667,0.7512627517286672,50
1,0.9455368751203869,0.04928691561913576,0.6601500895999528,0.7202116221909718,103
2,0.9551193664956213,0.007467820630414116,0.638822882192956,0.7124036726993785,178
3,0.0,0.0,0.0,0.0,0
4,0.0,0.0,0.0,0.0,0
