,max,min,avg,median,count
0,0.4827949621030426,0.025279000320263957,0.22934276407959928,0.22069758692553462,29
1,0.6694694926373503,0.006803310146812154,0.22971661039128724,0.2181470736837678,230
2,0.592639194827581,0.010706901353222878,0.22314302059079094,0.20208018785272264,84
3,0.0,0.0,0.0,0.0,0
4,0.0,0.0,0.0,0.0,0
