,max,min,avg,median,count
0,0.7867829928885067,0.08869514617607101,0.47219225934653253,0.43209759983963436,26
1,0.8081707489028512,0.013196058982988972,0.45832519314380826,0.46561181844158317,210
2,0.8376569335148464,0.0043574771789968705,0.46645998737322564,0.5289663065796267,77
3,0.0,0.0,0.0,0.0,0
4,0.0,0.0,0.0,0.0,0
