,max,min,avg,median,count
0,0.8128509922705786,0.02281288146356736,0.35712748933242444,0.32687288649819074,45
1,0.7554720991846422,0.003196923692058666,0.3516149894758605,0.37225173790430033,65
2,0.8783275243017188,0.002709657623552301,0.3754681102782398,0.35477760256121316,162
3,0.0,0.0,0.0,0.0,0
4,0.0,0.0,0.0,0.0,0
