,max,min,avg,median,count
0,0.5428819766391653,0.013301712617328054,0.1993505613883837,0.1492981948054311,23
1,0.5868940664908404,0.007063925213903764,0.20824365904004258,0.1850968732720083,76
2,0.5702471880531558,0.0001943374454843952,0.22718545217398328,0.2021638452995083,167
3,0.2791122782297004,0.2186416520125054,0.2488769651211029,0.2488769651211029,2
4,0.0,0.0,0.0,0.0,0
