,max,min,avg,median,count
0,0.726610100757007,0.06513679213452216,0.37276532204851326,0.40624218987926386,18
1,0.8991092305696722,0.010127737803433897,0.41605565393866706,0.46590797004209733,75
2,0.8837464889562789,0.0016121358266235983,0.38500978035058697,0.3854150021548728,365
3,0.7205512028044855,0.03235802704267157,0.31606522321018027,0.28079998262121697,9
4,0.0,0.0,0.0,0.0,0
