,max,min,avg,median,count
0,0.9545098770918343,0.06797783373333456,0.6375863300979449,0.7693530251723367,22
1,0.9553117018907825,0.004172482154214041,0.5316339772545945,0.6132055118650152,63
2,0.9565837751687667,0.003328140576981914,0.5301051797698602,0.5349240413149324,171
3,0.0,0.0,0.0,0.0,0
4,0.0,0.0,0.0,0.0,0
