,max,min,avg,median,count
0,0.8108175489703057,0.08748931784514671,0.5156418980641879,0.5506234539049878,27
1,0.8993678967133787,0.005007873192674303,0.5174387693218204,0.5611393204684814,103
2,0.8900345473632598,0.008617942057192839,0.5138122623529322,0.5596098873769765,127
3,0.0,0.0,0.0,0.0,0
4,0.0,0.0,0.0,0.0,0
