,max,min,avg,median,count
0,0.395173748978538,0.0015106041073996328,0.15784231172458765,0.12331766256664678,39
1,0.5656520863662775,0.0015044328493078298,0.1433233971361853,0.12040810893103882,70
2,0.5834609376326816,0.00047586652629042636,0.13761043748224192,0.09420445537559827,148
3,0.3281200561332389,0.1611852963089615,0.2446526762211002,0.2446526762211002,2
4,0.0,0.0,0.0,0.0,0
