,max,min,avg,median,count
0,0.8832634287880178,0.007598708849068421,0.5033030238212857,0.5489018351751577,53
1,0.9602547931844134,0.004620672168107472,0.5370702226586463,0.6038602821078509,245
2,0.9366141455033593,0.027898693943130916,0.5918284616922913,0.6547747406299173,87
3,0.0,0.0,0.0,0.0,0
4,0.0,0.0,0.0,0.0,0
