,max,min,avg,median,count
0,0.7875310307883157,0.010654183878623906,0.33507543949275165,0.3290042828619361,41
1,0.8437133858917153,0.0006849323634735923,0.3801859628771039,0.3687746889940421,100
2,0.9045594741185621,0.0006934538507728598,0.3747619082180605,0.36109404220571334,159
3,0.0,0.0,0.0,0.0,0
4,0.0,0.0,0.0,0.0,0
