,max,min,avg,median,count
0,0.40046665971860934,0.00146876747832074,0.182000968060625,0.16334125350535847,33
1,0.4670179193030909,0.015193901473256284,0.2243944674351627,0.20617411485481607,98
2,0.42856214791197544,0.004388310067559377,0.19523794440327455,0.19472962616091258,156
3,0.0,0.0,0.0,0.0,0
4,0.0,0.0,0.0,0.0,0
