,max,min,avg,median,count
0,0.9820912079531386,0.14515666187630252,0.694548300938485,0.7927579532382174,42
1,0.9422330931557438,0.00025367110980965206,0.5216683110057748,0.5988990397697531,88
2,0.9861219425156472,0.0008160958771516308,0.5441313178492089,0.5820745683790944,434
3,0.0,0.0,0.0,0.0,0
4,0.0,0.0,0.0,0.0,0
