,max,min,avg,median,count
0,0.9640637983003235,0.019786495152832387,0.5633653371563577,0.5262507596173935,27
1,0.9532487071522308,0.014973400708704471,0.5453786661222291,0.5752032051182615,112
2,0.9517817041859191,0.006592652528949781,0.5691799750885609,0.6390828423375331,115
3,0.720242521889928,0.3832730173186814,0.5517577696043047,0.5517577696043047,2
4,0.0,0.0,0.0,0.0,0
