,max,min,avg,median,count
0,0.8034436688515041,0.001770392687012742,0.29076682194911907,0.22618615126041394,33
1,0.8406174533485358,0.0052503692119412965,0.3311539842362237,0.3132779688528405,71
2,0.8996512033788393,0.0025554256664241572,0.3819439293703203,0.3658070731586678,304
3,0.0,0.0,0.0,0.0,0
4,0.0,0.0,0.0,0.0,0
