,max,min,avg,median,count
0,0.7200878581046024,0.016309635932087996,0.33079131543300566,0.3114922060847902,27
1,0.6700995009022441,0.0024200455146613253,0.2814228920413357,0.26369433070514203,164
2,0.6190492701347409,0.0013210517128545434,0.253319955497043,0.22943871130056503,68
3,0.0,0.0,0.0,0.0,0
4,0.0,0.0,0.0,0.0,0
