,max,min,avg,median,count
0,0.51758006182548,0.022819114717329118,0.27019958827140456,0.27019958827140456,2
1,0.8335116127705642,0.0189711848328607,0.3922613572412173,0.42918808474403136,37
2,0.872061679375079,0.0018374790364164063,0.34842460772081024,0.3407429926922726,175
3,0.7840592313646131,0.01432945564640257,0.401313720857256,0.383829581653865,46
4,0.0,0.0,0.0,0.0,0
