,max,min,avg,median,count
0,0.8354860818015745,0.25544045484373695,0.6188213717192858,0.6341368952793995,22
1,0.827140174799904,0.0014638612751437959,0.4745794785750391,0.4864825565923593,70
2,0.8932233557986264,2.4125471577577488e-05,0.4946272432686582,0.5525799250010914,170
3,0.0,0.0,0.0,0.0,0
4,0.0,0.0,0.0,0.0,0
