,max,min,avg,median,count
0,0.7360507505685129,0.04016507351723745,0.35253274611773017,0.3785541512867253,14
1,0.858519909808849,0.013205913578324692,0.43438922390073853,0.40849790254079316,101
2,0.8289561545212338,0.005478526043465328,0.4068742486337528,0.4145273759454533,284
3,0.7883172580398785,0.24170242510425397,0.5769825470114612,0.5839681694739866,6
4,0.0,0.0,0.0,0.0,0
