,max,min,avg,median,count
0,0.9725896460745989,0.015408515925193978,0.48605232993455183,0.5199594514207613,58
1,0.8584370398033403,0.006827692106387551,0.4846636229032781,0.5180142306535045,224
2,0.8862474180144091,0.0014218844220701954,0.45597091882571333,0.487468667706868,98
3,0.0,0.0,0.0,0.0,0
4,0.0,0.0,0.0,0.0,0
