,max,min,avg,median,count
0,0.7201741171144854,0.057053644795332245,0.45368045052271877,0.46855042905067645,44
1,0.7606283851781273,0.003848439010169541,0.430924995920911,0.4749771840490987,91
2,0.8194708382037358,0.006810216658080176,0.4545583364883489,0.48795805656935665,355
3,0.0,0.0,0.0,0.0,0
4,0.0,0.0,0.0,0.0,0
