,max,min,avg,median,count
0,0.9015618299570325,0.051610212640429906,0.6251919267540056,0.657269858061472,38
1,0.8881375602829465,0.013906687585021022,0.5666088957028349,0.6427398637688317,116
2,0.8953727692669897,0.035281764252431506,0.556187887543106,0.6087734895935688,155
3,0.0,0.0,0.0,0.0,0
4,0.0,0.0,0.0,0.0,0
