,max,min,avg,median,count
0,0.8670664965991426,0.14519106613055643,0.5712531131126438,0.6651446827807814,25
1,0.8360597139823427,0.01957035802495375,0.3677405928777577,0.3698465076631001,96
2,0.8205331101220382,0.03025943408750259,0.3926811080632121,0.4065169943705975,135
3,0.0,0.0,0.0,0.0,0
4,0.0,0.0,0.0,0.0,0
