,max,min,avg,median,count
0,0.8917244521538489,0.04982871826797613,0.44347369206350773,0.40692781318225973,27
1,0.7953196420279061,0.0021867273768698525,0.4144114704819124,0.4261326820679762,76
2,0.831841674268044,0.011971341629104836,0.42050082441098835,0.43590728682489643,154
3,0.0,0.0,0.0,0.0,0
4,0.0,0.0,0.0,0.0,0
