,max,min,avg,median,count
0,0.5908264201820519,0.00398519166311302,0.21351626658924008,0.16665669744842948,42
1,0.639602827688807,0.0010131907859143045,0.17902080034162296,0.1536723590194164,198
2,0.5537578884837437,0.0032818523753292525,0.19291982280738887,0.18198339468156743,26
3,0.0,0.0,0.0,0.0,0
4,0.0,0.0,0.0,0.0,0
