,max,min,avg,median,count
0,0.711027075369267,0.02882202986995364,0.3470413270246447,0.3412138457270518,48
1,0.7325863156515928,0.0011638599561808,0.3103807925286666,0.31641183415205665,159
2,0.7692018070219382,0.004029713815212837,0.29139090875298757,0.2962804025969683,86
3,0.0,0.0,0.0,0.0,0
4,0.0,0.0,0.0,0.0,0
