,max,min,avg,median,count
0,0.470741229393611,0.03289721779287933,0.2228516483208152,0.20825149683602573,27
1,0.6830400898048189,0.005356354592196575,0.2661529881733205,0.24133195626754558,84
2,0.618974580949125,0.0008626944041896031,0.24097659045753086,0.22957122025536586,152
3,0.0,0.0,0.0,0.0,0
4,0.0,0.0,0.0,0.0,0
