,max,min,avg,median,count
0,0.8405096657952065,0.03337448464978553,0.3516214275118851,0.31960198334443357,31
1,0.7785086928717717,0.018271617760163932,0.3477918167141172,0.38148778104055786,148
2,0.7274614938120594,0.007031785263346782,0.2954300826147381,0.30800141103828527,114
3,0.0,0.0,0.0,0.0,0
4,0.0,0.0,0.0,0.0,0
