,max,min,avg,median,count
0,0.7859592375800921,0.1134215425196637,0.45196254406996234,0.46604954422599343,39
1,0.8222986681185335,0.00938548170906404,0.3843225074831886,0.3848814699761167,152
2,0.8427835011429007,0.008451099758025963,0.40048274609323165,0.4273329274375297,122
3,0.0,0.0,0.0,0.0,0
4,0.0,0.0,0.0,0.0,0
