,max,min,avg,median,count
0,0.8631714707176322,0.002277835727494102,0.5687186171078346,0.6208048027351873,44
1,0.8796560058940299,0.014476529714840283,0.5276572536067754,0.5721933531098665,142
2,0.9177693188310476,0.00835351323923271,0.5607955470665598,0.6167402397635889,303
3,0.0,0.0,0.0,0.0,0
4,0.0,0.0,0.0,0.0,0
