,max,min,avg,median,count
0,0.4490103302594454,0.0014803758317883838,0.16174458478673112,0.1253168983174314,36
1,0.6711830706403059,0.0013676996514599578,0.16992576231294249,0.11306942830449183,119
2,0.7158934821242031,0.0008277802681997341,0.1865862700072938,0.155864833793517,274
3,0.0,0.0,0.0,0.0,0
4,0.0,0.0,0.0,0.0,0
