,max,min,avg,median,count
0,0.7537832287311838,0.12444103773812062,0.4565006883451022,0.5168881544614006,9
1,0.878057057521604,0.08995257404925551,0.5803204673890364,0.6076374983249931,32
2,0.9154480057204913,0.00027533761999694794,0.5337497684634903,0.5806996906918813,222
3,0.0,0.0,0.0,0.0,0
4,0.0,0.0,0.0,0.0,0
