,max,min,avg,median,count
0,0.46089643698888716,0.014173485284390318,0.21056440402486673,0.20590498897983958,60
1,0.46682409600591773,0.0010627936249068726,0.18205790014874962,0.18209082598449627,98
2,0.572859618519906,8.825791746856327e-05,0.19172339317791545,0.19123655856171298,253
3,0.43332369593400755,0.023193489232728088,0.19337564879516955,0.18952807574219732,12
4,0.0,0.0,0.0,0.0,0
