,max,min,avg,median,count
0,0.9081364981019379,0.04159566991192615,0.6859432401127006,0.7181302135745143,26
1,0.9140359884678851,0.004746661937811471,0.6021457963483237,0.6746138704945164,63
2,0.9206199847594566,0.0060882851563671845,0.5738097778207357,0.6477796879345823,252
3,0.0,0.0,0.0,0.0,0
4,0.0,0.0,0.0,0.0,0
