,max,min,avg,median,count
0,0.5097140573048305,0.0007890478420956232,0.2123146239458613,0.19311253076352997,56
1,0.674305169848604,0.0051434554009288005,0.20354415085315866,0.17221328198159921,115
2,0.6785202499456017,0.003222308742979319,0.20669290476243038,0.18778302515751621,258
3,0.0,0.0,0.0,0.0,0
4,0.0,0.0,0.0,0.0,0
