,max,min,avg,median,count
0,0.5003578795279205,1.3918659466171271e-05,0.2256221563715042,0.21449472409971643,22
1,0.6447617401238607,0.007417783574345088,0.2579726383329435,0.2589050760729774,82
2,0.6449010398802102,0.0006249158183554643,0.2335328624387362,0.23520946642891896,153
3,0.0,0.0,0.0,0.0,0
4,0.0,0.0,0.0,0.0,0
