,max,min,avg,median,count
0,0.9220238437648662,0.13297834147031862,0.520826870918346,0.5575139483155935,26
1,0.9215878652654456,0.0010631040504464583,0.5682340217628521,0.6338689798712686,87
2,0.928857204340175,0.0036211188977985213,0.5271623371693959,0.5484040314572438,143
3,0.0,0.0,0.0,0.0,0
4,0.0,0.0,0.0,0.0,0
