,max,min,avg,median,count
0,0.8027677381759335,0.03334375810202058,0.3949965302637498,0.43811600292418623,69
1,0.6719842005799151,0.005677125500583993,0.36597535230716677,0.3975314527103478,203
2,0.6662929131645751,0.0016162682294964888,0.40281306707522063,0.45448196847179806,216
3,0.0,0.0,0.0,0.0,0
4,0.0,0.0,0.0,0.0,0
