,max,min,avg,median,count
0,0.7059590873459641,0.03298301108321702,0.4527145935496166,0.5203703678798267,7
1,0.929393241010517,0.04000476065594379,0.6453976914880895,0.7056579714526396,32
2,0.9486437968956434,0.0018333705609885258,0.4986002567403465,0.5489151959193552,222
3,0.7362608379944692,0.17199683576017635,0.5374257242145654,0.7040194988890506,3
4,0.0,0.0,0.0,0.0,0
