,max,min,avg,median,count
0,0.4531668698880941,0.017003286282044727,0.23079071096922904,0.19911081660997135,36
1,0.544508767856955,0.00017370876210331216,0.19903350809873174,0.202422728150657,91
2,0.5925620481472071,0.0038956781982352764,0.21740714985289414,0.22269981875385703,124
3,0.0,0.0,0.0,0.0,0
4,0.0,0.0,0.0,0.0,0
