,max,min,avg,median,count
0,0.7707121823276812,0.0032971037891677125,0.24043585681915142,0.17178259802048174,52
1,0.7862392339502612,0.0036725814865661635,0.22756320248546277,0.17472378471592723,89
2,0.7576127084042642,0.003322837803960555,0.2225638635560996,0.19069637752808832,222
3,0.0,0.0,0.0,0.0,0
4,0.0,0.0,0.0,0.0,0
