,max,min,avg,median,count
0,0.9474166544867889,0.1640676303453426,0.6601481271171143,0.6786603731291156,44
1,0.9520387154885942,0.013681742264146687,0.6391113913265042,0.7076525244368068,143
2,0.940686004259235,0.003473274085481964,0.5788023821355013,0.6501886370149,289
3,0.0,0.0,0.0,0.0,0
4,0.0,0.0,0.0,0.0,0
