,max,min,avg,median,count
0,0.6353663989551812,0.001192071811774635,0.2770124701992235,0.24105201507137602,36
1,0.6442272240911839,0.0224592451864835,0.2926319677841851,0.27222217174419294,108
2,0.7359963246160651,0.005559735797757807,0.2849515009148331,0.28573220185518167,113
3,0.0,0.0,0.0,0.0,0
4,0.0,0.0,0.0,0.0,0
