,max,min,avg,median,count
0,0.8302050855463671,0.03332584255961755,0.49550794843317947,0.6101059197987667,31
1,0.856880949824671,0.036198234641244886,0.5105371490276279,0.5287578718750418,75
2,0.876150674511616,0.007824773680996978,0.47509002481329715,0.5413646093823511,157
3,0.0,0.0,0.0,0.0,0
4,0.0,0.0,0.0,0.0,0
