,max,min,avg,median,count
0,0.6222595095713023,0.03243888623710403,0.3349503748494654,0.3692704280491413,26
1,0.7984284286714566,0.001357466795514094,0.29417105661705567,0.2525559795533398,175
2,0.7513208021985934,0.012117555024702801,0.31178317767944924,0.3185760462173183,60
3,0.0,0.0,0.0,0.0,0
4,0.0,0.0,0.0,0.0,0
