,max,min,avg,median,count
0,0.8891082591404257,0.04063798810888225,0.5688501395021749,0.654110253450423,14
1,0.9310044027743328,0.004263692688962066,0.5335417975643875,0.5983238612475877,140
2,0.9278347095448856,0.011845691048096794,0.5530739905783072,0.5699487179825695,103
3,0.0,0.0,0.0,0.0,0
4,0.0,0.0,0.0,0.0,0
