,max,min,avg,median,count
0,0.8640212925554908,0.09654647130049783,0.5265718658929102,0.5755982374089078,13
1,0.8789519465907988,0.002442713866662874,0.4712714483127469,0.5107467306549203,172
2,0.8389532405385405,0.01247130138279938,0.3949873342334722,0.4032551007238387,72
3,0.0,0.0,0.0,0.0,0
4,0.0,0.0,0.0,0.0,0
