,max,min,avg,median,count
0,0.7963086754915721,0.021460516664163935,0.46579216190515343,0.47073546444253345,45
1,0.8730838735109725,0.00041977825076014116,0.43642257301702175,0.43600973361885,125
2,0.8573579748412524,0.004318567424794737,0.42949554820803104,0.435030017677573,130
3,0.0,0.0,0.0,0.0,0
4,0.0,0.0,0.0,0.0,0
