,max,min,avg,median,count
0,0.6664105083541442,0.009053149018100145,0.3145361764652731,0.34957678586063223,40
1,0.661844190800616,0.0002230079190408905,0.3332565285226784,0.3723660292446418,180
2,0.5836988838823969,0.017891427658273888,0.3157623008826687,0.3581226478892115,40
3,0.0,0.0,0.0,0.0,0
4,0.0,0.0,0.0,0.0,0
