,max,min,avg,median,count
0,0.8174897260633224,0.05383528682687128,0.4587717002706329,0.5336838126290899,38
1,0.7927295497108713,0.011114723538995189,0.5052024426319517,0.5658218204319149,99
2,0.7922464430865117,0.028867986375556817,0.4587352848772332,0.50501880800914,123
3,0.0,0.0,0.0,0.0,0
4,0.0,0.0,0.0,0.0,0
