,max,min,avg,median,count
0,0.8956119676778312,0.03859572824768701,0.5146252365111322,0.5929225762825348,39
1,0.8821216810591311,0.010450857327047258,0.5573257455569554,0.6574063851035018,70
2,0.9245446352677247,0.0007593301384328958,0.5261842003098944,0.5919442468893121,163
3,0.0,0.0,0.0,0.0,0
4,0.0,0.0,0.0,0.0,0
