,max,min,avg,median,count
0,0.5860032404462336,0.08019077578942624,0.2588944384803567,0.24448270972819064,26
1,0.4672512779339016,0.004499922818926095,0.19931307773470067,0.2243406512979181,55
2,0.6996511769009303,0.0019455510233102183,0.21512414200174082,0.20741066239622172,249
3,0.0,0.0,0.0,0.0,0
4,0.0,0.0,0.0,0.0,0
