,max,min,avg,median,count
0,0.7710881474355509,0.21724419669071066,0.4088532788676142,0.28644947282065525,6
1,0.8742551280384955,0.007785775848674462,0.5206911131118815,0.5960330014907081,138
2,0.8731822427532556,0.0009690454729041252,0.4960273558069211,0.5280229350913177,161
3,0.8127724783117058,0.02830913706387346,0.5058575691262857,0.5591000059581851,33
4,0.0,0.0,0.0,0.0,0
