,max,min,avg,median,count
0,0.8958084696973383,0.014321606060707032,0.4795294894829116,0.4887818013219713,51
1,0.9307522072174359,0.01712762618981979,0.39798702504792177,0.42945292438534766,127
2,0.8619807044024442,0.0027951922305494395,0.3804933417423021,0.38114515724738407,201
3,0.0,0.0,0.0,0.0,0
4,0.0,0.0,0.0,0.0,0
