,max,min,avg,median,count
0,0.8024009556025794,0.0021904402659144277,0.4555980105598336,0.4913319849992537,38
1,0.7935158987267478,0.01379427660312694,0.5045577079204994,0.5459578959383241,137
2,0.8217751320593416,0.03525761555506348,0.476117478191983,0.5017757986788729,82
3,0.0,0.0,0.0,0.0,0
4,0.0,0.0,0.0,0.0,0
