,max,min,avg,median,count
0,0.6972435790318084,0.05092249633149523,0.2994032889365079,0.28045617209796025,41
1,0.712998857791403,0.002026355008195007,0.28653772603628014,0.2775049060434049,129
2,0.6562235348988109,0.005924604078467539,0.2715486153755758,0.25998840336601586,89
3,0.784059231364613,0.784059231364613,0.784059231364613,0.784059231364613,1
4,0.0,0.0,0.0,0.0,0
