,max,min,avg,median,count
0,0.6614037144489054,0.021091370985058512,0.2679218650179118,0.250339810564044,39
1,0.821551974006703,0.0007238417262902063,0.26758300716331535,0.23126786143112918,69
2,0.8255385138673759,0.002032817668242003,0.24554448590312786,0.19289721170181306,146
3,0.7066035966574987,0.3931743219466547,0.5498889593020767,0.5498889593020767,2
4,0.0,0.0,0.0,0.0,0
