,max,min,avg,median,count
0,0.8383314491623705,0.005663483617231172,0.5361900606762603,0.6042721988286042,48
1,0.8656874241063066,0.009813703553923265,0.5767555195158828,0.6668110041147168,96
2,0.9102904507965061,0.0032631514874672976,0.5168230569011146,0.5726312360869534,116
3,0.0,0.0,0.0,0.0,0
4,0.0,0.0,0.0,0.0,0
