,max,min,avg,median,count
0,0.8860340545318753,0.0759385006581053,0.6126837911264725,0.6882031690488069,22
1,0.7914643330343103,0.03456287785195987,0.3835829967241108,0.3706005660837395,45
2,0.9354627337927646,0.005924604078467538,0.4219410301067726,0.4249306636586429,189
3,0.0,0.0,0.0,0.0,0
4,0.0,0.0,0.0,0.0,0
