,max,min,avg,median,count
0,0.8796241125235039,0.008991444152905962,0.40934051906224156,0.47106667060082097,32
1,0.8821288538242097,0.006440338497931761,0.40399048949676764,0.40595080416013685,168
2,0.8615002579615284,0.023224438480039276,0.40058096445389274,0.4067243579712401,81
3,0.0,0.0,0.0,0.0,0
4,0.0,0.0,0.0,0.0,0
