,max,min,avg,median,count
0,0.7366542151651442,0.053195278004971105,0.40394652263690567,0.38494012984238435,28
1,0.808724780568607,0.0011177085055708233,0.31976671045288296,0.29954137860120883,125
2,0.8054752118392567,0.0004758665262904263,0.36377170279828536,0.36359289102007347,105
3,0.0,0.0,0.0,0.0,0
4,0.0,0.0,0.0,0.0,0
