,max,min,avg,median,count
0,0.8615684002738927,0.07054820681640013,0.42470563374386827,0.4139322626301182,26
1,0.9072791203219079,0.005141804304444908,0.5024774772698964,0.5691851620588295,79
2,0.9166830081729903,0.0050937520250401306,0.5151733044544216,0.5542018628792531,152
3,0.0,0.0,0.0,0.0,0
4,0.0,0.0,0.0,0.0,0
