,max,min,avg,median,count
0,0.8523060920296667,0.024283561670450808,0.3854567153924907,0.39431059571412247,61
1,0.7757919219470574,0.0005185039236430892,0.3891358129244433,0.39749563168303387,123
2,0.8185319255094999,0.004640603920596428,0.4145412756917867,0.4117652471682625,279
3,0.0,0.0,0.0,0.0,0
4,0.0,0.0,0.0,0.0,0
