,max,min,avg,median,count
0,0.6031009333289526,0.0047151465087147525,0.35304415759657026,0.3750504883856434,21
1,0.7955805770184096,0.0156731493009447,0.3750640002207843,0.3935316541553559,189
2,0.848847746386449,0.007309440579950324,0.3699888757190278,0.37792491486028823,279
3,0.0,0.0,0.0,0.0,0
4,0.0,0.0,0.0,0.0,0
