,max,min,avg,median,count
0,0.8966373086922973,0.07182332166787594,0.5662570589129579,0.6336216949155227,30
1,0.8983612235992763,0.01651281413226675,0.5295960722929854,0.5969461902133011,100
2,0.8881618631357147,0.007730933554086374,0.5124936633972019,0.5603280573757943,136
3,0.0,0.0,0.0,0.0,0
4,0.0,0.0,0.0,0.0,0
