,max,min,avg,median,count
0,0.5674790579518197,0.0031975451976786165,0.21868400488678758,0.19417087715518894,26
1,0.5785234188540871,0.0006535671268497661,0.2518659366553978,0.26920409530575107,68
2,0.6110657750240001,0.000369869808538557,0.20298700846757717,0.17477913541577997,237
3,0.0,0.0,0.0,0.0,0
4,0.0,0.0,0.0,0.0,0
