,max,min,avg,median,count
0,0.7722795878603661,0.019443062896435992,0.43813484942267006,0.44379899465623995,39
1,0.7999096823675099,0.0036795291639693355,0.33406905085218386,0.310057593124287,71
2,0.8013188633193347,0.010942350221351899,0.3668103538284714,0.36871453336172927,152
3,0.7248859918142778,0.6200849904959866,0.6724854911551322,0.6724854911551322,2
4,0.0,0.0,0.0,0.0,0
