,max,min,avg,median,count
0,0.857912365455037,0.017940809489976797,0.618874385114117,0.731435260027555,22
1,0.9448076823109741,0.004838543896078485,0.5797549571059818,0.661322703813565,50
2,0.9488815339405146,0.022745849708503275,0.59730519387101,0.6572111470753739,230
3,0.0,0.0,0.0,0.0,0
4,0.0,0.0,0.0,0.0,0
