,max,min,avg,median,count
0,0.6923063638809096,0.0052920779972657215,0.3357517876146124,0.29371961643194083,41
1,0.6785193067213445,0.0021251426494651457,0.30310843305337326,0.2762566976465822,111
2,0.8258788500455977,0.0001425549904465255,0.3062540871569478,0.2800522875159189,123
3,0.0,0.0,0.0,0.0,0
4,0.0,0.0,0.0,0.0,0
