,max,min,avg,median,count
0,0.4719310550511858,0.030719496877595138,0.22693656770753937,0.20875678934745615,10
1,0.7735803509169464,0.0007518377452760276,0.35855815434190835,0.34864045015753165,60
2,0.794823454742947,0.0029007968766173006,0.2930019306297756,0.2685529761537303,190
3,0.0,0.0,0.0,0.0,0
4,0.0,0.0,0.0,0.0,0
