,max,min,avg,median,count
0,0.8096165654077654,0.022819114717329118,0.4644574492760718,0.5220168610823256,33
1,0.8691973789109608,0.005785914637557667,0.5229257848263643,0.5549593272778348,135
2,0.8791190261855495,0.011741585689655366,0.4755690656090886,0.5218928321877951,95
3,0.0,0.0,0.0,0.0,0
4,0.0,0.0,0.0,0.0,0
