,max,min,avg,median,count
0,0.7331603033614644,0.01270308459860652,0.30953162132629813,0.2573578518326984,41
1,0.794493565923105,0.002243009197535855,0.31525999011603656,0.27407156804885935,71
2,0.7788535468475047,0.0057940390526209995,0.3038991346303127,0.2728859039937641,160
3,0.6401070793309045,0.14447501896887807,0.39229104914989127,0.39229104914989127,2
4,0.0,0.0,0.0,0.0,0
