,max,min,avg,median,count
0,0.8185185546944915,0.0017586337068170228,0.3899427249190271,0.40214197098625376,52
1,0.8117165650001679,0.0011034876980607932,0.3811609255876937,0.37965015896765764,186
2,0.7415803797569256,0.02776969413340985,0.2942077415258415,0.19009560583102164,25
3,0.0,0.0,0.0,0.0,0
4,0.0,0.0,0.0,0.0,0
