,max,min,avg,median,count
0,0.5415623010904863,0.023434385953647892,0.23897430837881284,0.21175940326748996,30
1,0.4935468190760514,0.0008909246409713541,0.23970809251494704,0.25522828828114097,75
2,0.5592931845489427,2.98374920006279e-05,0.26470935382192323,0.27681419076270086,158
3,0.0,0.0,0.0,0.0,0
4,0.0,0.0,0.0,0.0,0
