,max,min,avg,median,count
0,0.16301468459474894,0.008910955500629545,0.0684205730251777,0.05995477495795181,36
1,0.2539936154263714,0.0030612882407354235,0.08101323292856359,0.07496094186893816,111
2,0.21162853193904663,0.00029792113322126473,0.0738449614916453,0.07141533329664648,191
3,0.0,0.0,0.0,0.0,0
4,0.0,0.0,0.0,0.0,0
