,max,min,avg,median,count
0,0.925088001802853,0.025347108823163385,0.5983524225206582,0.6791503013061873,42
1,0.9421073413104176,0.0015437171419237083,0.5514276879675573,0.5818820577670114,80
2,0.95953292586794,0.0027643511173503876,0.5238047958741483,0.5896051543438606,147
3,0.794621259605807,0.06492188512245235,0.5212197317602851,0.7041160505525962,3
4,0.0,0.0,0.0,0.0,0
