,max,min,avg,median,count
0,0.6827713175816187,0.030802679379787926,0.3992431142012277,0.41304205626041957,34
1,0.7097257405823497,0.0023586310205089955,0.2641894012705238,0.24000569685790515,105
2,0.6665357175874995,0.0015266928647620264,0.2663007880702718,0.2417556108001136,206
3,0.0,0.0,0.0,0.0,0
4,0.0,0.0,0.0,0.0,0
