,max,min,avg,median,count
0,0.7131528228406769,0.05699263424837543,0.3353525446131608,0.34957347318951554,46
1,0.721641389524642,0.008328382677922208,0.30963459738995963,0.29610723059806177,77
2,0.8501569814104255,0.003981024195600548,0.3438967930484824,0.3550850536325588,184
3,0.4123813541923233,0.15099419223039295,0.29854470729539323,0.3154016413794283,4
4,0.0,0.0,0.0,0.0,0
