,max,min,avg,median,count
0,0.6518105237147965,0.0036032616607047183,0.3833098255621222,0.43346845312795956,46
1,0.6890775204854469,0.0008402436756211374,0.41039117181960144,0.4565548683850317,168
2,0.6672680025621165,0.01693635594680089,0.40675190792414045,0.44642470601768397,57
3,0.0,0.0,0.0,0.0,0
4,0.0,0.0,0.0,0.0,0
