,max,min,avg,median,count
0,0.8507455566313438,0.00366225474314622,0.3420532623297915,0.3278776307028508,34
1,0.8513163301785884,0.005456077269976548,0.3682548996791998,0.29170272626421556,80
2,0.8388109785924803,0.0002794926658878392,0.31212392334785555,0.26219992458666924,293
3,0.0,0.0,0.0,0.0,0
4,0.0,0.0,0.0,0.0,0
