,max,min,avg,median,count
0,0.6439244424708355,0.019898601583590005,0.40808137816662426,0.4274399472345185,28
1,0.8997080787360342,0.002225017118466716,0.4551954936285506,0.4887504431400862,61
2,0.8918556279204207,0.006858324199148544,0.3981844884755527,0.3787702759595586,185
3,0.0,0.0,0.0,0.0,0
4,0.0,0.0,0.0,0.0,0
