,max,min,avg,median,count
0,0.7075919173411185,0.15581083643606047,0.41065342297148705,0.3777459811840888,23
1,0.779138665588394,0.023873748487849063,0.3589576488944745,0.39200212430070525,48
2,0.916027589394494,0.009596765758698002,0.37838391681339223,0.35186015403065496,196
3,0.0,0.0,0.0,0.0,0
4,0.0,0.0,0.0,0.0,0
