,max,min,avg,median,count
0,0.5748896770930471,0.006591992135640151,0.19874780956442722,0.15854091733211048,27
1,0.6584246822040385,0.004218129418902586,0.24472291331489213,0.20733996996897797,186
2,0.6110876115786623,0.017689818016748873,0.19107963543142115,0.13048359180623437,44
3,0.0,0.0,0.0,0.0,0
4,0.0,0.0,0.0,0.0,0
