,max,min,avg,median,count
0,0.8691982258819702,0.0031024562838170367,0.4912307242052679,0.5155178770304687,36
1,0.9129220395280133,0.004478368216713114,0.5404289905402029,0.6144765487053401,84
2,0.904355891875389,0.011486331128069687,0.5171816751477912,0.5394874553356259,136
3,0.0,0.0,0.0,0.0,0
4,0.0,0.0,0.0,0.0,0
