,max,min,avg,median,count
0,0.802946200257198,0.018262390711466306,0.3897974550729451,0.39396192537419206,39
1,0.7852522812268071,0.004904260908713282,0.4364252032864713,0.4569437281796572,94
2,0.7851992305992974,0.018423366174698218,0.4878052752345257,0.5288950442974276,129
3,0.6058365450413917,0.37935529002289814,0.49259591753214493,0.49259591753214493,2
4,0.0,0.0,0.0,0.0,0
