,max,min,avg,median,count
0,0.6374998629145391,0.0035003946974152753,0.26301311984129133,0.2777900366407827,35
1,0.6426869548801635,0.000998874502505431,0.2478688215366282,0.1963283255640626,74
2,0.7340801844818575,0.0010179488193978812,0.24090103561724824,0.2105131324349943,210
3,0.0,0.0,0.0,0.0,0
4,0.0,0.0,0.0,0.0,0
