,max,min,avg,median,count
0,0.9236908097791,0.014432913519454381,0.4172541613373251,0.3522020537644708,38
1,0.933025746420549,0.00015208591338117906,0.4012275258931805,0.3359056996805732,119
2,0.9486232208743942,0.0011180534331901178,0.4507725524933492,0.4737808168066021,225
3,0.0,0.0,0.0,0.0,0
4,0.0,0.0,0.0,0.0,0
