,max,min,avg,median,count
0,0.5511349733721794,0.0018013583609490281,0.23545100496908544,0.1990581793926495,13
1,0.6153058048903204,0.016360233440390278,0.37371041051814863,0.35233735335421135,25
2,0.8897097819775105,0.0004347079593845532,0.3639722434889946,0.34671172681143814,336
3,0.8477571090302659,0.0005266481015176314,0.4073759680695679,0.41608368933041606,75
4,0.0,0.0,0.0,0.0,0
