,max,min,avg,median,count
0,0.878058050160665,0.08571085137502925,0.5063470155709129,0.557476394460385,31
1,0.9328804264192938,0.0007766315589775277,0.5323691017994989,0.5888612344705995,136
2,0.9298719244938792,0.0002233779676131915,0.528419998722491,0.5543371324872173,94
3,0.0,0.0,0.0,0.0,0
4,0.0,0.0,0.0,0.0,0
