,max,min,avg,median,count
0,0.8588954866393191,0.05741191648276754,0.4960873434755882,0.4994229495126734,26
1,0.8935858018093035,0.0009435128343388101,0.486433094234313,0.5005465963708372,94
2,0.810900383201544,0.005388469058757118,0.41007228982628136,0.43581354183923243,155
3,0.0,0.0,0.0,0.0,0
4,0.0,0.0,0.0,0.0,0
