,max,min,avg,median,count
0,0.7724182595859207,0.002802026499325911,0.36929084073824275,0.3834449852009693,42
1,0.8423043691659313,0.01020167860746235,0.39864113713438154,0.4075569265711103,101
2,0.8297595301870799,0.002644506525232129,0.4034636527220229,0.4248535714907985,122
3,0.0,0.0,0.0,0.0,0
4,0.0,0.0,0.0,0.0,0
