,max,min,avg,median,count
0,0.7306915258184725,0.062127871966137733,0.32031234219201127,0.309234039351267,25
1,0.6499594150300679,0.00013985788144574898,0.28548772679830214,0.2783471281941288,155
2,0.6723910572777685,0.00042148168490399373,0.27926146336300994,0.2651973262755306,97
3,0.0,0.0,0.0,0.0,0
4,0.0,0.0,0.0,0.0,0
