,max,min,avg,median,count
0,0.8333607830211222,0.011042445825878218,0.47626057857484766,0.540076700014024,39
1,0.8439027293703034,0.0011034876980607932,0.45513680946371465,0.4764062762013037,71
2,0.8749698996563628,0.007945999326968323,0.4671582442776471,0.5161263032783238,150
3,0.6704382099037438,0.0615132467307007,0.41879184049970514,0.524424064864671,3
4,0.0,0.0,0.0,0.0,0
