,max,min,avg,median,count
0,0.8827987923527975,0.022291284963532873,0.43786208266422627,0.4544983758031206,40
1,0.926657721123777,0.018425078551154644,0.37379230450165307,0.3600225769624502,82
2,0.872360885282963,0.004139609362940209,0.3639717310462781,0.36879472906294886,133
3,0.5724830914085859,0.5724830914085859,0.5724830914085859,0.5724830914085859,1
4,0.0,0.0,0.0,0.0,0
