,max,min,avg,median,count
0,0.7598981693144973,0.04516658687802232,0.4481329364278798,0.555115895795208,6
1,0.9489276224541152,0.02657647854049424,0.5774060796502973,0.6134259685045187,82
2,0.9607587997333741,0.0008639977975191035,0.5547622593818825,0.5841604025237395,169
3,0.5923914362376603,0.5923914362376603,0.5923914362376603,0.5923914362376603,1
4,0.0,0.0,0.0,0.0,0
