,max,min,avg,median,count
0,0.7772546184518546,0.011094790258399819,0.3278346289698305,0.18422373410830284,10
1,0.7952798003005133,0.004502942141678495,0.2600539638552471,0.23347948795738305,109
2,0.8675611885158256,0.0003755725790455681,0.26633268752589334,0.22184493815498765,192
3,0.6080726655262325,0.3994450996008939,0.5037588825635633,0.5037588825635633,2
4,0.0,0.0,0.0,0.0,0
