,max,min,avg,median,count
0,0.8469920240762149,0.007193699997135909,0.49928139656992515,0.5967441020683892,25
1,0.9023390644407662,0.004385287197218565,0.4857833802531581,0.5141421487083605,141
2,0.898389052371913,0.00949141001548369,0.5028068580427749,0.5180187201419357,110
3,0.10238415036771677,0.10238415036771677,0.10238415036771677,0.10238415036771677,1
4,0.0,0.0,0.0,0.0,0
