,max,min,avg,median,count
0,0.8966784041754082,0.00924217810116369,0.5600648615776833,0.626236524076279,22
1,0.946720999023037,0.013713749333960886,0.5954712116106188,0.6948736567784201,113
2,0.9529056459174834,0.007854430117793252,0.51867461714272,0.5575286758180316,123
3,0.0,0.0,0.0,0.0,0
4,0.0,0.0,0.0,0.0,0
