,max,min,avg,median,count
0,0.8613761928595502,0.011852031524645677,0.4823875719527394,0.5336463839886616,66
1,0.8607311406231379,0.0007014054064272697,0.4858544591887236,0.48825204887956675,186
2,0.840680493655002,0.003024831928762863,0.494673196688261,0.5541965880911157,223
3,0.0,0.0,0.0,0.0,0
4,0.0,0.0,0.0,0.0,0
