,max,min,avg,median,count
0,0.8659599395873655,0.013658714341918156,0.4025503258628874,0.4076386720501997,39
1,0.8056943244759472,0.009789988685832947,0.383988324619489,0.4052535702449877,107
2,0.8547127419379312,0.0032522661705942086,0.435506249582079,0.4868980702813128,112
3,0.3476449511670335,0.3476449511670335,0.3476449511670335,0.3476449511670335,1
4,0.0,0.0,0.0,0.0,0
