,max,min,avg,median,count
0,0.8058523293620845,0.00011700753210043096,0.4677921700136688,0.47880134967117527,26
1,0.7667000113485295,0.013371004796563654,0.4204201886268445,0.4375547433245175,94
2,0.7777356507201673,0.0039619591649721125,0.4196358538988048,0.4523105921463295,143
3,0.0,0.0,0.0,0.0,0
4,0.0,0.0,0.0,0.0,0
