,max,min,avg,median,count
0,0.8407031171845705,0.027335241461957527,0.457940527299232,0.5014756875395083,31
1,0.6803301940826572,0.0011310722950813078,0.2769199563698845,0.2580694577576621,147
2,0.7519352016747818,0.008417436086470059,0.2832466982386299,0.2454921540734537,102
3,0.0,0.0,0.0,0.0,0
4,0.0,0.0,0.0,0.0,0
