,max,min,avg,median,count
0,0.6423076511765612,0.0009913149797086442,0.2809885489614165,0.2815903023348775,50
1,0.6685664631145761,0.00020449055052524737,0.23419519983387002,0.19892336913352782,171
2,0.5929964561028133,0.0017152211637100816,0.2277377877483903,0.20060744096523714,39
3,0.0,0.0,0.0,0.0,0
4,0.0,0.0,0.0,0.0,0
