,max,min,avg,median,count
0,0.423027946006961,0.014381518380166616,0.1706844986592384,0.16917685787246092,34
1,0.543304918120544,0.010634760665074194,0.1938074902886212,0.1752821606044133,75
2,0.6056035753490341,5.4838160190145897e-05,0.19651274875775457,0.18984958343939662,293
3,0.0,0.0,0.0,0.0,0
4,0.0,0.0,0.0,0.0,0
