,max,min,avg,median,count
0,0.7480602681400222,0.014169989961520494,0.42302109945562627,0.37422423783459957,28
1,0.7947553579825002,0.03052387329346497,0.4273289160900754,0.467687094648244,92
2,0.7364107871230172,0.014841434210806395,0.38355365907047195,0.4077023584017534,138
3,0.0,0.0,0.0,0.0,0
4,0.0,0.0,0.0,0.0,0
