,max,min,avg,median,count
0,0.6418931228439436,0.09148983193654837,0.30614289899287855,0.29285730261988646,9
1,0.6300467459406396,0.013192898870942965,0.2979403156397068,0.3265210434703566,37
2,0.8050250001427971,0.0022621377922293746,0.29566446999929724,0.2824045230366361,260
3,0.3622490882591346,0.07787865128987977,0.26698528636820285,0.3608281195555942,3
4,0.0,0.0,0.0,0.0,0
