,max,min,avg,median,count
0,0.7539442575910104,0.05122428510441946,0.4037429210188367,0.4292295275812499,47
1,0.8210989348146809,0.01008155437858123,0.3782342206530523,0.41098374637795826,71
2,0.7727143063911879,0.005234361353801321,0.39456802971815497,0.4151727564087922,178
3,0.0,0.0,0.0,0.0,0
4,0.0,0.0,0.0,0.0,0
