,max,min,avg,median,count
0,0.8074335533128303,0.03552728298439369,0.5183802414860674,0.4997292706277484,9
1,0.9078255963324254,0.15273151826463024,0.6681124639767793,0.7851301167832294,10
2,0.9160530240977391,0.000814443916320256,0.5025419052161667,0.5354609019796494,237
3,0.0,0.0,0.0,0.0,0
4,0.0,0.0,0.0,0.0,0
