,max,min,avg,median,count
0,0.7256971202382565,0.011401503295739891,0.31111880578915385,0.2747891781847929,65
1,0.8891770078898249,0.004283663156138362,0.3833872853578341,0.3897282914593844,263
2,0.8044886827275276,0.002404401560336606,0.3555155935830694,0.33969285501052704,134
3,0.0,0.0,0.0,0.0,0
4,0.0,0.0,0.0,0.0,0
