,max,min,avg,median,count
0,0.802662151367972,0.007420697212503265,0.4742127181263292,0.5554596158076655,54
1,0.8061079787154016,0.003917600194762604,0.47345918590545,0.5215025950361314,133
2,0.8326167268050636,0.0093248683477393,0.4517523798335841,0.486065544978218,207
3,0.0,0.0,0.0,0.0,0
4,0.0,0.0,0.0,0.0,0
