,max,min,avg,median,count
0,0.7995054475572215,0.035531252624993605,0.44718125940139614,0.5017896881306385,35
1,0.8744446210553928,0.01072700968017941,0.5148214728309292,0.5375036271069381,67
2,0.8481635473299115,0.0054378918518511975,0.4559069052499473,0.49561417985364925,158
3,0.0,0.0,0.0,0.0,0
4,0.0,0.0,0.0,0.0,0
