,max,min,avg,median,count
0,0.822906091175136,0.015559723505429113,0.4632693247077291,0.536591274720846,35
1,0.8500438291305624,0.016068573969336846,0.5333871103877266,0.6197443682000527,82
2,0.9093365281775688,0.010889717719876468,0.5000434498483797,0.5636857958938091,162
3,0.0,0.0,0.0,0.0,0
4,0.0,0.0,0.0,0.0,0
