,max,min,avg,median,count
0,0.8277754695986321,0.042155387155079146,0.49429516712610416,0.477283040573642,44
1,0.8384878803520309,0.008684947338068632,0.48246141146604393,0.5361107475751967,102
2,0.8679898972975656,0.011316715150471616,0.45807376915296877,0.4766107044543596,126
3,0.0,0.0,0.0,0.0,0
4,0.0,0.0,0.0,0.0,0
