,max,min,avg,median,count
0,0.7864749729738534,0.00963548996988731,0.32476206914140243,0.3384942608909163,43
1,0.6687762208623597,0.002430038433722955,0.31797493587366643,0.3389157610183013,66
2,0.6435632655552146,0.004583954052251918,0.29998875337521796,0.3042725241781148,154
3,0.0,0.0,0.0,0.0,0
4,0.0,0.0,0.0,0.0,0
