,max,min,avg,median,count
0,0.4761294442617565,0.00020402809323207376,0.22169091956531586,0.23998792905711397,44
1,0.6766105556290519,0.009516135999673082,0.24222819735975032,0.2312917121841816,64
2,0.6199604238735291,0.01017978867309532,0.2248455653907202,0.22230073572937523,154
3,0.0,0.0,0.0,0.0,0
4,0.0,0.0,0.0,0.0,0
