,max,min,avg,median,count
0,0.5563589488265076,0.004273703441763001,0.23403352980607445,0.21884672855019968,37
1,0.6685664631145761,0.0022458253646793504,0.25720406067184115,0.25253880690191843,122
2,0.7499260799511875,0.0018020026298629938,0.23941591285778754,0.2199875189356052,106
3,0.0,0.0,0.0,0.0,0
4,0.0,0.0,0.0,0.0,0
