,max,min,avg,median,count
0,0.8950326184737267,0.1933172419380879,0.4856977424171291,0.33976831573044214,7
1,0.8695980585292925,0.0157070455512402,0.5714837866791186,0.6638032968468651,58
2,0.943366374177568,0.00386331581479077,0.5204022626394075,0.5564681357579913,196
3,0.0,0.0,0.0,0.0,0
4,0.0,0.0,0.0,0.0,0
