,max,min,avg,median,count
0,0.8304791914608934,0.029004304019796593,0.37744860936698554,0.42488920662596313,37
1,0.7796805950413072,0.015478770441056494,0.3214271178915425,0.33902141941012104,131
2,0.7821232382773892,0.010455618077855744,0.31337403539094094,0.3107811338806953,93
3,0.0,0.0,0.0,0.0,0
4,0.0,0.0,0.0,0.0,0
