,max,min,avg,median,count
0,0.9212381823509839,0.054026452652702506,0.6458506786222104,0.6953836853910617,25
1,0.9408062327732569,0.016131953269906043,0.5144400643295357,0.56133894145477,112
2,0.9131831654041345,0.022194057755055126,0.5625191495025158,0.6165634075872404,123
3,0.0,0.0,0.0,0.0,0
4,0.0,0.0,0.0,0.0,0
