,max,min,avg,median,count
0,0.8285543591832647,0.00020207460449276867,0.3666826284111681,0.39052221383327645,49
1,0.8408492064251847,0.0023443298015808373,0.3291260823100571,0.3126916288095394,150
2,0.8401815962799724,0.00037805349600361084,0.3614925090493455,0.3289933922188506,58
3,0.0,0.0,0.0,0.0,0
4,0.0,0.0,0.0,0.0,0
