,max,min,avg,median,count
0,0.8900773306778891,0.06008612243832695,0.4943891537011705,0.538974411752147,37
1,0.9337422858746574,0.018328821190183454,0.5460593632991271,0.6576328366221169,84
2,0.956973175285622,0.005404263745737055,0.5344550555589048,0.6121639745097303,262
3,0.0,0.0,0.0,0.0,0
4,0.0,0.0,0.0,0.0,0
