,max,min,avg,median,count
0,0.9546812573152951,0.055302150332132226,0.502223003195659,0.481328032493469,40
1,0.9509882698066204,0.0012094411800866061,0.544745052684639,0.5577782249820575,80
2,0.9448784307781274,0.003377592564983827,0.5844880600221717,0.658090217869264,136
3,0.7148210126282963,0.2616766562475302,0.4882488344379133,0.4882488344379133,2
4,0.0,0.0,0.0,0.0,0
