,max,min,avg,median,count
0,0.9632665147102645,0.01053665477225211,0.6023618848920568,0.6843679500915405,28
1,0.8824032466035663,0.006475672421226651,0.5553270283058754,0.6180419372128346,111
2,0.9465564072277545,0.015698139458479657,0.5731623409192084,0.6635863008667234,115
3,0.7150855347544317,0.2608667580995445,0.4879761464269881,0.4879761464269881,2
4,0.0,0.0,0.0,0.0,0
