,max,min,avg,median,count
0,0.9012548856284635,0.008773363593257574,0.4618787178840794,0.48983247734301727,40
1,0.9148883508588913,0.0017728503054582538,0.48532412456844404,0.5091400815193622,79
2,0.9033028729118191,0.012873502150320843,0.509497191259367,0.5610636594012353,135
3,0.5392387367381584,0.22336628866080777,0.38130251269948306,0.38130251269948306,2
4,0.0,0.0,0.0,0.0,0
