,max,min,avg,median,count
0,0.9649723935868215,0.1011887818826845,0.5833193099293135,0.6636360665913742,42
1,0.9493714583929573,0.0018028292839340698,0.5644086622307083,0.6136967249673393,97
2,0.9554012958561624,0.009507009550984559,0.5521304508112999,0.6182479442134813,197
3,0.0,0.0,0.0,0.0,0
4,0.0,0.0,0.0,0.0,0
