,max,min,avg,median,count
0,0.7786701481991108,0.06281786849524022,0.40008146631784164,0.3831009195132555,43
1,0.864338449033497,0.011181641089999495,0.437476519569228,0.4521884459775714,105
2,0.8241006064315348,0.005472102506950926,0.47091439482139447,0.4914354247739339,137
3,0.7128575050203662,0.4520330300336234,0.5824452675269948,0.5824452675269948,2
4,0.0,0.0,0.0,0.0,0
