,max,min,avg,median,count
0,0.8164500423453162,0.03856135067731065,0.23566728203319035,0.19295488327342308,24
1,0.6566010122807956,0.03274731315347697,0.307312552055814,0.2869149666267736,67
2,0.6525503607458075,0.0006565149917276826,0.28171525629167915,0.2683570623695153,169
3,0.5207917813418861,0.5034052052585367,0.5120984933002114,0.5120984933002114,2
4,0.0,0.0,0.0,0.0,0
