,max,min,avg,median,count
0,0.021330205613621176,0.0020981128198950655,0.012854667520432248,0.017332934907516626,45
1,0.002919736392205031,0.0005105510852093283,0.001840977296169483,0.0017577927189574513,179
2,0.019106295239617193,0.0011973071075010856,0.008979718240131726,0.007869242337690477,32
3,0.0,0.0,0.0,0.0,0
4,0.0,0.0,0.0,0.0,0
