,max,min,avg,median,count
0,0.005854940728836362,0.00045659769204805324,0.0027038884178065678,0.001478842341497187,34
1,0.0019206329221087997,9.956740536442901e-05,0.001046007802270032,0.0013047756188758156,90
2,0.001611361538535749,5.154624786983191e-07,0.0009324691673395629,0.0009154393095377784,147
3,0.0,0.0,0.0,0.0,0
4,0.0,0.0,0.0,0.0,0
