,max,min,avg,median,count
0,0.008944436471210487,0.0016075181751417761,0.0040713144144811945,0.0032140617471347636,49
1,0.007287599119891353,0.0049379292982794296,0.006114522976617755,0.005838645852135976,88
2,0.005105104667262713,0.0005078548062535541,0.0031651666278268943,0.0029767738475787267,134
3,0.0,0.0,0.0,0.0,0
4,0.0,0.0,0.0,0.0,0
