,max,min,avg,median,count
0,0.02293866593428165,0.002874023605648821,0.012461609741245185,0.012199062494556977,24
1,0.0028442098464015056,0.0007000619322061495,0.0018125747473920026,0.0020080872638169526,83
2,0.0016202026251222273,0.00021618080916628956,0.0007802638328981133,0.0005326792826477162,166
3,0.0,0.0,0.0,0.0,0
4,0.0,0.0,0.0,0.0,0
