,max,min,avg,median,count
0,0.025838190795073362,0.005074216303115436,0.017254336715654173,0.018236899597306445,29
1,0.007693163768496405,6.0684481178913524e-05,0.003479652241900047,0.001602159309169522,93
2,0.002102759353251323,0.000454695221599141,0.0011542687849273952,0.0010871010200294703,138
3,0.0,0.0,0.0,0.0,0
4,0.0,0.0,0.0,0.0,0
