,max,min,avg,median,count
0,0.02217452028033127,0.0006204873433792729,0.013812745598245529,0.016709915446119373,22
1,0.007672955616249679,0.00030143385417613367,0.002996173166599262,0.001914604301958821,69
2,0.00278858650130168,0.0008668491710897909,0.0020209958791097974,0.002273180357738041,166
3,0.03895875545353008,0.008535475092708206,0.023747115273119145,0.023747115273119145,2
4,0.0,0.0,0.0,0.0,0
