,max,min,avg,median,count
0,0.018041011786968965,0.0011826558086853972,0.007542591515355952,0.006866734649142636,36
1,0.006651736449257925,0.002760328592123454,0.0037654271575406186,0.0029856248802293405,68
2,0.002174831105636606,0.00020995735430834615,0.0012250257458788223,0.0013945681918867932,162
3,0.0,0.0,0.0,0.0,0
4,0.0,0.0,0.0,0.0,0
