,max,min,avg,median,count
0,0.0557398367150978,0.0035333888930503938,0.02785145431937467,0.035699089158976904,27
1,0.009626981135009092,0.0010730435071163464,0.004599099352047988,0.002515232387283796,113
2,0.009396376218053785,0.0004428494625321991,0.005457013489417387,0.004760587830115997,118
3,0.07566620278895006,0.0007386471136839523,0.038202424951317,0.038202424951317,2
4,0.0,0.0,0.0,0.0,0
