,max,min,avg,median,count
0,0.014104726536934412,0.0008285064177000857,0.005437150153743972,0.0035024254072502296,46
1,0.009263938091148899,0.0011368370428814587,0.005806966458115936,0.005266029197895357,129
2,0.010716471220294593,0.0014093854297949084,0.0064408125164882755,0.005450534229764173,87
3,0.0,0.0,0.0,0.0,0
4,0.0,0.0,0.0,0.0,0
