,max,min,avg,median,count
0,0.010856933040732038,0.005384995249891769,0.007635432908885217,0.006147242842386213,43
1,0.00871616648326598,0.0011386423865234639,0.004733358207715936,0.0043542232650839,118
2,0.003853173295180995,0.0005418221610952515,0.0025840400698504554,0.0024082273438417053,101
3,0.0,0.0,0.0,0.0,0
4,0.0,0.0,0.0,0.0,0
