,max,min,avg,median,count
0,0.061263974258772,0.02347700471915572,0.048213371526178536,0.054749595682079724,36
1,0.0030266437858020466,0.0011677123944898874,0.00185438539509764,0.0013031486849669738,206
2,0.026805677598791485,0.004340840723714713,0.01670759767834875,0.02079756860597545,17
3,0.0,0.0,0.0,0.0,0
4,0.0,0.0,0.0,0.0,0
