,max,min,avg,median,count
0,0.011792360300614544,0.0027817761114615758,0.006221227615777631,0.005164902811669305,50
1,0.0033488854836987345,0.0002504663143083056,0.0018223054289768185,0.00185054029817223,92
2,0.0016285616231886985,3.1538583985948434e-05,0.0008287449684564432,0.0006395887825125146,237
3,0.0,0.0,0.0,0.0,0
4,0.0,0.0,0.0,0.0,0
