,max,min,avg,median,count
0,0.015038130226693864,0.005905455465374492,0.01055564189276376,0.01003961262945243,40
1,0.006184772610910273,0.0002593423591441943,0.003079442427780057,0.0028419662554144388,94
2,0.0038943116415949635,0.00010988648582482106,0.0012787401074696027,0.0008394460239178115,127
3,0.06966465146471268,0.06966465146471268,0.06966465146471268,0.06966465146471268,1
4,0.0,0.0,0.0,0.0,0
