,max,min,avg,median,count
0,0.015807400976854517,0.0022189472519461855,0.007921396563343055,0.0055343225278169685,43
1,0.0071153629337607745,0.003804872888260828,0.0051764856831342035,0.005091736479056047,64
2,0.00448264126914962,0.0005326024403374556,0.0018353192391618394,0.0009578169262197846,153
3,0.0,0.0,0.0,0.0,0
4,0.0,0.0,0.0,0.0,0
