,max,min,avg,median,count
0,0.004787978803674411,0.00031354615813909925,0.0027221144391403225,0.0032388487144334875,43
1,0.0031238312918875164,0.0005105510852093283,0.0021815783126370157,0.002834822774883398,66
2,0.000959039515743549,0.00018623902500600672,0.00041140922278322736,0.00024606675979473665,154
3,0.0,0.0,0.0,0.0,0
4,0.0,0.0,0.0,0.0,0
