,max,min,avg,median,count
0,0.008718664252100277,0.0028420777395155076,0.004913614077262129,0.004768660961059178,43
1,0.0013243870157131957,0.00015081922411218975,0.0006831074947361544,0.0006968796478004889,148
2,0.00243473539206886,0.0004358615624828125,0.0016364823118696446,0.001777085622831941,72
3,0.0,0.0,0.0,0.0,0
4,0.0,0.0,0.0,0.0,0
