,max,min,avg,median,count
0,0.00951848068206271,0.0015909848399975276,0.005472082024406469,0.0053538583221152455,29
1,0.0024450541469981037,8.466753599759737e-05,0.0013231666263103258,0.0012407645743705983,75
2,0.0023908679232667387,0.00021199691939811663,0.0015518786578675513,0.0022639088903707583,162
3,0.0,0.0,0.0,0.0,0
4,0.0,0.0,0.0,0.0,0
