,max,min,avg,median,count
0,0.005940375511063087,0.00023396702367505442,0.0026785829948407147,0.002430507844546057,37
1,0.008206901538458766,0.0007902646386609752,0.006071380420596934,0.0073675950662719465,71
2,0.0035245335655098515,0.0009603484985847387,0.00257112764574949,0.0031034804476511675,162
3,0.0,0.0,0.0,0.0,0
4,0.0,0.0,0.0,0.0,0
