,max,min,avg,median,count
0,0.006606801386646933,0.0030316437304404977,0.005004864492788832,0.004569792182926385,32
1,0.0020714446370066132,0.00036415108987228193,0.0012777025551648975,0.001335664634859071,80
2,0.0019107040870317495,4.049470529127256e-05,0.000911783556182567,0.0010926585157063037,165
3,0.0,0.0,0.0,0.0,0
4,0.0,0.0,0.0,0.0,0
