,max,min,avg,median,count
0,0.0076473580544955296,0.0004252438850556569,0.0038809664890956377,0.004465279152420923,40
1,0.0014015964937377195,0.00012324910479648125,0.0006613622860788756,0.0006475892986937594,83
2,0.0004640198063791062,0.00014057284144997434,0.0002832945882771941,0.0003027997751326372,139
3,0.017685268558812008,0.0044000454176291405,0.011042656988220574,0.011042656988220574,2
4,0.0,0.0,0.0,0.0,0
