,max,min,avg,median,count
0,0.03886739205224617,0.026530350290197242,0.03207759678152428,0.033575932134994435,27
1,0.004822078534836743,0.0002670983453042027,0.0027035027556509637,0.0029418822131786738,101
2,0.006954520988415914,0.0024725670870811467,0.005308751780873914,0.005632088185316825,137
3,0.0,0.0,0.0,0.0,0
4,0.0,0.0,0.0,0.0,0
