,max,min,avg,median,count
0,0.02023986200613926,0.011430299048863673,0.016263178910276916,0.0153396881444339,8
1,0.0011352172000043096,0.00030333693387101077,0.0007465880143471449,0.000811205255301725,71
2,0.0008136962782385293,0.00023779254567005885,0.000547649601395377,0.0004889436240082122,195
3,0.041093617214993924,0.031567082090813346,0.03633034965290363,0.03633034965290363,2
4,0.0,0.0,0.0,0.0,0
