,max,min,avg,median,count
0,0.0014151350170446136,0.00021078215477944183,0.000623941844023938,0.0005133479791162836,48
1,0.004615759651286113,0.0018590736519140498,0.0034744790833852596,0.003438514219195359,73
2,0.0006802149267555286,3.239646291639766e-05,0.00023999771463821003,0.00014480706295645014,180
3,0.023960580489674446,0.0028605906808888935,0.015845215694960273,0.015739863539507033,6
4,0.0,0.0,0.0,0.0,0
