,max,min,avg,median,count
0,0.007271041306904903,0.0049754788931199705,0.006165528634283908,0.00608694102400963,38
1,0.002971382260437989,0.0007636769008327524,0.001630185646491616,0.0013939300393018387,70
2,0.0013605347069549295,0.00041762136197321395,0.0009330891778925189,0.0010662241210802482,147
3,0.045109608228259435,0.002510830926764012,0.023252364360561852,0.022136653926662104,3
4,0.0,0.0,0.0,0.0,0
