,max,min,avg,median,count
0,0.008524450842256778,0.0020905508587563183,0.005102648478834627,0.004779870811424767,42
1,0.0013591706005961829,0.0001414734287586067,0.0008976208522526686,0.0010297878312904127,103
2,0.0034272329549758992,0.0008622111485233737,0.0018790789912207367,0.00158000162775855,130
3,0.05104454117916454,0.03782533128267772,0.04443493623092113,0.04443493623092113,2
4,0.0,0.0,0.0,0.0,0
