,max,min,avg,median,count
0,0.002942914057127781,0.0011073911304188542,0.002212414779934091,0.002315887395817434,36
1,0.0023206779619113394,0.0001451380716393972,0.0011912985501136902,0.0012155572228410693,81
2,0.0015862268279252384,0.0001506873056688822,0.0010289986446966313,0.0011391546138258355,128
3,0.0,0.0,0.0,0.0,0
4,0.0,0.0,0.0,0.0,0
