,max,min,avg,median,count
0,0.004003712176347466,0.0008248866953863278,0.002084456559844793,0.002214443952053626,42
1,0.004882039705358692,0.0020146845710488524,0.003228327926220271,0.002947972504170284,58
2,0.0026867031302075487,0.0017812572307234684,0.002100626104085866,0.0019485125498899095,141
3,0.0,0.0,0.0,0.0,0
4,0.0,0.0,0.0,0.0,0
