,max,min,avg,median,count
0,0.004806009131018774,5.838028012750317e-05,0.0032084234450759377,0.0036559217181805484,35
1,0.006002790352549173,0.001137285841119929,0.003514108265976014,0.003669116683438513,75
2,0.001478988515476003,0.00014566391264427637,0.0008452780075671691,0.0006745020153936306,291
3,0.0,0.0,0.0,0.0,0
4,0.0,0.0,0.0,0.0,0
