,max,min,avg,median,count
0,0.012404546737362143,0.0023151996215195723,0.006572307514721916,0.006895134136751491,54
1,0.006426522811436828,0.002170870933709339,0.004542202734629087,0.0047067333989997415,83
2,0.0013198872581787196,0.000457203340962125,0.0009719820238060511,0.0010759015406803668,244
3,0.0,0.0,0.0,0.0,0
4,0.0,0.0,0.0,0.0,0
