,max,min,avg,median,count
0,0.014088817948333136,0.002572902380743695,0.009960272762610842,0.012073927644892606,21
1,0.002456972069063726,0.000340908164182696,0.000985084189555764,0.000539772734786935,39
2,0.0005168442649631159,9.95119793181808e-05,0.0002710521892641914,0.0002810462306410774,190
3,0.0,0.0,0.0,0.0,0
4,0.0,0.0,0.0,0.0,0
