,max,min,avg,median,count
0,0.010541983347501198,0.004780616640388945,0.007816007144127125,0.007700582704297812,23
1,0.0022836175529685728,0.0007162338746111975,0.001275390977421674,0.001113946803098926,95
2,0.0031960512038664273,0.0009609618986972884,0.0022647215461767483,0.0024567835749567312,137
3,0.0,0.0,0.0,0.0,0
4,0.0,0.0,0.0,0.0,0
