,max,min,avg,median,count
0,0.09133050210103892,0.005678452242441417,0.037693926157409005,0.03616695913223152,71
1,0.02402242536306827,0.0052374400646336815,0.015225251833395442,0.018134591853844206,101
2,0.010509565923934757,1.7137538291964943e-17,0.005679243120234991,0.005029970455863683,333
3,0.0,0.0,0.0,0.0,0
4,0.0,0.0,0.0,0.0,0
