,max,min,avg,median,count
0,0.007839551723856841,0.001808688826347448,0.004937969993283313,0.00525752842162796,37
1,0.006103840896464704,0.0030236649713122205,0.004002433618750369,0.0035032067692094696,67
2,0.0018655505176599476,0.00044579402515036384,0.0009799344678342284,0.0007400836924243501,171
3,0.0,0.0,0.0,0.0,0
4,0.0,0.0,0.0,0.0,0
