,max,min,avg,median,count
0,0.003235619144255872,0.0001564420692093956,0.0014036187508684127,0.0013635667445672079,39
1,0.001655303753099206,0.0006021565289035192,0.0010595824167215857,0.0008057448972292897,122
2,0.00109808728050607,0.00018681700118108893,0.000531351153798129,0.0002516898674962062,143
3,0.0,0.0,0.0,0.0,0
4,0.0,0.0,0.0,0.0,0
