,max,min,avg,median,count
0,0.0057855045253054115,0.00021380623793774498,0.0024715654842269496,0.0023361888561694473,38
1,0.001104017575234053,7.471261165945754e-05,0.0005831929375499043,0.0005426156850261209,131
2,0.002489345641969915,0.0005713239655693355,0.0013553647663852972,0.0012776836724901642,92
3,0.0,0.0,0.0,0.0,0
4,0.0,0.0,0.0,0.0,0
