,max,min,avg,median,count
0,0.02316503585767041,0.0067343463689404914,0.016322122744564356,0.017609194747659658,43
1,0.009214389761429681,0.0005799413893286838,0.004757365222497275,0.004174824650516684,87
2,0.0016508020395185426,4.635216649833648e-05,0.0007675185121522133,0.0006119629990358058,144
3,0.1407695370249051,0.044484238081210055,0.09262688755305758,0.09262688755305758,2
4,0.0,0.0,0.0,0.0,0
