,max,min,avg,median,count
0,0.00448013635372312,0.0010194572560137504,0.002830896453548145,0.0035177241397322413,25
1,0.001823249393899005,0.0002030546471490114,0.0010678269883434718,0.0009873220200747688,103
2,0.0019117870512703552,0.0010601767968948523,0.0015022456566804354,0.0016002149652344334,119
3,0.0,0.0,0.0,0.0,0
4,0.0,0.0,0.0,0.0,0
