,max,min,avg,median,count
0,0.007462709879672856,0.00154919911838195,0.00525381375884792,0.005395896109959027,42
1,0.005220619485289281,0.00017193264612531053,0.003065896304276855,0.0038559174164765446,60
2,0.0022853041086369234,1.3642692918688103e-05,0.0013102141072264797,0.0017046915845195043,146
3,0.0,0.0,0.0,0.0,0
4,0.0,0.0,0.0,0.0,0
