,max,min,avg,median,count
0,0.012528235532478511,0.0006789931274010383,0.007615274710161543,0.011381692661690541,24
1,0.0017686260584580877,3.484719168403334e-06,0.0010315413267491659,0.001145399832925289,138
2,0.001986127833320948,0.0008938109819687671,0.0015517313493594357,0.0015465824089699457,87
3,0.0,0.0,0.0,0.0,0
4,0.0,0.0,0.0,0.0,0
