,max,min,avg,median,count
0,0.009459367047197922,0.00021741932992095522,0.003744985934810327,0.0032671802963701265,42
1,0.0051559841918953015,0.0010480477199310274,0.00283185146799627,0.002180212123044674,75
2,0.0027707839989111797,0.00024915548295085274,0.0016366057396637994,0.001962125786336799,162
3,0.04826949228708855,0.03892588113467611,0.043597686710882336,0.043597686710882336,2
4,0.0,0.0,0.0,0.0,0
