,max,min,avg,median,count
0,0.02844867590517049,0.0017720198152610805,0.011576818376767448,0.005061064590586258,24
1,0.00920264468701845,0.001327656952462611,0.00655157907455445,0.0077934018852674255,106
2,0.0027554351378517843,0.0002934843974339883,0.0017092838474186034,0.0023466417426149123,148
3,0.0,0.0,0.0,0.0,0
4,0.0,0.0,0.0,0.0,0
