,max,min,avg,median,count
0,0.017013378599140448,0.00038206352216152125,0.009624028283082705,0.008634872594173712,46
1,0.007942004292769167,0.0004562940067776112,0.0031639658788198293,0.0031413638063170837,107
2,0.005589567676085586,0.00040135353377331365,0.0034131948291219703,0.004556744953890652,192
3,0.0,0.0,0.0,0.0,0
4,0.0,0.0,0.0,0.0,0
