,max,min,avg,median,count
0,0.006759062365148507,0.00038602249645422297,0.004857601202255803,0.006293509588706254,28
1,0.0011047911353439077,0.0005814574056942577,0.0008272060584897246,0.0007922470349855489,127
2,0.0013179690584311009,0.0001085395166713882,0.00075951682833285,0.0008023677522595977,93
3,0.0,0.0,0.0,0.0,0
4,0.0,0.0,0.0,0.0,0
