,max,min,avg,median,count
0,0.010468982857346685,0.0019386488870899309,0.005803932794362218,0.006211730152062435,29
1,0.003531063180156748,0.00016385414892582776,0.0023402568039521754,0.0028951967385381634,57
2,0.0013483026418421409,0.0006129259043170586,0.0010155406878580961,0.0011514305335731374,260
3,0.0,0.0,0.0,0.0,0
4,0.0,0.0,0.0,0.0,0
