,max,min,avg,median,count
0,0.026336227024555015,0.0013806326298744722,0.012656027702677864,0.011306310025558288,29
1,0.0038524185891857915,0.0011530054953234222,0.0027881201653020262,0.0030574875490374663,84
2,0.0015397417744752492,0.00020732515003448314,0.0008280432423335435,0.0007982422848259882,175
3,0.0,0.0,0.0,0.0,0
4,0.0,0.0,0.0,0.0,0
