,max,min,avg,median,count
0,0.012236813186256324,0.002828192407492558,0.006851526679102579,0.005630392553055019,24
1,0.004863724174432897,0.0006425970762129563,0.0028507041392151285,0.003417942338963531,44
2,0.0014557645612672157,9.792827466438138e-06,0.0006791457042784686,0.000764750531983671,213
3,0.0,0.0,0.0,0.0,0
4,0.0,0.0,0.0,0.0,0
