,max,min,avg,median,count
0,0.006120519805761887,0.0010388558134490293,0.0024964563856327946,0.0018080616291490804,34
1,0.005193938565661665,0.0008507701186085843,0.0036468888193977138,0.004256106432691938,77
2,0.0019423715739280496,0.00031871773759541686,0.001165819830198506,0.0011477560447720457,147
3,0.0,0.0,0.0,0.0,0
4,0.0,0.0,0.0,0.0,0
