,max,min,avg,median,count
0,0.003966971190718533,0.001737742890053467,0.0030197012823604116,0.00292033338787664,29
1,0.0009431435673162258,4.836892453778274e-05,0.0004495419311021859,0.0003347990734909566,81
2,0.0014177628573898257,0.00021262308736068553,0.0008268036109180437,0.0005694452504126492,160
3,0.0,0.0,0.0,0.0,0
4,0.0,0.0,0.0,0.0,0
