,max,min,avg,median,count
0,0.0057393931212801974,0.0022900757381471596,0.004535464441261268,0.004965988682820835,43
1,0.0015725486397072741,0.0002729504099832906,0.0009107149993363844,0.0007173829529218356,87
2,0.0013999791275184652,0.0001489312627552252,0.0006814268179429798,0.0005728203120236996,125
3,0.0,0.0,0.0,0.0,0
4,0.0,0.0,0.0,0.0,0
