,max,min,avg,median,count
0,0.006823787539629524,0.00022606292874186466,0.004306210908255767,0.00502642593490673,42
1,0.005556892540343531,0.00084310872193566,0.0038989747815893873,0.005028439884371124,67
2,0.0012193923981851725,1.5528290131087426e-06,0.00045486281290798647,0.0003187596528078726,139
3,0.0,0.0,0.0,0.0,0
4,0.0,0.0,0.0,0.0,0
