,max,min,avg,median,count
0,0.005888148780758147,0.0005389244500185584,0.0035852834126602075,0.003302843632130269,41
1,0.004014670295332676,0.0009601084832766737,0.0025717769097072522,0.0033068027075395735,62
2,0.0009270615726001937,0.00014869162391267896,0.0005059687938339468,0.0003290253139505155,142
3,0.0,0.0,0.0,0.0,0
4,0.0,0.0,0.0,0.0,0
