,max,min,avg,median,count
0,0.012236813186256324,0.005220771583833614,0.009598390331453183,0.009335258213808503,27
1,0.003240474808572378,0.0014644441150138362,0.0024011903300819515,0.0021975889403068752,119
2,0.003958912511971433,0.000607304574583286,0.002586896371489391,0.0022807070996254245,137
3,0.0,0.0,0.0,0.0,0
4,0.0,0.0,0.0,0.0,0
