,max,min,avg,median,count
0,0.018213828473783365,0.002235707347730717,0.00923438268187438,0.005716451818712566,32
1,0.004196837698172561,0.0016444824756339101,0.002585942104272079,0.0017906148495012212,190
2,0.009178351098253204,0.004465838750648964,0.00694146645171783,0.00646134978719016,62
3,0.0,0.0,0.0,0.0,0
4,0.0,0.0,0.0,0.0,0
