,max,min,avg,median,count
0,0.0034525760801842518,0.0008285064177000857,0.0020451360043583218,0.001782781449236766,49
1,0.0030266437858020466,0.000194846121949069,0.001141402628087628,0.0007994034325456693,66
2,0.0025071593663415857,0.00010234052575449352,0.000770280098602612,0.0004232001049511996,170
3,0.0,0.0,0.0,0.0,0
4,0.0,0.0,0.0,0.0,0
