,max,min,avg,median,count
0,0.0055343225278169685,0.00121258408827671,0.003398350738321397,0.002774789475248297,49
1,0.0019200781540457828,0.0007575587957940528,0.0013146122988293516,0.0013139429895260755,69
2,0.0016849456068984082,0.00085539711712477,0.0012407644871730158,0.0012246448837122577,169
3,0.0,0.0,0.0,0.0,0
4,0.0,0.0,0.0,0.0,0
