,max,min,avg,median,count
0,0.027261048408550644,0.01910655979180196,0.02439711898366959,0.025564551716039493,33
1,0.005126013701437179,0.0006580289254567019,0.0027192709022109095,0.002722334493542398,74
2,0.0012530473578738798,2.6833320724091123e-05,0.000676402132917932,0.0007614599988809045,271
3,0.0,0.0,0.0,0.0,0
4,0.0,0.0,0.0,0.0,0
