,max,min,avg,median,count
0,0.06436380126454186,0.014290844380687345,0.03454421321593363,0.019847703903580986,24
1,0.012604929231204145,0.0028277442599401862,0.009339698250274236,0.010812417862438303,77
2,0.0035199686265209784,0.0014587080405470318,0.0025315390874913178,0.0028450584223807633,187
3,0.0,0.0,0.0,0.0,0
4,0.0,0.0,0.0,0.0,0
