,max,min,avg,median,count
0,0.007899903174397578,0.0033088392258735005,0.005155450606541089,0.004469538225516015,39
1,0.007755002055899735,0.00020809312275390642,0.0038725071561335534,0.004608660820903175,81
2,0.002294527787622617,0.00031002364277931945,0.0011146982576145234,0.001049802574550365,119
3,0.0,0.0,0.0,0.0,0
4,0.0,0.0,0.0,0.0,0
