,max,min,avg,median,count
0,0.05110019710232886,0.01948146401798759,0.03700355107960692,0.041104946067684264,11
1,0.002793880935686775,0.00012991676804848573,0.0013531698333493012,0.0010527610317375368,132
2,0.005344082183707212,0.0002319739082182366,0.00321461887622953,0.00278858650130168,142
3,0.0,0.0,0.0,0.0,0
4,0.0,0.0,0.0,0.0,0
