,max,min,avg,median,count
0,0.01945150111834069,0.001782509658087597,0.013165744658554936,0.015787143915894957,49
1,0.01606991434389709,0.0007592860768456755,0.009728888211247108,0.009696844084064677,94
2,0.02185529893828283,0.004794810502495805,0.01372713335021114,0.013590477672316376,372
3,0.0,0.0,0.0,0.0,0
4,0.0,0.0,0.0,0.0,0
