,max,min,avg,median,count
0,0.0286954153577681,0.010114006484773331,0.01760082204517668,0.01399304429298861,3
1,0.004462317607615042,0.0008863869867128269,0.002791872842942112,0.0021197295755758525,43
2,0.0005916339414201087,6.123205677225011e-05,0.0003657543710958595,0.00047218991324480175,175
3,0.009636133309313701,0.0013849332947796077,0.006964621444708658,0.008006754940873878,27
4,0.0,0.0,0.0,0.0,0
