,max,min,avg,median,count
0,0.02415168933552691,0.00927244579319799,0.01737591574249086,0.016947964509832946,35
1,0.0025775968190156736,0.0005350069480079264,0.0016863137185610347,0.0014886915107943687,124
2,0.00257896860544718,0.0003602202156113613,0.0015015955689443423,0.001274833773712754,127
3,0.0,0.0,0.0,0.0,0
4,0.0,0.0,0.0,0.0,0
