,max,min,avg,median,count
0,0.007199740266302593,0.0009340480459083174,0.004348389932691702,0.006153808496825097,53
1,0.0019298620858947282,0.00035310001407692313,0.001240148371051405,0.0012976428922036954,87
2,0.0011572429334532567,0.0002885938896379715,0.0007454514525263009,0.0006918315379528811,222
3,0.052366075100993496,0.0008402549429373623,0.023964756163272306,0.01911781811860914,10
4,0.0,0.0,0.0,0.0,0
