,max,min,avg,median,count
0,0.005712165726915694,0.00018296897622340278,0.002718995334212609,0.0020914644505991295,39
1,0.0027268618306041164,0.0005097727135557199,0.0013409325108643096,0.0011752746298494595,103
2,0.0012989428883418022,0.0005546097679402407,0.0008890625877386977,0.0007261280101602211,109
3,0.0,0.0,0.0,0.0,0
4,0.0,0.0,0.0,0.0,0
