,max,min,avg,median,count
0,0.009149264145779377,0.00047228189383643126,0.004057443239284671,0.0033875223846820176,39
1,0.012827763640365988,0.0008359729169545001,0.006046218323555359,0.004469892250781248,59
2,0.003409952631065372,0.0007878573434612786,0.0025488631951595146,0.0031548785595787053,135
3,0.0,0.0,0.0,0.0,0
4,0.0,0.0,0.0,0.0,0
