,max,min,avg,median,count
0,0.015107736616361736,0.0055029885142011846,0.01070703226111151,0.009404273045599907,42
1,0.009428868759177391,0.00016438663425465401,0.004816748283950466,0.003501943921029262,77
2,0.0031420395253351067,0.00022974126856251543,0.0023422715141362674,0.002801598656342432,172
3,0.04025206703016632,0.009245324735658192,0.01971117502504607,0.009636133309313701,3
4,0.0,0.0,0.0,0.0,0
