,max,min,avg,median,count
0,0.011284818761052978,0.004941784728326354,0.0075617048709183034,0.007480356011478719,22
1,0.0017040165903508201,0.0004825635113665732,0.0009345216502045693,0.0007241501272688068,86
2,0.0009578169262197846,0.000264793077903836,0.0005694446551059036,0.0005369465669243985,181
3,0.0,0.0,0.0,0.0,0
4,0.0,0.0,0.0,0.0,0
