,max,min,avg,median,count
0,0.024476040615844675,0.0010547175730408022,0.010716542361833888,0.009715242191129249,24
1,0.010191695911964432,0.0005534437377019513,0.0039435600059510145,0.003442814226541957,48
2,0.003639704726416132,0.00011836758370872827,0.0014748010561199223,0.0009830528198169544,178
3,0.0,0.0,0.0,0.0,0
4,0.0,0.0,0.0,0.0,0
