,max,min,avg,median,count
0,0.013397795852144553,0.00233597306415097,0.007789808944859466,0.008895804063330293,28
1,0.00297668807340318,0.0015244472256058733,0.002172269388938669,0.00229958177329793,68
2,0.0066617392967655105,0.00048157563255000097,0.0034732688746445654,0.003020741342873283,247
3,0.0,0.0,0.0,0.0,0
4,0.0,0.0,0.0,0.0,0
