,max,min,avg,median,count
0,0.007489035425317098,0.005566082825138829,0.006224771509089793,0.00591318526800445,32
1,0.001104017575234053,0.0004264723094922441,0.0006880409198578297,0.0006200607515798366,108
2,0.001569426782200087,9.018990394238405e-05,0.0008398152422660236,0.0007647326796274219,136
3,0.0,0.0,0.0,0.0,0
4,0.0,0.0,0.0,0.0,0
