,max,min,avg,median,count
0,0.007884695322054875,0.0016689066273561522,0.004142770313659677,0.004464909019412022,33
1,0.003498274027043471,0.001133078919047825,0.0028151597630508103,0.003257184634058769,116
2,0.002479391142657575,0.0007461011130530847,0.0013203797674464742,0.0010491315438821034,98
3,0.0,0.0,0.0,0.0,0
4,0.0,0.0,0.0,0.0,0
