,max,min,avg,median,count
0,0.010184504813627947,0.003234485332114543,0.006218967121817465,0.005016374584864169,55
1,0.005219253030321605,0.0034016682394721687,0.00431471643684247,0.00405831646350095,142
2,0.00676499956491237,0.0030364596497968223,0.0056058926143908675,0.006287374701360067,94
3,0.0,0.0,0.0,0.0,0
4,0.0,0.0,0.0,0.0,0
