,max,min,avg,median,count
0,0.004469538225516015,0.0011242209630899756,0.002569876254763592,0.001782781449236766,52
1,0.004903725159010566,0.0031375027339160294,0.003931910216874557,0.003963345556753808,78
2,0.0010630117215731758,0.00037211827337458475,0.0006019353658503055,0.0004706055931216899,164
3,0.0,0.0,0.0,0.0,0
4,0.0,0.0,0.0,0.0,0
