,max,min,avg,median,count
0,0.019141644574003434,0.0008248866953863278,0.011166564113378347,0.0116423208586738,52
1,0.01358401684776336,0.001016797535385623,0.005206589216798866,0.0029052335392611576,68
2,0.0032483102526624165,9.018990394238405e-05,0.0016124213323422322,0.0013971439579620343,175
3,0.0,0.0,0.0,0.0,0
4,0.0,0.0,0.0,0.0,0
