,max,min,avg,median,count
0,0.006266340759908148,0.0010336843337050727,0.002800619583836756,0.0019273792219977038,38
1,0.0038381563638526903,0.0006238396768135769,0.002360261189364728,0.002655145646716964,109
2,0.005271100263006155,0.0014203019664542822,0.0031211888095380677,0.002239162779082447,89
3,0.0,0.0,0.0,0.0,0
4,0.0,0.0,0.0,0.0,0
