,max,min,avg,median,count
0,0.008139359985307758,0.0004835355977532735,0.005088438417465868,0.005856126342023514,35
1,0.004694781524447658,0.001824820378841228,0.0032097780036944934,0.0031908320510999734,63
2,0.0023897218269167417,0.00047338918458594896,0.0014199363127429198,0.0013487496443139813,144
3,0.0,0.0,0.0,0.0,0
4,0.0,0.0,0.0,0.0,0
