,max,min,avg,median,count
0,0.013416678740660038,1.9507146384433775e-05,0.009241700856336072,0.01261043834845945,63
1,0.007803900215394199,0.00035612746821668924,0.0045540210307370346,0.004295982184926553,112
2,0.008915861347466568,0.004620969783230178,0.007182863519852363,0.007598721990548836,120
3,0.0,0.0,0.0,0.0,0
4,0.0,0.0,0.0,0.0,0
