,max,min,avg,median,count
0,0.009372043903075668,0.0011242209630899756,0.0052784242264133155,0.004787605943921702,64
1,0.005320024786000009,0.0014898856037702487,0.0033300378981281006,0.0031840880875170963,132
2,0.006080395377393857,0.00015707209470094974,0.00298061153111491,0.0026305496176443227,97
3,0.0,0.0,0.0,0.0,0
4,0.0,0.0,0.0,0.0,0
