,max,min,avg,median,count
0,0.008731197234253984,0.0017280631921617786,0.006476323153914864,0.006855935131821559,31
1,0.0010226442428881456,0.000289249201135542,0.0006327169219249933,0.0007467220491332177,115
2,0.002166971477351853,0.0005587737294470561,0.0015570508809861865,0.0016659649369157948,103
3,0.0,0.0,0.0,0.0,0
4,0.0,0.0,0.0,0.0,0
