,max,min,avg,median,count
0,0.017814229351783978,0.00652050267282253,0.011672924032210059,0.008463795711986565,50
1,0.0023625550399911125,0.00025646353108131777,0.0015501516875036227,0.0021662199325577307,149
2,0.005387720024954272,0.0028175134304981716,0.004472524185262281,0.004590133705287056,237
3,0.0,0.0,0.0,0.0,0
4,0.0,0.0,0.0,0.0,0
