,max,min,avg,median,count
0,0.017142875220448477,0.008176950107530187,0.0120688472851317,0.010026736989735874,31
1,0.004275222450219585,0.0013591275276793435,0.002505106838805101,0.0023193264756555462,117
2,0.001670526418186865,0.00021661865315121925,0.0010724252779409236,0.0011667805886512173,239
3,0.0,0.0,0.0,0.0,0
4,0.0,0.0,0.0,0.0,0
