,max,min,avg,median,count
0,0.007110249736381024,0.000975978444192876,0.004351747589427501,0.005666246141564506,63
1,0.008681649965903076,0.004647596357724969,0.0060785548577082715,0.005719830449584541,111
2,0.005237397326217539,0.0014392312436429758,0.0036354708604730904,0.003934079910509736,120
3,0.0,0.0,0.0,0.0,0
4,0.0,0.0,0.0,0.0,0
