,max,min,avg,median,count
0,0.008944436471210487,0.0038168195755166516,0.006225411046123572,0.005577238103644388,55
1,0.001113946803098926,0.0003896075227078987,0.000837830253504013,0.0009672286309851809,181
2,0.00642028063762141,0.002653844696867337,0.0036789568292252524,0.003219666746361303,61
3,0.0,0.0,0.0,0.0,0
4,0.0,0.0,0.0,0.0,0
