,max,min,avg,median,count
0,0.005127463210206337,0.0014606720591072034,0.0034859818445405603,0.0036776417379172544,37
1,0.0019658236992453615,0.00012414486938354494,0.0008802693451914645,0.00026304858419571155,102
2,0.002344286675439339,0.0003487578144777914,0.0012468432566684908,0.001437491679780061,125
3,0.0,0.0,0.0,0.0,0
4,0.0,0.0,0.0,0.0,0
