,max,min,avg,median,count
0,0.023935278612705346,0.003095490311227525,0.013254962795875616,0.015136784907110436,24
1,0.006284835019565589,0.002369433881213502,0.004369298348357403,0.0038606665110354405,54
2,0.0010871010200294703,4.206608027383065e-06,0.0004965270415315258,0.00031363687978350565,221
3,0.0,0.0,0.0,0.0,0
4,0.0,0.0,0.0,0.0,0
