,max,min,avg,median,count
0,0.005006776809221413,0.000149928643976182,0.002466919962183321,0.0023328396520310747,55
1,0.011066029686186928,0.001133078919047825,0.00613782389297325,0.005126850227444887,67
2,0.0024743496929343985,2.21490848457744e-05,0.0013066686554632314,0.001355886851975743,173
3,0.0,0.0,0.0,0.0,0
4,0.0,0.0,0.0,0.0,0
