,max,min,avg,median,count
0,0.0119406282724288,1.8208727920797822e-05,0.004760700957427215,0.004781646214513203,42
1,0.004300357390067632,0.0009870701962307704,0.002358556968363249,0.0022562351268306854,82
2,0.0015249741277153564,0.00022420543054298,0.0010012544559360908,0.001102736748208003,179
3,0.0,0.0,0.0,0.0,0
4,0.0,0.0,0.0,0.0,0
