,max,min,avg,median,count
0,0.006273725425788782,0.001241509015410722,0.0030013648225085936,0.0015855336133088305,33
1,0.010271877057747625,0.001077569208735664,0.005606666665768541,0.005329242715205524,60
2,0.0018654624261545993,0.0006382486901165599,0.001213024801236064,0.0010365217075561145,145
3,0.0,0.0,0.0,0.0,0
4,0.0,0.0,0.0,0.0,0
