,max,min,avg,median,count
0,0.0068009315838278945,3.223102126169794e-05,0.0036213239347954083,0.003126021118895887,32
1,0.002605024911281006,2.4056596600108788e-05,0.0009503526536901978,0.000606790628118888,135
2,0.001647277838272137,0.0007738956259149061,0.0012642619648555644,0.0011693202042730277,81
3,0.0,0.0,0.0,0.0,0
4,0.0,0.0,0.0,0.0,0
