,max,min,avg,median,count
0,0.022006917701081378,0.006870740182220553,0.016902974721946816,0.020111277951160085,37
1,0.007758694349414567,0.005756054424116381,0.006489293698969045,0.006090114743414767,161
2,0.0043558014184400355,0.00020842561686765902,0.0018969739486939543,0.0016697879852984212,175
3,0.0,0.0,0.0,0.0,0
4,0.0,0.0,0.0,0.0,0
