,max,min,avg,median,count
0,0.029188736788709313,0.009569262360057054,0.017199573830872707,0.014564471358293623,30
1,0.005798305338042876,0.002867110492411007,0.004324117203897522,0.0044706082183984626,180
2,0.004247312746927074,0.0016461851036560277,0.002663979511007534,0.0026237634428236964,89
3,0.0,0.0,0.0,0.0,0
4,0.0,0.0,0.0,0.0,0
