,max,min,avg,median,count
0,0.007243714169681676,0.0023328396520310747,0.0043656893947247,0.0036776417379172544,62
1,0.001630250824431892,5.030052924472444e-05,0.0006663590513997519,0.0005663092921493977,183
2,0.010530109750941813,0.0037654958013543325,0.006970243117836969,0.0057836127542493865,63
3,0.0,0.0,0.0,0.0,0
4,0.0,0.0,0.0,0.0,0
