,max,min,avg,median,count
0,0.0039026185763830486,0.00047228189383643126,0.002683171294781806,0.0035611577583689103,60
1,0.0006196783163697859,2.1887351896569422e-05,0.0003927031784486657,0.0004167823719351023,200
2,0.00626599917618556,0.0012138984049280786,0.004543835252779258,0.005371221256917492,42
3,0.0,0.0,0.0,0.0,0
4,0.0,0.0,0.0,0.0,0
