,max,min,avg,median,count
0,0.012049335503050932,0.0012431702462198642,0.007739467797639649,0.008444302384519292,46
1,0.00412351141089408,0.0031151535959599596,0.003797277639431515,0.003894418059624646,123
2,0.002955896814720454,0.000433365029743249,0.0012756448568607887,0.0007561965519666872,208
3,0.0,0.0,0.0,0.0,0
4,0.0,0.0,0.0,0.0,0
