,max,min,avg,median,count
0,0.018213828473783365,0.0006789931274010383,0.010397519689374315,0.011819209110639186,27
1,0.004071617024452549,0.0007486567373166775,0.0023449641772881873,0.001815061625487123,121
2,0.0025735331303222485,6.025144156675976e-05,0.0011851434625129048,0.0006671649540970759,154
3,0.0,0.0,0.0,0.0,0
4,0.0,0.0,0.0,0.0,0
