,max,min,avg,median,count
0,0.019753492866061005,0.0006663018732721851,0.010897725060467465,0.012642517615003747,19
1,0.003907924179039699,0.0008840695794550677,0.0023213697316931416,0.0017875670692924384,76
2,0.001664936107221095,0.000291921320498495,0.000910108757075654,0.0008542892099809336,127
3,0.0,0.0,0.0,0.0,0
4,0.0,0.0,0.0,0.0,0
