,max,min,avg,median,count
0,0.013899445252051947,0.005074738457517181,0.009573430765586703,0.011116938325466948,33
1,0.0020601602812623855,0.0006048895392190928,0.001530002427420216,0.0016754059108743341,73
2,0.001908115255108312,0.0003027862890014103,0.0012047937826684964,0.0012327069907001396,136
3,0.0,0.0,0.0,0.0,0
4,0.0,0.0,0.0,0.0,0
