,max,min,avg,median,count
0,0.0035024254072502296,0.0010640756561933133,0.0023915996691495378,0.0024764520651761974,56
1,0.0023393120721800814,2.4056596600108788e-05,0.001322160350100027,0.001673151661021765,114
2,0.0028450584223807633,0.0009653213730057481,0.0020119545989510422,0.0022609898160976163,132
3,0.0,0.0,0.0,0.0,0
4,0.0,0.0,0.0,0.0,0
