,max,min,avg,median,count
0,0.011427310185170769,0.001479455307929397,0.006859182528984707,0.005533614814797004,30
1,0.0013638858896533714,0.0003696671105314049,0.0010415766827667706,0.0012116442923187296,120
2,0.004781394206288823,0.002755534610881393,0.0035470563884476953,0.0031854623752312016,85
3,0.0,0.0,0.0,0.0,0
4,0.0,0.0,0.0,0.0,0
