,max,min,avg,median,count
0,0.008037265716668239,0.00011021339683249339,0.004447041820821933,0.004329328544443864,20
1,0.0018926042622581473,8.157920089257665e-05,0.000878673601801607,0.0010667061106183137,68
2,0.0007396577763655982,0.000548092601952701,0.0006283464480431923,0.0006257521057342375,141
3,0.0,0.0,0.0,0.0,0
4,0.0,0.0,0.0,0.0,0
