,max,min,avg,median,count
0,0.05949792489954605,0.028416462807757597,0.04284379268422478,0.045459522430221576,8
1,0.009111631930030778,0.004155654114613175,0.006366389299150272,0.005990504087924459,80
2,0.003017138014709777,0.00020454348081364653,0.0015780727012963507,0.0019249041385538276,210
3,0.12119262866682949,0.009094906366585095,0.06456914847045934,0.06341991037796345,3
4,0.0,0.0,0.0,0.0,0
