,max,min,avg,median,count
0,0.003701888944921839,0.0005240280742830097,0.0023968282552187387,0.0024880500799908944,39
1,0.0055398662652454845,7.391544371717338e-05,0.0030281868424991048,0.004436401993364858,72
2,0.00429559448564905,0.0003341647572836274,0.0023955823507405653,0.00279868983418378,193
3,0.0,0.0,0.0,0.0,0
4,0.0,0.0,0.0,0.0,0
