,max,min,avg,median,count
0,0.0062066652140850675,0.0019273792219977038,0.0036409939102899037,0.0026619504244807437,56
1,0.002466987529094836,0.000577994961766126,0.0011419121112550337,0.0007902646386609752,100
2,0.0014557645612672157,0.00042924403318177944,0.0009652716971690911,0.0009205179975563014,150
3,0.0,0.0,0.0,0.0,0
4,0.0,0.0,0.0,0.0,0
