,max,min,avg,median,count
0,0.009428518946437195,0.0009856792541912873,0.005245070408275714,0.005712165726915694,56
1,0.01328494532112411,0.0030325931801864275,0.008769291265313417,0.009056376469824915,74
2,0.00575375709666075,0.00022389772377728295,0.0022080061878215983,0.0003658460296198532,177
3,0.0,0.0,0.0,0.0,0
4,0.0,0.0,0.0,0.0,0
