,max,min,avg,median,count
0,0.016220763663492423,0.002388809380558138,0.009764950409755469,0.01117984666667386,19
1,0.004154232539087594,0.0012265404496615956,0.0025685601495949026,0.002638194335363716,44
2,0.0027673976448163817,0.0006272126072017738,0.0016554615956365086,0.0014279066061550726,161
3,0.0,0.0,0.0,0.0,0
4,0.0,0.0,0.0,0.0,0
