,max,min,avg,median,count
0,0.017493714390416183,0.006730432544415837,0.01151184842003904,0.011972339714853612,29
1,0.0019692708953484525,0.0003352645404625909,0.0012179680676879217,0.0016474376381627861,155
2,0.0033599287176587136,9.817521585057766e-05,0.001761148904829966,0.001550645544978452,121
3,0.0,0.0,0.0,0.0,0
4,0.0,0.0,0.0,0.0,0
