,max,min,avg,median,count
0,0.001878056750178294,0.00047422599375997085,0.001123943117305452,0.0009770437798057613,27
1,0.0026694355522652643,0.0011225408861503107,0.0019999148664838103,0.002041703869693711,61
2,0.0014891740970924756,0.0006322263605974096,0.0010960083630358157,0.0010525990115600728,136
3,0.0,0.0,0.0,0.0,0
4,0.0,0.0,0.0,0.0,0
