,max,min,avg,median,count
0,0.02742797109240036,0.007237214241866517,0.018364538015877344,0.018525345759429247,14
1,0.002928541550209915,0.0010059904879894763,0.001784442201035617,0.0017706552640979686,106
2,0.0024467488538680825,0.0002735952038130925,0.0010535828595063244,0.0009650362377602438,178
3,0.2584076576840827,0.0105558480974094,0.09695898260687004,0.05943621232299402,4
4,0.0,0.0,0.0,0.0,0
