,max,min,avg,median,count
0,0.016615788790931948,0.006986094498278443,0.012564573022775177,0.01393605354926305,27
1,0.0030893308600029143,0.00011903188979600002,0.0020489600386228756,0.0024720357954488084,78
2,0.0010774705075536181,0.0002958611424330339,0.0007894734845806942,0.0008624686863564439,117
3,0.0,0.0,0.0,0.0,0
4,0.0,0.0,0.0,0.0,0
