,max,min,avg,median,count
0,0.01365652509409983,0.0019386488870899309,0.007787640973219009,0.009211558789765855,25
1,0.012495222935596727,0.0015861683068015833,0.00813225346474369,0.010754981167193072,49
2,0.0013168588190747602,5.557964902705983e-05,0.0008031608708816204,0.0010130992630403234,246
3,0.0,0.0,0.0,0.0,0
4,0.0,0.0,0.0,0.0,0
