,max,min,avg,median,count
0,0.005796467630943968,0.0012312833806991067,0.0037091754606851774,0.0037695750371528726,26
1,0.003315284870406357,0.00021806868484127977,0.0019262113091457881,0.002433777986488788,91
2,0.0012713768723697201,1.1529082811267008e-05,0.0007548915053786986,0.0011318003440398759,108
3,0.0,0.0,0.0,0.0,0
4,0.0,0.0,0.0,0.0,0
