,max,min,avg,median,count
0,0.009062979187742678,0.0013074585482357687,0.005320972083537407,0.004459671395125579,68
1,0.005018392402401318,0.001433937711592915,0.0031251331838925258,0.002834096279662116,116
2,0.006758419799182935,0.001908115255108312,0.004514233931066769,0.004589700198942991,122
3,0.0,0.0,0.0,0.0,0
4,0.0,0.0,0.0,0.0,0
