,max,min,avg,median,count
0,0.003628343294431703,0.0010362649181458019,0.0023650284871993116,0.002056356443325668,36
1,0.0009117245157833386,0.00012000988945818806,0.00043631202057413095,0.0003919945104375821,101
2,0.0014042365549463134,0.00012277468380830975,0.0007053420155771973,0.0008674137813379194,93
3,0.018766322851076246,0.007806209431238826,0.013286266141157535,0.013286266141157535,2
4,0.0,0.0,0.0,0.0,0
