,max,min,avg,median,count
0,0.009292571274901233,0.002572902380743695,0.005483636774756003,0.005220771583833614,27
1,0.0033662124627482797,0.0002834384957858889,0.0023213064695364835,0.002638194335363716,129
2,0.005723072661042204,1.1529082811267008e-05,0.002944703553464575,0.0034733890397240634,152
3,0.0,0.0,0.0,0.0,0
4,0.0,0.0,0.0,0.0,0
