,max,min,avg,median,count
0,0.00889552829647398,0.0020914644505991295,0.0038275742689027163,0.002701949313272303,58
1,0.005865183566193178,0.0017419083379426308,0.00368713227623141,0.003225142103344109,75
2,0.0007540760566046704,9.608036976054827e-05,0.00043320686021298407,0.00043307414696983353,182
3,0.0,0.0,0.0,0.0,0
4,0.0,0.0,0.0,0.0,0
