,max,min,avg,median,count
0,0.011243395202363289,0.003080438217277394,0.007677707977048996,0.0078976137524951,19
1,0.0025289874523568437,0.0005232205318390458,0.0018757501790218837,0.0023564683485745837,90
2,0.0018931717265509812,8.901563862949957e-05,0.0012375175462423674,0.0014564444459250923,112
3,0.0,0.0,0.0,0.0,0
4,0.0,0.0,0.0,0.0,0
