,max,min,avg,median,count
0,0.009446767543395056,0.001117185416105459,0.004152026759666826,0.0021308842837933673,58
1,0.015243749337305958,0.003056936258283646,0.008324483974525973,0.005699884679458864,73
2,0.0029480544728811803,0.0001085395166713882,0.0015654907528750179,0.0015836490460834286,178
3,0.0,0.0,0.0,0.0,0
4,0.0,0.0,0.0,0.0,0
