,max,min,avg,median,count
0,0.0065858139939998575,0.001878056750178294,0.004616673627811498,0.004819317587587907,58
1,0.009758655114034674,0.005243207138650336,0.007664927928172742,0.008673897361814162,83
2,0.0009224734452225736,0.00013703682367746583,0.0006199536745122762,0.0008528040146526902,168
3,0.0,0.0,0.0,0.0,0
4,0.0,0.0,0.0,0.0,0
