,max,min,avg,median,count
0,0.004767985385214683,0.000149928643976182,0.001775017037609901,0.00121258408827671,60
1,0.0009156711024309456,0.00012383980379558932,0.0004420822585468308,0.0004411730862263659,161
2,0.0024303267770251972,0.0003733028026802502,0.0012163540951945473,0.0013277115423381072,91
3,0.0,0.0,0.0,0.0,0
4,0.0,0.0,0.0,0.0,0
