,max,min,avg,median,count
0,0.008561588668760913,0.0010388558134490293,0.004040957384030358,0.002036194147047904,39
1,0.0022338341243189875,0.00017561985083433632,0.0011774349546996119,0.001039133479568128,89
2,0.0006915599218465772,5.058444151986514e-05,0.00037977178997465903,0.00024915548295085274,187
3,0.0,0.0,0.0,0.0,0
4,0.0,0.0,0.0,0.0,0
