,max,min,avg,median,count
0,0.011395921607098559,0.003125569299604362,0.006845808472112152,0.0052909941363205055,48
1,0.00362656930039096,1.2062060964449041e-06,0.0016821988064780636,0.0010279426499465115,121
2,0.002064715831162104,0.0005125334968790066,0.001363717741841898,0.0013945196425273346,146
3,0.0,0.0,0.0,0.0,0
4,0.0,0.0,0.0,0.0,0
