,max,min,avg,median,count
0,0.013278131945616186,0.005963005470566601,0.010031982944833262,0.011113672608281281,32
1,0.004678287800228485,0.0012162117748101093,0.0035275899321290474,0.004371319787458561,82
2,0.0019623985246254977,0.0008267104140717019,0.0012263023064388468,0.0011147660175807002,177
3,0.0,0.0,0.0,0.0,0
4,0.0,0.0,0.0,0.0,0
