,max,min,avg,median,count
0,0.011453754257739831,5.909352527873474e-05,0.004627395697498251,0.0019361600647380339,30
1,0.0028536663873608066,0.0005453729334701673,0.001937741176672992,0.0022089587807684508,65
2,0.00495488151653958,0.0006065428890689267,0.002966250547899143,0.0038557386697896977,151
3,0.0,0.0,0.0,0.0,0
4,0.0,0.0,0.0,0.0,0
