,max,min,avg,median,count
0,0.00750884372926842,0.0027017070266046896,0.005614977196120436,0.0060199674093503715,27
1,0.0022859709641312263,8.538802369968301e-05,0.0013957201076917917,0.001835091860359317,154
2,0.0034844643523060845,0.0001608304503607574,0.0017888035262179792,0.0016554499159860772,59
3,0.0,0.0,0.0,0.0,0
4,0.0,0.0,0.0,0.0,0
