,max,min,avg,median,count
0,0.03571720349208567,0.003513495331557291,0.02669726317963115,0.03235677242603303,25
1,0.011124707545794676,0.003474606171848861,0.00835405871236275,0.008775899315247339,68
2,0.011978323252543908,0.0066315858525748264,0.00931092680483499,0.00859766494456614,149
3,0.0,0.0,0.0,0.0,0
4,0.0,0.0,0.0,0.0,0
