,max,min,avg,median,count
0,0.013568389190617772,0.0025546826054206264,0.008100158218851804,0.006255817960016327,9
1,0.0067103898650934255,0.0013117065850103186,0.004099379781697213,0.004565537271711326,47
2,0.0003115428000840776,0.0001105602154117928,0.00020951700319484442,0.000221448449748626,206
3,0.05991100446150315,0.04374127493963982,0.05182613970057148,0.05182613970057148,2
4,0.0,0.0,0.0,0.0,0
