,max,min,avg,median,count
0,0.009936488469659952,0.00022466795329829033,0.0036732409054299835,0.0007642402449155474,25
1,0.000984736990716747,0.00022925789614235565,0.0006132993016095576,0.0005619340061259013,81
2,0.0020000457731966293,0.00019112284383834117,0.0012996862205062122,0.0014332880282198314,108
3,0.0,0.0,0.0,0.0,0
4,0.0,0.0,0.0,0.0,0
