,max,min,avg,median,count
0,0.019365466356258958,0.0006910708873235877,0.008954160182538362,0.005578260123836142,26
1,0.0044087367490097595,9.284451144177225e-05,0.002833488286794262,0.0030707130686805067,105
2,0.0038554663245330954,0.0004733096505195728,0.0017753176863224435,0.0012292689172394328,129
3,0.0,0.0,0.0,0.0,0
4,0.0,0.0,0.0,0.0,0
