,max,min,avg,median,count
0,0.006316972843221628,0.00012547593322382024,0.003938378623314358,0.00396942584356463,48
1,0.000984736990716747,6.855457240958903e-05,0.0004334063477778611,0.0002030546471490114,232
2,0.005792322607855065,0.00044328562659652767,0.0029320709291255236,0.0031750639909531695,40
3,0.0,0.0,0.0,0.0,0
4,0.0,0.0,0.0,0.0,0
