,max,min,avg,median,count
0,0.010665129855673422,0.002863676602926761,0.006643582489295932,0.007379552876490461,36
1,0.001743711612170094,0.0008431301725693121,0.0011272733032599079,0.0008530810110994152,101
2,0.001782549881709381,0.00032967749467034674,0.0009065003994004353,0.0005140347282136122,67
3,0.0,0.0,0.0,0.0,0
4,0.0,0.0,0.0,0.0,0
