,max,min,avg,median,count
0,0.011158256989817381,0.0004252438850556569,0.005699849590428926,0.0055029885142011846,46
1,0.002845911463423044,4.37698651137417e-05,0.0011258021973465117,0.00044764110821071115,165
2,0.010252167829254548,0.0025071593663415857,0.006141605317422703,0.006987722726292673,105
3,0.0,0.0,0.0,0.0,0
4,0.0,0.0,0.0,0.0,0
