,max,min,avg,median,count
0,0.02722238278700774,0.005281045347487897,0.01488665280779609,0.012847550686303832,28
1,0.00550119061953238,0.0022836175529685728,0.0041712061031622845,0.004251431646940512,177
2,0.012475660649038472,0.0017981971059345295,0.007593442137651921,0.008900703425879704,110
3,0.0,0.0,0.0,0.0,0
4,0.0,0.0,0.0,0.0,0
