,max,min,avg,median,count
0,0.004364977053238086,0.0015066492806428628,0.003256896042672456,0.004134029800242387,22
1,0.0011269951599854468,0.0002195422406362997,0.0005958552168595853,0.0002971613360795453,106
2,0.003118953098812187,0.0014051981739474381,0.002229847397354782,0.0019941265560421305,78
3,0.0,0.0,0.0,0.0,0
4,0.0,0.0,0.0,0.0,0
