,max,min,avg,median,count
0,0.019595784988781822,0.004066475919360387,0.010155450359448478,0.00794621549378122,30
1,0.0034287024942751547,9.284451144177225e-05,0.0017516496246400871,0.0019567252566766924,63
2,0.005496306157152354,9.469573700324486e-05,0.002504995361312404,0.0010192882593198138,136
3,0.0,0.0,0.0,0.0,0
4,0.0,0.0,0.0,0.0,0
