,max,min,avg,median,count
0,0.02181671865832046,0.002436893260834121,0.012023725158597866,0.011353977016793398,29
1,0.009574209072628029,0.0009336125765293193,0.005805824838958333,0.006048114573131075,67
2,0.005290769968018349,0.0016284883043712736,0.003178088035154478,0.002509483775098058,164
3,0.0,0.0,0.0,0.0,0
4,0.0,0.0,0.0,0.0,0
