,max,min,avg,median,count
0,0.009157781590243485,0.0019419795506189156,0.00567978440070898,0.0060099981135251605,33
1,0.0009735254029096959,0.000310429545496735,0.0006104019813751857,0.0005664588703472092,75
2,0.0016447777221825137,4.7896679469921486e-05,0.0007317749493585159,0.0006390773020146839,119
3,0.0,0.0,0.0,0.0,0
4,0.0,0.0,0.0,0.0,0
