,max,min,avg,median,count
0,0.009513605407675376,0.002056356443325668,0.004781306305745525,0.004326102373475799,44
1,0.0026108896489039374,0.00074718398498547,0.0018491853473004856,0.001877217769296939,81
2,0.009086502871428512,0.0011042144122777131,0.005206945143859306,0.005073648936248921,193
3,0.09820031949963562,0.05946470890826639,0.08163748133839922,0.08724741560729567,3
4,0.0,0.0,0.0,0.0,0
