,max,min,avg,median,count
0,0.004768660961059178,0.0009132878571663047,0.0024412432957190452,0.0022461302570416673,64
1,0.0018590736519140498,0.0001672878428582653,0.0009125642682433632,0.0008043245074377881,164
2,0.0028833639585017132,0.001569426782200087,0.001979829276614516,0.001814659044323299,91
3,0.0,0.0,0.0,0.0,0
4,0.0,0.0,0.0,0.0,0
