,max,min,avg,median,count
0,0.012739621143107078,0.005723025647694198,0.007934764734738031,0.007343631808993932,23
1,0.007637007025783627,0.001126518432850363,0.0027510028126708766,0.0016807703142352024,62
2,0.004556744953890652,8.328711811214198e-05,0.002006466078811399,0.001283832110109709,166
3,0.0,0.0,0.0,0.0,0
4,0.0,0.0,0.0,0.0,0
