,max,min,avg,median,count
0,0.008195770877135978,0.00028282758954256893,0.0050121932503407645,0.005315890941747057,41
1,0.005651246020292099,0.0011134784285718902,0.003373966076913255,0.003738873077786175,77
2,0.003059092610533661,0.0002542309553583361,0.0014109219215641007,0.0014777702593120655,207
3,0.0,0.0,0.0,0.0,0
4,0.0,0.0,0.0,0.0,0
