,max,min,avg,median,count
0,0.010180741894108641,0.0018531888862528387,0.0057794019477141415,0.006921232650642172,21
1,0.003612726277633095,0.001327656952462611,0.0024931317962432623,0.002728731475450636,62
2,0.0016482231198625234,4.9663625683086215e-05,0.0007362131832195203,0.0002735952038130925,192
3,0.04271950068505042,0.04271950068505042,0.04271950068505042,0.04271950068505042,1
4,0.0,0.0,0.0,0.0,0
