,max,min,avg,median,count
0,0.010665129855673422,0.0015137045390586695,0.007123150528783535,0.00951848068206271,35
1,0.002054159955270528,0.0009109643836316176,0.00154947676706915,0.001594313563230148,127
2,0.004427363111246083,0.0004706055931216899,0.002869737436184757,0.003395972608229812,160
3,0.0,0.0,0.0,0.0,0
4,0.0,0.0,0.0,0.0,0
