,max,min,avg,median,count
0,0.01842894081811396,0.011072914382314593,0.015258508014761632,0.016161351915949224,36
1,0.0010480477199310274,0.00014959679063519408,0.0005509722044900898,0.0004462888044953642,232
2,0.006594205790414428,0.002540561781605893,0.004622954317980071,0.00391458209242682,56
3,0.0,0.0,0.0,0.0,0
4,0.0,0.0,0.0,0.0,0
