,max,min,avg,median,count
0,0.0068009315838278945,0.0005509015249320384,0.0037396520673742654,0.003272533180743941,30
1,0.0018394537904016627,8.093864166592828e-06,0.000896273935595569,0.0005281857212903662,64
2,0.002772507286330727,0.0007830825001593509,0.0019268198321286587,0.0021422968486573004,128
3,0.0,0.0,0.0,0.0,0
4,0.0,0.0,0.0,0.0,0
