,max,min,avg,median,count
0,0.008291679238172261,0.0009856792541912873,0.005464203133268014,0.005495414650027331,64
1,0.0013591706005961829,0.00014959679063519408,0.0008155893162088187,0.000842719299727244,109
2,0.002489345641969915,0.0014038685471397228,0.001972012795970058,0.001919351596935278,153
3,0.0,0.0,0.0,0.0,0
4,0.0,0.0,0.0,0.0,0
