,max,min,avg,median,count
0,0.011923565727875115,0.006188493943781566,0.008644894998610203,0.006727045502988467,40
1,0.004634033461239961,0.000289249201135542,0.002867507447375229,0.0032744762243682476,75
2,0.003405896422450358,0.00010781421656670449,0.0012652571297805519,0.0010491378959590699,208
3,0.0,0.0,0.0,0.0,0
4,0.0,0.0,0.0,0.0,0
