,max,min,avg,median,count
0,0.021990451233163164,0.008186985573540317,0.014103052483137823,0.01326586088135809,26
1,0.001557462835685751,0.00028050639882199553,0.0010260493432747964,0.0010331309256132943,86
2,0.002108158719444775,0.00028326750647881356,0.0008454630454230991,0.0005820953720170691,97
3,0.0,0.0,0.0,0.0,0
4,0.0,0.0,0.0,0.0,0
