,max,min,avg,median,count
0,0.01573363555769489,0.0030856022333613626,0.009170779609000323,0.009517547358268886,23
1,0.005237186738086349,0.0011323917729138466,0.003266159590895292,0.0031899301845423464,83
2,0.0017556547201023137,0.0004577003804716271,0.0013571399675374862,0.0016815096065393215,158
3,0.0,0.0,0.0,0.0,0
4,0.0,0.0,0.0,0.0,0
