,max,min,avg,median,count
0,0.016480919432064485,0.0006028118217427527,0.006524532917992353,0.003719798420434209,34
1,0.006114087738237437,0.002489660587023152,0.004583348561950378,0.004561930036650191,80
2,0.008399936686104847,0.0030524523931006855,0.0064601437307049755,0.00712385673488299,118
3,0.0,0.0,0.0,0.0,0
4,0.0,0.0,0.0,0.0,0
