,max,min,avg,median,count
0,0.0069110216586471115,2.9850922506062026e-05,0.003532394961031647,0.004082013462293236,22
1,0.0019724423967700036,0.001074368798044468,0.0015247178360540902,0.001400289653495983,44
2,0.0015776156581208598,0.000288244565295494,0.0009708815908589921,0.001070323907547086,131
3,0.0,0.0,0.0,0.0,0
4,0.0,0.0,0.0,0.0,0
