,max,min,avg,median,count
0,0.04643472857921174,0.0009137489217823579,0.018742033994650416,0.009711391544736178,17
1,0.02957013012335048,0.01130918783578182,0.02104575543963966,0.02082717919917258,15
2,0.0014433812511082794,0.00026381700366424194,0.0008922254672465971,0.0007760075175186193,307
3,0.0,0.0,0.0,0.0,0
4,0.0,0.0,0.0,0.0,0
