,max,min,avg,median,count
0,0.009941621773489883,0.0007840738001964613,0.005834836631826374,0.0068376869629798425,38
1,0.0030738087740176234,0.0007390233100601769,0.0019016513698345123,0.001735900704533932,168
2,0.0015523730126287747,9.469573700324486e-05,0.000684876189729966,0.0002716597955790144,56
3,0.0,0.0,0.0,0.0,0
4,0.0,0.0,0.0,0.0,0
