,max,min,avg,median,count
0,0.004928032585388957,0.0009770437798057613,0.003445452362163713,0.004598597509798867,66
1,0.004063257326621065,0.0006365662488030024,0.0023976341875007897,0.0023254350838999484,78
2,0.0012892364565492765,0.0002036949389288372,0.0007745794977852489,0.0008391591534265651,188
3,0.0,0.0,0.0,0.0,0
4,0.0,0.0,0.0,0.0,0
