,max,min,avg,median,count
0,0.05115825930975743,0.0062771394229746095,0.03228037255337566,0.035786189844983635,13
1,0.006130522470640927,0.0004973058832735594,0.003670167838550016,0.005405374194142624,81
2,0.0027221897955709016,0.0003661462202741612,0.0016651798146946257,0.0016831897140367651,241
3,0.08588794474931248,0.009336513341014504,0.03855399655041682,0.030026538185391742,6
4,0.0,0.0,0.0,0.0,0
