,max,min,avg,median,count
0,0.015555846649968806,0.00475543383090381,0.007937473344648035,0.006265118044289811,21
1,0.0027936975986122096,0.0013309938767099565,0.0022296814167359043,0.002265663795532914,98
2,0.0010702157251605247,0.0005085044085728814,0.0007735088952154397,0.0006647747939855015,78
3,0.0,0.0,0.0,0.0,0
4,0.0,0.0,0.0,0.0,0
