,max,min,avg,median,count
0,0.00532389602978523,0.0017212390314475122,0.0037630878857889344,0.004325497003610094,49
1,0.00333794950578696,0.0015571747625720384,0.002578213436210653,0.0025589374765889812,116
2,0.0010943681503950038,0.00016273813182392152,0.0006497417029252408,0.0007242712538253236,175
3,0.0,0.0,0.0,0.0,0
4,0.0,0.0,0.0,0.0,0
