,max,min,avg,median,count
0,0.017778090883735314,0.0011422382538056075,0.01150443399878715,0.015326917269933626,23
1,0.002493284521069643,0.0008664192561997795,0.0016519786219691354,0.0016205824591053039,111
2,0.004380019509772077,0.0012332397934088511,0.002731612682891594,0.0019600457250740348,158
3,0.0,0.0,0.0,0.0,0
4,0.0,0.0,0.0,0.0,0
