,max,min,avg,median,count
0,0.01004927692103341,0.0036335851220609307,0.007003195226571046,0.005940375511063087,42
1,0.007487373939430316,0.0029099827784235524,0.005035888531176607,0.003981595563044904,80
2,0.0035172424713275177,0.00019929014073748135,0.0016640565186862096,0.001796860192030194,210
3,0.0,0.0,0.0,0.0,0
4,0.0,0.0,0.0,0.0,0
