,max,min,avg,median,count
0,0.03329842881106375,0.008584756084436878,0.02071007750945262,0.023424179418574664,23
1,0.005556892540343531,0.0005880628148956037,0.002287599634967354,0.0009336125765293193,105
2,0.0032338250714251137,0.00021262308736068553,0.0016238541944878805,0.0012265224690384737,203
3,0.0909867523069759,0.0005978654978588999,0.045792308902417395,0.045792308902417395,2
4,0.0,0.0,0.0,0.0,0
