,max,min,avg,median,count
0,0.01218918205985558,0.0022900757381471596,0.005560602098963955,0.005008494323655062,65
1,0.003744240256372504,0.001917272993684838,0.0026792670193762523,0.0024247867984023815,106
2,0.001098478381657295,0.00019680561902120141,0.0007245016003423841,0.0006915599218465772,163
3,0.0,0.0,0.0,0.0,0
4,0.0,0.0,0.0,0.0,0
