,max,min,avg,median,count
0,0.003915590574125113,0.00022466795329829033,0.0018076617839073127,0.0012019934417198332,43
1,0.001835811160920537,0.00012750979902540478,0.0012348931953752658,0.0013298976315952043,119
2,0.003659410516792766,0.0007742665471950677,0.002116294275713711,0.0024449482222344125,171
3,0.0,0.0,0.0,0.0,0
4,0.0,0.0,0.0,0.0,0
