,max,min,avg,median,count
0,0.005739831073350886,0.0013660268556261925,0.003791169173320859,0.004159125182985835,39
1,0.002743094027570022,0.00021236417694798688,0.0018423475430907742,0.0021085221464795323,126
2,0.004645500449163548,0.001120533907079673,0.0028459319621776343,0.002415606127314532,57
3,0.0,0.0,0.0,0.0,0
4,0.0,0.0,0.0,0.0,0
