,max,min,avg,median,count
0,0.008605284673415396,0.001323082708894094,0.005490358871378255,0.005465562476125553,19
1,0.008227343328534559,0.000669650310213748,0.004393424021595066,0.004145675260603405,47
2,0.003989878014791873,1.9517480846428768e-05,0.0021124048706125296,0.0023162450807040964,184
3,0.0,0.0,0.0,0.0,0
4,0.0,0.0,0.0,0.0,0
