,max,min,avg,median,count
0,0.007229974825925158,0.0005700284180389285,0.0033083693399470334,0.0028304137747346947,39
1,0.004463148993138966,0.0015489767852818659,0.0025751728644327356,0.0019942012792515153,79
2,0.0012530478994693408,0.000153576411722092,0.0005421979652248454,0.00022330219094918638,140
3,0.0,0.0,0.0,0.0,0
4,0.0,0.0,0.0,0.0,0
