,max,min,avg,median,count
0,0.025032314111633796,5.3959554339622636e-05,0.012473302393682804,0.015063271884105283,42
1,0.003842877022237145,0.0009411140276337339,0.0019892949465618475,0.0016164789492239386,162
2,0.004241881801024271,0.00017334847033360432,0.0020505440688921082,0.0018052168290652697,121
3,0.0,0.0,0.0,0.0,0
4,0.0,0.0,0.0,0.0,0
