,max,min,avg,median,count
0,0.008894992488914722,0.00159304203586082,0.004996254020074866,0.005481829456624616,45
1,0.0051337635348413365,0.0003896075227078987,0.002428540922341485,0.0012197282342139278,83
2,0.000917148568143949,0.0005042743238081518,0.0007188076843619273,0.0007215574214905806,200
3,0.0647654294809886,0.030460312175428605,0.04590672362072227,0.04249442920574961,3
4,0.0,0.0,0.0,0.0,0
