,max,min,avg,median,count
0,0.018514041147443698,0.007077133285746071,0.01344835988935845,0.014128525926727215,23
1,0.002908772403447736,0.0008730847920270656,0.001911532253479407,0.002164676520990759,55
2,0.0007742665471950677,0.0001745795406332849,0.00047895323679396796,0.0005119818169458015,251
3,0.03725464640081508,0.024189287058078646,0.03072196672944686,0.03072196672944686,2
4,0.0,0.0,0.0,0.0,0
