,max,min,avg,median,count
0,0.012899901794164533,0.0006296037771665881,0.008412019440861222,0.009818042862137399,26
1,0.00797629268488848,0.003186356543184342,0.005884214543120689,0.006003879117390185,46
2,0.0009708970050676734,0.0004622818149039241,0.000819010237226692,0.0009527391689591149,146
3,0.0,0.0,0.0,0.0,0
4,0.0,0.0,0.0,0.0,0
