,max,min,avg,median,count
0,0.011065195393095396,0.0013449505815878195,0.004509417089193753,0.0027099019493319857,24
1,0.0028339030000293073,0.0010671756991101804,0.001686487463683958,0.0011565967967672613,58
2,0.002645844379499811,6.691813950483668e-05,0.001601781010956176,0.0019001143472973919,105
3,0.0,0.0,0.0,0.0,0
4,0.0,0.0,0.0,0.0,0
