,max,min,avg,median,count
0,0.005575024173132248,6.221799406538081e-05,0.002798633274100842,0.0020410024670358385,36
1,0.005035633179662803,0.0006098260147098278,0.002903001094444903,0.0026641840384011906,72
2,0.0017567098669637278,0.0009131917082958183,0.0013340136544638774,0.0014540583381284775,160
3,0.0,0.0,0.0,0.0,0
4,0.0,0.0,0.0,0.0,0
