,max,min,avg,median,count
0,0.014270216650996275,0.007105199154062696,0.01034508037008983,0.010217024869586724,22
1,0.001356008343855485,2.6813409888148595e-05,0.0008682567860006131,0.0009490777122219891,41
2,0.0023619353849491367,0.00038043816242343975,0.0010788013113552293,0.0007762190528803603,150
3,0.0,0.0,0.0,0.0,0
4,0.0,0.0,0.0,0.0,0
