,max,min,avg,median,count
0,0.01870006403357332,0.0006367678704509922,0.011213179972954818,0.011917621972981959,41
1,0.008089586961423529,0.0005044242970539995,0.004497049187969708,0.004431292320974298,80
2,0.0020106474291241073,6.691813950483668e-05,0.0011854116177521877,0.0012193923981851725,213
3,0.0,0.0,0.0,0.0,0
4,0.0,0.0,0.0,0.0,0
