,max,min,avg,median,count
0,0.00860704295116082,0.00024922721298982286,0.005549799348556844,0.006796831519730858,20
1,0.004334305962713835,0.0008043415528748315,0.002322095868073687,0.0019280646965836139,50
2,0.000714746408734814,0.0005523243490945467,0.0006527611331104025,0.0006501777664146254,196
3,0.0,0.0,0.0,0.0,0
4,0.0,0.0,0.0,0.0,0
