,max,min,avg,median,count
0,0.007830946303576404,0.0006677040959259043,0.004729731227550211,0.005944436172576399,32
1,0.001574804185128699,0.0002842219934974941,0.0010612745503854693,0.0012975825295102495,136
2,0.012654395257805486,0.0015688877774667207,0.008533214046306279,0.010850188458104228,32
3,0.0,0.0,0.0,0.0,0
4,0.0,0.0,0.0,0.0,0
