,max,min,avg,median,count
0,0.0027099019493319857,0.0018080616291490804,0.002173133259556021,0.0019615015962325894,44
1,0.0019387234888379621,0.00025766588531432404,0.0012196467062552713,0.0016090141797325203,190
2,0.003634755969012543,0.00042924403318177944,0.0019368909323192799,0.002420910244675328,101
3,0.0,0.0,0.0,0.0,0
4,0.0,0.0,0.0,0.0,0
