,max,min,avg,median,count
0,0.009321863785231208,0.0008882860072262986,0.003458861961494153,0.0024849390126094697,17
1,0.007077462110586972,0.000491172217353997,0.00447311449733807,0.00452657006215729,42
2,0.0024122195331157206,6.393580472779547e-05,0.001105201059041014,0.0006357230063463361,154
3,0.0,0.0,0.0,0.0,0
4,0.0,0.0,0.0,0.0,0
