,max,min,avg,median,count
0,0.01141891931288666,9.643592438468201e-05,0.005834630123499622,0.007705760839966584,48
1,0.006020314124302582,0.001071666813716643,0.0032912656282530874,0.002748673748785572,91
2,0.005318431414948405,0.003667859649223803,0.004669985989717554,0.004903181300405189,189
3,0.0,0.0,0.0,0.0,0
4,0.0,0.0,0.0,0.0,0
