,max,min,avg,median,count
0,0.007936759601632502,0.001008758028325992,0.004047803088349897,0.004005323216590132,40
1,0.008004405388222531,0.0038355497633482958,0.005832968707893902,0.006214312005679041,74
2,0.0034341364063105854,0.0002913562479213983,0.0019771075362560384,0.002207162208861807,197
3,0.0,0.0,0.0,0.0,0
4,0.0,0.0,0.0,0.0,0
