,max,min,avg,median,count
0,0.019418807296148557,2.384005762770501e-05,0.010245002987384644,0.015018227399533382,34
1,0.008338765423157552,0.0023673358694994225,0.006039600451489061,0.006991602135550531,58
2,0.0040314399856676755,0.0014853623046999975,0.0029419281973173156,0.0033272859289023154,124
3,0.07101229338075982,0.010405155702409474,0.04070872454158465,0.04070872454158465,2
4,0.0,0.0,0.0,0.0,0
