,max,min,avg,median,count
0,0.014459289033842316,0.004329328544443864,0.010794579866826472,0.0120934870398551,31
1,0.010764743904345767,0.0031055946120185033,0.008218009233288685,0.00995253323300452,62
2,0.002270700482768869,0.00014057886139976357,0.001388219738542213,0.0016911885155619826,244
3,0.0,0.0,0.0,0.0,0
4,0.0,0.0,0.0,0.0,0
