,max,min,avg,median,count
0,0.010370137296685289,0.002235707347730717,0.006112123237283011,0.005630392553055019,27
1,0.0014564915158856594,0.00011186593255046132,0.0006948429983654142,0.00041133916094620107,79
2,0.0011170531406574588,0.0005958006935337763,0.000908836310600809,0.0009823392852303786,232
3,0.0,0.0,0.0,0.0,0
4,0.0,0.0,0.0,0.0,0
