,max,min,avg,median,count
0,0.016496991527737235,0.0030144455880699076,0.010053219746956304,0.008801173784353933,29
1,0.0017121135808228702,0.00016470563494813323,0.0008517104105405078,0.0007480158407848392,92
2,0.0023455555876908947,0.0007634464697200909,0.0015916906199776627,0.001478754724069298,198
3,0.0,0.0,0.0,0.0,0
4,0.0,0.0,0.0,0.0,0
