,max,min,avg,median,count
0,0.01569814981605706,0.0021633817532432076,0.008500145746641022,0.008925195929798076,16
1,0.003991547454167727,0.0012491098810508158,0.002058125447872325,0.0017118266813680636,71
2,0.0029234742719589373,0.00045355106733700995,0.0016998830061278481,0.0017866642206740974,103
3,0.0,0.0,0.0,0.0,0
4,0.0,0.0,0.0,0.0,0
