,max,min,avg,median,count
0,0.00867320525481661,0.0013713859244487265,0.005588333414091056,0.005462503460393706,30
1,0.0030580117467116034,0.0005136475621448411,0.001561462947644351,0.001428173951327828,103
2,0.005364989665321974,0.0024714541356364098,0.0037332088737150556,0.002903885894190809,55
3,0.0,0.0,0.0,0.0,0
4,0.0,0.0,0.0,0.0,0
