,max,min,avg,median,count
0,0.01610395594896757,0.0009955171186036564,0.00652379969457417,0.0036478865187125524,9
1,0.00905952432136846,0.0013712028965523317,0.00509350643580307,0.004526974997516539,26
2,0.0005637239247480947,5.132334012206274e-05,0.0002570442844578327,0.00027685881096149793,214
3,0.08869635285315991,0.003374588301684853,0.05098527277541085,0.05507226950491486,5
4,0.0,0.0,0.0,0.0,0
