,max,min,avg,median,count
0,0.01736095140780921,0.0028463467252444062,0.011079346339669494,0.013003340657569043,19
1,0.004334217236410736,0.00044830463404749865,0.00191505651589251,0.0015889386833459818,51
2,0.0023694501025505327,0.000848805054276612,0.0016106651868713184,0.001449558247274087,120
3,0.0,0.0,0.0,0.0,0
4,0.0,0.0,0.0,0.0,0
