,max,min,avg,median,count
0,0.013083715496553822,4.652016077491893e-05,0.0067220510693435905,0.009719184577511544,25
1,0.002259989275368144,5.217253905606757e-05,0.0008960050352152426,0.0009173829415665426,128
2,0.0028211934794376663,0.0017601022618949469,0.0023458347440684464,0.002640648145535684,43
3,0.0,0.0,0.0,0.0,0
4,0.0,0.0,0.0,0.0,0
