,max,min,avg,median,count
0,0.0028304137747346947,1.9994982781371148e-05,0.0019911156494914926,0.0025048452316761066,33
1,0.0035230736978240063,0.0009231719694801817,0.002723744390683684,0.0028371949289233227,77
2,0.0023635052562144326,0.0004260230375743437,0.0013899699417838332,0.0014615124996858275,129
3,0.0,0.0,0.0,0.0,0
4,0.0,0.0,0.0,0.0,0
