,max,min,avg,median,count
0,0.010410466268928538,0.0005678240665080329,0.004731956892245296,0.0023311015767306545,17
1,0.004439646904845555,0.0013238520121014866,0.0031026027961404403,0.003891495949236134,59
2,0.003380691854188503,0.00010778828268490389,0.0018890213562845557,0.0017803876890891673,123
3,0.043825850472412414,0.004731630594045347,0.023181072669187164,0.02098573694110374,3
4,0.0,0.0,0.0,0.0,0
