,max,min,avg,median,count
0,0.007381810781783216,0.002267750295479815,0.005117373670706691,0.005734916509535438,35
1,0.004572837180184952,0.0015407012231162622,0.0026781349925119,0.0019510766860796613,85
2,0.006030526366990055,0.002134427013281018,0.00335825536676619,0.00235615286339865,120
3,0.0,0.0,0.0,0.0,0
4,0.0,0.0,0.0,0.0,0
