,max,min,avg,median,count
0,0.008281756736393427,0.0008882860072262986,0.003651227382075546,0.003566467574305179,34
1,0.003189713241598959,9.956740536442901e-05,0.0018881266857936102,0.002268512966900443,179
2,0.007002456982892434,0.0003172796099988191,0.002132245005619122,0.0006709943959517636,133
3,0.0,0.0,0.0,0.0,0
4,0.0,0.0,0.0,0.0,0
