,max,min,avg,median,count
0,0.13910477994924517,0.028192331054800783,0.07302503480020535,0.06753541540396138,7
1,0.003818861700044822,0.0009147497847689623,0.002404549849317167,0.0020323821693986736,77
2,0.0015103038530967345,0.0006753437493188954,0.0009776776361634346,0.0008592397152599484,139
3,0.013011731164327241,0.0023729009975210135,0.0067889648395877316,0.0050516452968969346,29
4,0.0,0.0,0.0,0.0,0
