,max,min,avg,median,count
0,0.005667391258223885,0.00012547593322382024,0.0031890962572248315,0.003168314881802179,47
1,0.0017986878191704047,0.00021806868484127977,0.001070483438537702,0.0011134784285718902,117
2,0.01480059131182187,9.608036976054827e-05,0.0033809692397803225,0.0007531609682641031,181
3,0.08086062112970131,0.03760191085872055,0.05923126599421093,0.05923126599421093,2
4,0.0,0.0,0.0,0.0,0
