,max,min,avg,median,count
0,0.0154950418481644,0.0060099981135251605,0.010864078132949628,0.011234603158657819,44
1,0.0025663739383449016,0.0008714066255077499,0.0016491727170879055,0.0013475259811542338,80
2,0.004066666357841041,0.0009519772591700746,0.002531006431927752,0.003090856977031682,224
3,0.0,0.0,0.0,0.0,0
4,0.0,0.0,0.0,0.0,0
