,max,min,avg,median,count
0,0.005459593100305078,0.00011021339683249339,0.0020090575019899213,0.0012240241260737506,33
1,0.0029837748611184823,0.0005646368713290352,0.001889555816248337,0.002259989275368144,190
2,0.0011384504403883333,0.0001323737551507112,0.0004807451523957511,0.0003998764923103055,122
3,0.0,0.0,0.0,0.0,0
4,0.0,0.0,0.0,0.0,0
