,max,min,avg,median,count
0,0.0599405154158445,0.017415767084001388,0.03233981031259602,0.026527777141282845,11
1,0.006235544173159579,0.0002782634586446535,0.0031690152948633706,0.003625187382433388,52
2,0.0008182971773418519,3.617183205556832e-07,0.0003091224534216574,7.985382063648106e-05,184
3,0.010158949806931996,0.001917783232547595,0.005387688491963074,0.00503895523003381,42
4,0.0,0.0,0.0,0.0,0
