,max,min,avg,median,count
0,0.02231109570569736,0.013176482617923204,0.019569195069463002,0.021076028536796767,42
1,0.0035562684169105022,0.0005648621476844549,0.0020827776766309874,0.0017121135808228702,73
2,0.003043313821940614,0.0008497737976448217,0.0015907835680887491,0.001465663458841118,194
3,0.0,0.0,0.0,0.0,0
4,0.0,0.0,0.0,0.0,0
