,max,min,avg,median,count
0,0.008136777730521362,0.0012276440675999753,0.003893140024386894,0.0022410416013837857,17
1,0.0043082987298454795,0.0006546213662340134,0.002070121930480344,0.0017079063607091903,52
2,0.0017653768453460422,0.00035339774697064065,0.001291087058834899,0.0015657351867046985,113
3,0.0,0.0,0.0,0.0,0
4,0.0,0.0,0.0,0.0,0
