,max,min,avg,median,count
0,0.007050629594904438,0.0006545737696790298,0.004044680249994265,0.003931369248394301,25
1,0.0027247689177838153,0.00010208337604309886,0.001552079478174653,0.00224188740508565,107
2,0.003518891789886344,0.00023550820050181166,0.0018746101284355984,0.002126877372258634,64
3,0.0,0.0,0.0,0.0,0
4,0.0,0.0,0.0,0.0,0
