,max,min,avg,median,count
0,0.038084758147741225,0.003607246426845855,0.018873667336874865,0.01811856293114668,41
1,0.003070535574844809,0.000441297187625795,0.0016274152536449114,0.0013178930219251155,213
2,0.0037558504500924787,0.00015129646707527774,0.0019074559401921483,0.0015969716305726186,95
3,0.0,0.0,0.0,0.0,0
4,0.0,0.0,0.0,0.0,0
