,max,min,avg,median,count
0,0.008667872061212053,0.0002804223309791361,0.005017876516902606,0.0069718767520780545,30
1,0.004920346705045637,0.0004241694226033807,0.0026221536321510428,0.0031874464886558662,63
2,0.0012358749449849148,2.421771492207854e-05,0.000527783060327675,0.00012899394035390286,94
3,0.02998500545155404,0.007202774892575404,0.018593890172064722,0.018593890172064722,2
4,0.0,0.0,0.0,0.0,0
