,max,min,avg,median,count
0,0.0015912790990924644,0.00021380623793774498,0.0008649427005469627,0.0007493424610766425,47
1,0.0023364492316332777,0.0012396826396164082,0.0018222155535462324,0.0017906148495012212,225
2,0.004318457438061901,0.0006616549712296921,0.0024159613084470183,0.001946405033389705,67
3,0.0,0.0,0.0,0.0,0
4,0.0,0.0,0.0,0.0,0
