,max,min,avg,median,count
0,0.0057855045253054115,0.0013335802546673415,0.0028215458535813405,0.002693625915483231,44
1,0.003896953345562397,0.0005920122566257171,0.0025049059580683312,0.0026547836088384714,82
2,0.0013752001629230663,0.0002699880236001465,0.0006836383596388761,0.0005140347282136122,227
3,0.0,0.0,0.0,0.0,0
4,0.0,0.0,0.0,0.0,0
