,max,min,avg,median,count
0,0.008212988590301493,0.0033923849388296113,0.0059584457554336685,0.005506209249020715,47
1,0.006740398417213459,4.37698651137417e-05,0.0035499909605520253,0.003928065744531115,228
2,0.0030997532426975285,0.0003196552050180578,0.0018125970004001291,0.0019455392824923414,75
3,0.0,0.0,0.0,0.0,0
4,0.0,0.0,0.0,0.0,0
