,max,min,avg,median,count
0,0.022816573064933156,0.0071953802325694545,0.014980669078108721,0.016336878065775502,21
1,0.0021971393625230696,0.0010228710043651693,0.0016491682295511636,0.0017323783444222855,84
2,0.003723683705832357,0.0013374708549089539,0.0028191269651510428,0.003119777174414308,73
3,0.0,0.0,0.0,0.0,0
4,0.0,0.0,0.0,0.0,0
