,max,min,avg,median,count
0,0.011620927439342729,0.003093367859165517,0.008542577076753008,0.008894255635431256,35
1,0.002079794382811239,0.0004411271517729495,0.00123681875056166,0.001262194508626041,148
2,0.008591082838047282,0.0008883077598973256,0.004328263943908342,0.005219781198020425,63
3,0.0,0.0,0.0,0.0,0
4,0.0,0.0,0.0,0.0,0
