,max,min,avg,median,count
0,0.022600680307291482,0.0062661129970540295,0.015049867773541526,0.017588725859678838,14
1,0.0016115766554842944,0.0009549610406504,0.00135533731869576,0.0014857339377128275,138
2,0.005070654247584619,0.00042500803684767513,0.002882406369053454,0.002505928852729659,77
3,0.0,0.0,0.0,0.0,0
4,0.0,0.0,0.0,0.0,0
