,max,min,avg,median,count
0,0.019297914463555166,0.008760002659157102,0.014746627976481205,0.01718760533176728,10
1,0.025153339941222083,0.004862550209966328,0.015378561362428125,0.017234943851082336,6
2,0.0026700297444120524,0.00022406914398037536,0.0019839455826896873,0.0025306486349641307,179
3,0.0,0.0,0.0,0.0,0
4,0.0,0.0,0.0,0.0,0
