,max,min,avg,median,count
0,0.014546262519725113,0.002721132439358878,0.007852410434870494,0.00811465631701127,25
1,0.0019877679863352505,0.0001250462927566448,0.0012275761046607963,0.001715552084604052,94
2,0.0041685080667405484,0.0008083296182592034,0.001970660058469003,0.001734371675509746,103
3,0.0,0.0,0.0,0.0,0
4,0.0,0.0,0.0,0.0,0
