,max,min,avg,median,count
0,0.011243395202363289,0.0028310352212849547,0.007971714130264419,0.009335258213808503,27
1,0.003174712222965456,0.0018791846192893669,0.0026376631771012423,0.0027247689177838153,84
2,0.0027551694049698008,0.0005433473923517136,0.0015580715953866162,0.0014108649285545995,244
3,0.0,0.0,0.0,0.0,0
4,0.0,0.0,0.0,0.0,0
