,max,min,avg,median,count
0,0.0037965846012958486,0.001101402612558721,0.002883377041019313,0.0031222272116826727,37
1,0.0038362373295899475,0.002255514738804208,0.0029520386544763396,0.0025280856622641227,77
2,0.0015883432459982702,0.00010406405796718811,0.00100913498828002,0.0011662861547983216,156
3,0.0,0.0,0.0,0.0,0
4,0.0,0.0,0.0,0.0,0
