,max,min,avg,median,count
0,0.009103803122465143,0.00043006784873332647,0.004934100974067297,0.005712146696846977,23
1,0.0020282251121521884,4.61291020670063e-05,0.000953076441193693,0.000658502002192844,113
2,0.006247254769301724,0.001283631154869147,0.0043395834786753825,0.005821328810995817,38
3,0.0,0.0,0.0,0.0,0
4,0.0,0.0,0.0,0.0,0
