,max,min,avg,median,count
0,0.011132205541944802,0.001670211307273758,0.006870684246978971,0.006468073268557905,48
1,0.005809407260445017,0.0016090141797325203,0.0035774016988593033,0.003645978830855167,131
2,0.007015929431026044,0.0008615469246305038,0.0027959961367320435,0.0022853041086369234,179
3,0.015516903883775135,0.015516903883775135,0.015516903883775135,0.015516903883775135,1
4,0.0,0.0,0.0,0.0,0
