,max,min,avg,median,count
0,0.021437197995584693,0.00033387611947351906,0.010890140422065753,0.010394497738048557,39
1,0.010390180255718995,0.0008020059308819368,0.00595782384764805,0.005996897543523081,68
2,0.003999528438863908,0.000402868544253834,0.002194500060477699,0.002653844696867337,247
3,0.0,0.0,0.0,0.0,0
4,0.0,0.0,0.0,0.0,0
