,max,min,avg,median,count
0,0.011981660604333982,0.004471104448811009,0.009024906928623623,0.010438977974461323,18
1,0.002347162537464852,0.0006912049852201552,0.00147202800218654,0.001304433527012124,139
2,0.0038027374817712657,0.0019462217543032428,0.003087436814599426,0.0031133580854273554,35
3,0.0,0.0,0.0,0.0,0
4,0.0,0.0,0.0,0.0,0
