,max,min,avg,median,count
0,0.014390889022390961,0.0010565972727823256,0.005715943634224949,0.0016677703366545012,17
1,0.0018974142573207524,0.0003566750374156902,0.0010623144168818333,0.0010582661057664882,72
2,0.001052532733685714,2.5587416229108984e-05,0.0005502191691751486,0.0005073908853296442,103
3,0.0,0.0,0.0,0.0,0
4,0.0,0.0,0.0,0.0,0
