,max,min,avg,median,count
0,0.00544018311349218,9.392653321183804e-05,0.0022726607949722435,0.0014540665186533568,20
1,0.0018530228141626496,0.0006830483750163121,0.001383423398658244,0.0015642979185041142,109
2,0.004037507238655666,0.002419230975253293,0.003409199371791524,0.003530171985182188,47
3,0.0,0.0,0.0,0.0,0
4,0.0,0.0,0.0,0.0,0
