,max,min,avg,median,count
0,0.016461241369583438,0.0014988849382545288,0.007061788099993843,0.005506782967251727,40
1,0.0031143345125458593,0.00013530711124766373,0.001178845208914194,0.00044798079701250146,108
2,0.0032539376222466203,0.0003792430882935521,0.0017083518536640454,0.001930767523594917,211
3,0.0,0.0,0.0,0.0,0
4,0.0,0.0,0.0,0.0,0
