,max,min,avg,median,count
0,0.030506576354764423,0.006845323205742872,0.017511525707619425,0.017135141070572575,7
1,0.027820654865409467,0.0032855311008047495,0.017178881870891467,0.01893222923096101,12
2,0.002405437706934386,0.000375423458169066,0.0014224027410301957,0.001304503141411659,183
3,0.004246044347552862,0.0007907416539351298,0.0026783195117022077,0.002861209229721892,48
4,0.0,0.0,0.0,0.0,0
