,max,min,avg,median,count
0,0.007560976808577749,0.0012545879129842793,0.004154094229222536,0.004538998670164374,47
1,0.008723264170325384,0.00046688086571046645,0.0045943152110903525,0.005046433577120095,75
2,0.001820941876337861,0.0006376470302713461,0.0013112420500835573,0.0012821075888632153,216
3,0.0,0.0,0.0,0.0,0
4,0.0,0.0,0.0,0.0,0
