,max,min,avg,median,count
0,0.013858713192055618,0.006782237059690189,0.01035637407559271,0.010784173188357903,49
1,0.012562289114716735,0.0004620781404235432,0.008326104105367669,0.009518930963675894,74
2,0.0039863522611084355,0.000353695368830648,0.0023204448776402683,0.0025512613101491325,185
3,0.039672163990072166,0.021788869315133363,0.03214085987772197,0.03402870053558742,10
4,0.0,0.0,0.0,0.0,0
