,max,min,avg,median,count
0,0.005539205213454477,0.002624901539763209,0.004278127102516758,0.0052213971338144404,28
1,0.006038230030606747,0.001368966481333871,0.003258482254995658,0.002775811083032848,77
2,0.007405119555701968,0.001479476751367457,0.004048046053212144,0.004055768604238613,82
3,0.0,0.0,0.0,0.0,0
4,0.0,0.0,0.0,0.0,0
