,max,min,avg,median,count
0,0.0037200480490740162,0.0011041296989321707,0.0022014953532470153,0.0020686112248889206,43
1,0.004635479429765374,0.00018361828548642134,0.0017051165289708472,0.0012980130703598891,138
2,0.003510913009556354,0.0005863852973530513,0.0018415232216101936,0.001052532733685714,176
3,0.0,0.0,0.0,0.0,0
4,0.0,0.0,0.0,0.0,0
