,max,min,avg,median,count
0,0.010285725542484346,0.0040606143654153565,0.006470782600843798,0.005882622218292571,23
1,0.004484767352786096,0.0007442563999559654,0.002027233808126461,0.0017062100130724558,51
2,0.0030524966622740676,1.5262000335908748e-05,0.0014858966528458676,0.0017832685786209393,99
3,0.0,0.0,0.0,0.0,0
4,0.0,0.0,0.0,0.0,0
