,max,min,avg,median,count
0,0.015168860126494862,0.00898741505238291,0.011936870557126975,0.011728193069211293,45
1,0.01382929236429043,0.0013497673933568675,0.0077147633833465745,0.006299266687925324,63
2,0.0024369263074232495,0.0007970043292161402,0.0016702193538395125,0.0020189385931084366,167
3,0.05044523983228878,0.0022114900857310047,0.030815450724949144,0.03574572566713416,9
4,0.0,0.0,0.0,0.0,0
