,max,min,avg,median,count
0,0.006162091624230878,4.2197914071282264e-05,0.0037381417648303973,0.005818816208897305,51
1,0.0020056398197973967,0.0003553192298193311,0.0012293110503999425,0.0010113777172775233,203
2,0.0011705334737996933,0.0004400555028146413,0.0008344187089859994,0.000822162899978792,109
3,0.08311185673386985,0.08311185673386985,0.08311185673386985,0.08311185673386985,1
4,0.0,0.0,0.0,0.0,0
