,max,min,avg,median,count
0,0.012888981558593075,0.0014455032597032306,0.008000674430215376,0.011509166410580838,43
1,0.006036214691156639,0.002031976985060606,0.004387171297109187,0.004604788284187786,81
2,0.002744306901318428,0.0015966600261396009,0.0020763197643216117,0.0019490989036135369,177
3,0.0,0.0,0.0,0.0,0
4,0.0,0.0,0.0,0.0,0
