,max,min,avg,median,count
0,0.006860793626139359,0.002106426775832824,0.004304780803238749,0.004704655606878109,27
1,0.005343799424879665,0.0002462940269058692,0.0026281897710282234,0.0024231011384457427,55
2,0.001742380096283956,0.00012875819921927503,0.0008993946155424953,0.0005118879348315706,110
3,0.0,0.0,0.0,0.0,0
4,0.0,0.0,0.0,0.0,0
