,max,min,avg,median,count
0,0.020278616677981948,0.01019858427727663,0.015430779812749526,0.01770317719016409,19
1,0.004267081000316849,0.00046135698505812085,0.002848878416471995,0.0032357540857723367,62
2,0.004658003528062812,0.0013266489393158891,0.0029729601416878942,0.002707031683810243,94
3,0.0,0.0,0.0,0.0,0
4,0.0,0.0,0.0,0.0,0
