,max,min,avg,median,count
0,0.023013596238836285,0.0017300662799543786,0.01768825285437478,0.021050783255984612,30
1,0.006773433704950729,0.0019200781540457828,0.004588284413191537,0.004882039705358692,149
2,0.0023908679232667387,0.00048248154248406385,0.001535250377779691,0.0017682691208507461,181
3,0.0,0.0,0.0,0.0,0
4,0.0,0.0,0.0,0.0,0
