,max,min,avg,median,count
0,0.010449652721156926,0.0013507613712933143,0.005783092019395911,0.005050398727356473,29
1,0.004188118032838227,0.0016643636443708116,0.003400525119774486,0.0036582367910058637,138
2,0.017157931989587264,0.007492331386841371,0.011221510762516596,0.010364423056958293,18
3,0.0,0.0,0.0,0.0,0
4,0.0,0.0,0.0,0.0,0
