,max,min,avg,median,count
0,0.02027680406638292,0.0023975038639150767,0.008463834855710806,0.00726975336424068,28
1,0.003968922835799849,0.0010767842751845005,0.0025533151303327255,0.002450908061438427,55
2,0.003417509931437108,0.00015017160102436257,0.001763392438155708,0.0012682386070158019,108
3,0.10519045843138328,0.01268189563538919,0.04922683234682922,0.029808142973715195,3
4,0.0,0.0,0.0,0.0,0
