,max,min,avg,median,count
0,0.009182951058411043,0.0022799162653129204,0.006255754691743856,0.007988234774504563,31
1,0.0032783937545743224,0.0011001586941265778,0.002114163034772973,0.0019222215339932103,65
2,0.0028304189648494255,8.843990305653119e-05,0.0016457438836276505,0.0013464437585397364,138
3,0.0,0.0,0.0,0.0,0
4,0.0,0.0,0.0,0.0,0
