,max,min,avg,median,count
0,0.008997596648941756,0.0058060650276989915,0.00783302356698312,0.00811465631701127,26
1,0.0018246863171441073,0.0004792654790049591,0.0010888225548374212,0.0011141716353308276,109
2,0.007270184410118429,0.002727573766061626,0.005457365303454239,0.005540720408913383,88
3,0.0,0.0,0.0,0.0,0
4,0.0,0.0,0.0,0.0,0
