,max,min,avg,median,count
0,0.012693530318047156,0.00033219328691942186,0.005166677519029985,0.0023354410430264996,26
1,0.005639881500678576,0.0006904878746762091,0.0032882981749592687,0.004256063629737984,48
2,0.0034967743224600255,0.0006891532068579923,0.0020660568792727632,0.0016605695205722851,103
3,0.0,0.0,0.0,0.0,0
4,0.0,0.0,0.0,0.0,0
