,max,min,avg,median,count
0,0.014056169446886356,0.003515923783402173,0.00845858552662236,0.008552827880294264,37
1,0.002452159833998378,6.399413453661633e-05,0.001842933845527232,0.002288996101072449,98
2,0.00365970955391639,0.00020991261035913352,0.001789805587943516,0.0013804129401024927,130
3,0.0,0.0,0.0,0.0,0
4,0.0,0.0,0.0,0.0,0
