,max,min,avg,median,count
0,0.010196993664181806,0.0007005059496151111,0.0062288190364702565,0.006208705874047771,17
1,0.0012291416415898938,0.000659617460002631,0.0009539185656448167,0.0009129780463641421,69
2,0.005446098136510234,0.00020888937324745226,0.0029232176720463076,0.003294992476673797,95
3,0.0,0.0,0.0,0.0,0
4,0.0,0.0,0.0,0.0,0
