,max,min,avg,median,count
0,0.01601511843306492,0.002971568207548707,0.010358001455100064,0.010336054923429486,33
1,0.0024748513650948304,0.000123395530066751,0.0012193654781950485,0.0014276931737813438,79
2,0.004257037878057457,0.0015728887081594368,0.0029900973764738843,0.003161476936968238,132
3,0.0,0.0,0.0,0.0,0
4,0.0,0.0,0.0,0.0,0
