,max,min,avg,median,count
0,0.01822498412262216,0.002148566501161046,0.01037698002837192,0.011151081459805295,22
1,0.0021404861009998058,0.00018439178953040717,0.0013535089356330736,0.0014095336599358721,63
2,0.003218935621518704,0.0003386261278131852,0.002252870392108253,0.002597957138318692,85
3,0.0,0.0,0.0,0.0,0
4,0.0,0.0,0.0,0.0,0
