,max,min,avg,median,count
0,0.02015431317476545,0.007562160139157737,0.012831732051301895,0.01126077564523256,18
1,0.0017959764332576196,0.00021606447582866542,0.0009028558122102232,0.0006805573315510233,91
2,0.0023124842428055435,3.028399671936892e-05,0.0009224983165012329,0.0008248080939251782,81
3,0.0,0.0,0.0,0.0,0
4,0.0,0.0,0.0,0.0,0
