,max,min,avg,median,count
0,0.005844370845313346,0.0010362649181458019,0.00408316742989992,0.00561827235724808,50
1,0.0024450551546148923,0.0007295931529698887,0.0017557466605977394,0.002020177161233296,167
2,0.00771976952538812,0.00092121631769867,0.004471946128002048,0.004986267304460302,152
3,0.0,0.0,0.0,0.0,0
4,0.0,0.0,0.0,0.0,0
