,max,min,avg,median,count
0,0.023424179418574664,0.002435927455775158,0.017042081342124253,0.02162760912617409,23
1,0.0066664419977695505,0.0004339550079508733,0.003907386101126758,0.0041919383238925596,79
2,0.0015465824089699457,5.132334012206274e-05,0.0009165951010160423,0.0013465605991428106,226
3,0.05567781404775277,0.05567781404775277,0.05567781404775277,0.05567781404775277,1
4,0.0,0.0,0.0,0.0,0
