,max,min,avg,median,count
0,0.011998379387504874,0.0005025269310369898,0.006384127496993776,0.008281101785022777,22
1,0.00216640836663253,7.042303029425526e-05,0.0015241970867816573,0.001736398816011321,86
2,0.0017292592608534538,0.00031420775772795297,0.0010609969965489682,0.0011625207858534869,152
3,0.0,0.0,0.0,0.0,0
4,0.0,0.0,0.0,0.0,0
