,max,min,avg,median,count
0,0.013421098255587105,0.003993291773523799,0.0065898150002487695,0.004909846299471378,16
1,0.009416126272524224,0.0004722301171298768,0.003870855711226656,0.0020750302816718363,40
2,0.0030721413695504298,4.554851888531663e-06,0.002095044996272432,0.002347348577391291,131
3,0.0,0.0,0.0,0.0,0
4,0.0,0.0,0.0,0.0,0
