,max,min,avg,median,count
0,0.01210663844932616,0.0003572267615474234,0.008849744959374895,0.010546767166433288,48
1,0.0038683787124386194,0.0005646368713290352,0.0016877495018533827,0.0010507353081788276,94
2,0.0023018216789508546,0.0007067656337555621,0.001430044215017269,0.0010474416092061745,227
3,0.03497531403002366,0.0013849332947796077,0.01834715646738206,0.018514189272362487,4
4,0.0,0.0,0.0,0.0,0
