,max,min,avg,median,count
0,0.007822180590374104,0.002484095619250003,0.004989152366857173,0.004053300071212312,21
1,0.006659892422785786,0.0020300006939884927,0.003843035517102307,0.0027628527271835427,48
2,0.002801189743589006,0.0009635078995956537,0.001796497264878095,0.0020500279274657898,95
3,0.0,0.0,0.0,0.0,0
4,0.0,0.0,0.0,0.0,0
