,max,min,avg,median,count
0,0.01919243997557607,0.006208641734687419,0.01309850001928739,0.01134241780265595,21
1,0.002525310948807572,0.0006681890616328673,0.0017606602304308908,0.002072099482413031,47
2,0.003002839335583912,0.0007846081653128853,0.0015599002935424492,0.0008464040363679742,102
3,0.0,0.0,0.0,0.0,0
4,0.0,0.0,0.0,0.0,0
