,max,min,avg,median,count
0,0.016444903777296276,0.005466373095423876,0.01080531557502444,0.010310179582434147,24
1,0.00434599294227047,0.0022593407686748845,0.003392831140333873,0.0032557959419315867,81
2,0.006205568232711147,0.0001300353983635371,0.0037970309390238815,0.005354054912118829,95
3,0.0,0.0,0.0,0.0,0
4,0.0,0.0,0.0,0.0,0
