,max,min,avg,median,count
0,0.009459278042634548,0.00021624014155998555,0.005799405432676731,0.007155368632915572,45
1,0.00345324954381833,0.0009549610406504,0.0020930805378973107,0.0021085221464795323,145
2,0.0026215848069393076,9.95119793181808e-05,0.0014963268118485715,0.0017530739147908832,183
3,0.0,0.0,0.0,0.0,0
4,0.0,0.0,0.0,0.0,0
