,max,min,avg,median,count
0,0.004213026634337602,0.00019560578705383628,0.0018098493818148522,0.0020018935282370173,41
1,0.009389832522947414,0.002347656285746807,0.006172300047184505,0.007958247794811526,59
2,0.002881552053564211,0.0003147777950315762,0.0017083724515883122,0.002141244030248852,156
3,0.06888754767414715,0.0026836298470790197,0.04073486692091859,0.0497309425033948,8
4,0.0,0.0,0.0,0.0,0
