,max,min,avg,median,count
0,0.006916726463367839,0.0027585400599915502,0.005557697046276099,0.0059166547320682215,24
1,0.005163413249395876,0.0005124884349940646,0.0027073378401553804,0.002810428481668625,74
2,0.0031642765443407887,0.00048746908496577284,0.002295047986297609,0.0027778161193039307,93
3,0.017584198016466986,0.017584198016466986,0.017584198016466986,0.017584198016466986,1
4,0.0,0.0,0.0,0.0,0
