,max,min,avg,median,count
0,0.02742797109240036,0.004810671730370511,0.01627044392939911,0.0153396881444339,24
1,0.003439309691248257,0.00028050639882199553,0.001793442030747401,0.0013323488206022308,235
2,0.004541304106820987,0.002006473661389528,0.003637040964445071,0.0038432337195010297,117
3,0.0348295134086809,0.0348295134086809,0.0348295134086809,0.0348295134086809,1
4,0.0,0.0,0.0,0.0,0
