,max,min,avg,median,count
0,0.00591318526800445,0.0013356798445283919,0.0037299376863085933,0.0035585598310913374,57
1,0.004181081095468118,0.00021606447582866542,0.002272595800351796,0.002507510596162063,175
2,0.01785913884700515,0.002107954507920634,0.009025915968864439,0.008494872744884125,143
3,0.0,0.0,0.0,0.0,0
4,0.0,0.0,0.0,0.0,0
