,max,min,avg,median,count
0,0.009599651765278045,0.0009701212410821834,0.006088060397694118,0.0064795059442108605,18
1,0.0029136594647721763,0.0002382920023113893,0.001093842535667949,0.0007609655068640182,99
2,0.001876360530142334,0.00030278452725485057,0.0009603049635895586,0.0007553114864192175,89
3,0.0,0.0,0.0,0.0,0
4,0.0,0.0,0.0,0.0,0
