,max,min,avg,median,count
0,0.059366510321525554,0.008024579104589731,0.04218805211506227,0.04971686623860249,10
1,0.026150808987476827,0.0036115762785331987,0.01695466939748986,0.022102491782693648,16
2,0.001685849450915208,0.00021473629420422127,0.0008187696268749367,0.0006617035474717928,202
3,0.004333709731667652,0.000315205620057767,0.0025919045523863965,0.002760329075790969,47
4,0.0,0.0,0.0,0.0,0
