,max,min,avg,median,count
0,0.03663583930245769,0.004730825163864923,0.022900346877005505,0.030352165607245147,22
1,0.0027700213011810676,0.00030333693387101077,0.0014935121447572288,0.0013767835736230149,61
2,0.003744373305753415,0.0006211808513865466,0.0018571163050049703,0.0018660301081819416,128
3,0.06965101277052937,0.005898793890352315,0.03777490333044085,0.03777490333044085,2
4,0.0,0.0,0.0,0.0,0
