,max,min,avg,median,count
0,0.019747256749800733,0.006050636485278289,0.012336662427403,0.01433184721840619,17
1,0.0019875162562350843,4.465444228508492e-05,0.0007532311784839458,0.0005305983691655876,70
2,0.0018582442980064908,0.00010249050063506117,0.0010508360207331902,0.0010459844965709556,76
3,0.0,0.0,0.0,0.0,0
4,0.0,0.0,0.0,0.0,0
