,max,min,avg,median,count
0,0.011574220615743288,0.0014363558898187615,0.007243730023198497,0.007873210842121227,18
1,0.0035764113897034542,0.0015775259739062367,0.0025375717743269036,0.0026477709206763687,52
2,0.002758375534898025,7.606563150654054e-06,0.0009537864482558938,0.0005439520946930646,109
3,0.0,0.0,0.0,0.0,0
4,0.0,0.0,0.0,0.0,0
