,max,min,avg,median,count
0,0.012930900371200392,0.002881410398009487,0.009415129073809914,0.012019639446638579,25
1,0.007356771940170085,0.004273570485011704,0.005728444231396705,0.005802044855910922,47
2,0.0029510599819177084,0.0005576236300475766,0.0016194027706429956,0.0010860800741837333,114
3,0.0,0.0,0.0,0.0,0
4,0.0,0.0,0.0,0.0,0
