,max,min,avg,median,count
0,0.012609536551814477,0.0005256769566955824,0.005842440267926307,0.00292773367310701,32
1,0.003406306854317747,0.0008001182955236578,0.001942431407191876,0.0019219737998844718,88
2,0.004594038557243774,0.0007960497766253755,0.0032625365399684366,0.003743798359875355,116
3,0.0,0.0,0.0,0.0,0
4,0.0,0.0,0.0,0.0,0
