,max,min,avg,median,count
0,0.00463712543097348,0.001323082708894094,0.0033445111998611056,0.003993291773523799,41
1,0.0013269151643678571,0.00038579703612399383,0.0010042978513976962,0.0011752746298494595,220
2,0.0017135095001982819,0.00017766390334075002,0.0008953224928961436,0.0008615469246305038,122
3,0.0,0.0,0.0,0.0,0
4,0.0,0.0,0.0,0.0,0
