,max,min,avg,median,count
0,0.006718834154183053,0.001112653498657314,0.004222585180857129,0.005394681393125442,18
1,0.005258125904616784,0.0010860623280240735,0.0032492902971442187,0.002832734398793602,43
2,0.002137680456594007,0.0012590669799195334,0.0018598084573204967,0.001999824092555031,108
3,0.0,0.0,0.0,0.0,0
4,0.0,0.0,0.0,0.0,0
