,max,min,avg,median,count
0,0.01217372834256742,0.0007209578640122327,0.005901043243885254,0.0031082731286115836,21
1,0.008214970199219903,0.0010880937944646913,0.005213241840702693,0.00617902642897761,40
2,0.0029115865595536715,0.0005114549885734417,0.0017492827095706895,0.002066648391548066,120
3,0.0,0.0,0.0,0.0,0
4,0.0,0.0,0.0,0.0,0
