,max,min,avg,median,count
0,0.0058668294611325935,0.0017720198152610805,0.0032482560470706613,0.002757757561616491,41
1,0.0020529556860896035,0.0011010147998340057,0.001496314563677665,0.0012777250513579578,184
2,0.0024467488538680825,0.00023779254567005885,0.0015786039898838967,0.0017655690408087516,161
3,0.0,0.0,0.0,0.0,0
4,0.0,0.0,0.0,0.0,0
