,max,min,avg,median,count
0,0.01040574655368439,0.0038336630288972016,0.005764286268658004,0.004850727912926289,28
1,0.003068164410279345,0.0007969661864051105,0.0018866983701946235,0.0013978137394323577,96
2,0.0071706996985319,0.0010407593172290903,0.004547425640477562,0.004021248462392942,68
3,0.0,0.0,0.0,0.0,0
4,0.0,0.0,0.0,0.0,0
