,max,min,avg,median,count
0,0.021839118338223204,0.0022385744793385716,0.01674788743034513,0.02156235627324272,17
1,0.00792630015317685,0.003195935980069368,0.005684121701082834,0.0061145906237868326,65
2,0.004745752375451573,0.003180077025098463,0.0037321139064393034,0.0035926309139826355,88
3,0.0,0.0,0.0,0.0,0
4,0.0,0.0,0.0,0.0,0
