,max,min,avg,median,count
0,0.006804053008477257,0.00023025896695137244,0.003646346019313164,0.00456179446252077,18
1,0.001909634605271001,0.0003579299399462611,0.001367448649164908,0.0014250210002500464,95
2,0.002922036864309526,6.907314792464478e-05,0.0013703071515754558,0.0011581010515016846,55
3,0.0,0.0,0.0,0.0,0
4,0.0,0.0,0.0,0.0,0
