,max,min,avg,median,count
0,0.04870428614465054,0.012467172170646967,0.02986241432985095,0.021242537438155396,9
1,0.011804247083870479,0.0014287730017002948,0.007515590734223773,0.009717006583161098,41
2,0.002189157946196824,0.00010406405796718811,0.0011238327350788751,0.0011702964565621138,172
3,0.005719905935058173,2.9229291890431768e-05,0.0031771986611150464,0.0029726041587753425,28
4,0.0,0.0,0.0,0.0,0
