,max,min,avg,median,count
0,0.013606814777383064,0.0009921075410311714,0.0068606161912446685,0.0036303681713225804,26
1,0.004526162128901543,0.00043688496055994085,0.0021823188749770087,0.001659520311401353,60
2,0.005304930400936514,0.00015346363768503656,0.001914221419126227,0.0008116335655009385,92
3,0.0,0.0,0.0,0.0,0
4,0.0,0.0,0.0,0.0,0
