,max,min,avg,median,count
0,0.051114025598303775,0.001758045657771642,0.039770930056751,0.04818726401983328,11
1,0.031663691979893396,0.000123395530066751,0.01757550253019218,0.026758524291488596,41
2,0.0011392948093272893,7.194307410132303e-05,0.0006558784848415156,0.0008386351702741802,175
3,0.0,0.0,0.0,0.0,0
4,0.0,0.0,0.0,0.0,0
