,max,min,avg,median,count
0,0.037286499889426804,0.0017155547424135228,0.02222130238626812,0.020742417068235975,8
1,0.0038362373295899475,0.0018360127675495206,0.002848388054085536,0.0029077917885564505,73
2,0.005878204597910383,0.00031657923082717697,0.002237665721303894,0.0016041768637058652,144
3,0.03786413721687105,0.03786413721687105,0.03786413721687105,0.03786413721687105,1
4,0.0,0.0,0.0,0.0,0
