,max,min,avg,median,count
0,0.011559036235251017,0.00014913882071945184,0.005027642119208013,0.0025576116565215654,24
1,0.0033655757180126394,0.001098716769661337,0.0023845097788366973,0.002127542586736598,78
2,0.0036993825139283983,0.00022095490270436402,0.0016546513984390825,0.0011049770904329958,58
3,0.0,0.0,0.0,0.0,0
4,0.0,0.0,0.0,0.0,0
