,max,min,avg,median,count
0,0.007700582704297812,8.089505146093647e-07,0.0027743024533432433,0.002828192407492558,29
1,0.002951351982326384,0.00013853803254511489,0.0010723366094125039,0.0007675167715823114,106
2,0.004411097377124798,0.0003290253139505155,0.0026395973343082612,0.0027163458526969384,257
3,0.0,0.0,0.0,0.0,0
4,0.0,0.0,0.0,0.0,0
