,max,min,avg,median,count
0,0.01349079119021164,0.0007341376995770471,0.009166016048839742,0.011161576634838202,20
1,0.00734375648783824,0.00013260273483598728,0.004283887555861681,0.004632331502113247,40
2,0.0022828497050482698,3.231878208424464e-05,0.0010187177174400968,0.0003937968976063235,105
3,0.0,0.0,0.0,0.0,0
4,0.0,0.0,0.0,0.0,0
