,max,min,avg,median,count
0,0.02787626612624892,0.006472139150145263,0.015805463571630603,0.013023262611099403,37
1,0.003271641747308027,4.6632636677725044e-05,0.0015879603927301596,0.0014193518089752946,68
2,0.0025714866535414046,0.00145034751152226,0.00193868306292556,0.0016371508916696823,121
3,0.11095884939862938,0.0018735275739071406,0.05536643639390208,0.0658575373720652,6
4,0.0,0.0,0.0,0.0,0
