,max,min,avg,median,count
0,0.0038336630288972016,0.0001564420692093956,0.0019409684672113971,0.002168413060963185,49
1,0.00527032803805465,0.0011046672957167533,0.0034332265632878987,0.003511051776178461,94
2,0.003636324509889263,0.0010943024158660802,0.0025957986812404827,0.0030524966622740676,248
3,0.0,0.0,0.0,0.0,0
4,0.0,0.0,0.0,0.0,0
