,max,min,avg,median,count
0,0.025375724599423742,0.006122070340874247,0.014954555451010026,0.01375607298065352,36
1,0.009196009257636329,0.003977798811302894,0.006687512321209755,0.007675885634804465,127
2,0.012650386484550602,0.0007553114864192175,0.006113210753264088,0.004882785420596522,73
3,0.0,0.0,0.0,0.0,0
4,0.0,0.0,0.0,0.0,0
