,max,min,avg,median,count
0,0.010308513652419447,0.0012224264939960292,0.006469075731415979,0.007715580795793852,27
1,0.005199261937059618,6.72935258256819e-05,0.0035352718820859394,0.0038506194291504864,52
2,0.0028098797089034073,0.0009174676620951833,0.001803143043018782,0.001968352149611558,104
3,0.0,0.0,0.0,0.0,0
4,0.0,0.0,0.0,0.0,0
