,max,min,avg,median,count
0,0.006848341093187331,0.0006302998327217456,0.003928371586386708,0.004562590119781415,25
1,0.009649001188214242,0.001220320640774472,0.006596239499221728,0.0073684717927294755,75
2,0.0026579751570963675,0.00022479760543067851,0.0015539784081691891,0.001402416413552322,200
3,0.0,0.0,0.0,0.0,0
4,0.0,0.0,0.0,0.0,0
