,max,min,avg,median,count
0,0.005712146696846977,0.00208854570972631,0.0031832927695139525,0.002545615092466472,36
1,0.0032885517229327157,2.3816554003339433e-05,0.0015050057023796378,0.0009670486516301442,91
2,0.0015721585725331911,3.231878208424464e-05,0.0007722922478325745,0.0006226816363716936,122
3,0.0,0.0,0.0,0.0,0
4,0.0,0.0,0.0,0.0,0
