,max,min,avg,median,count
0,0.01277773970106807,0.003992468082032802,0.007919226651374685,0.008286656227502938,33
1,0.005977883008479311,0.0003791980086727861,0.0030113245299861558,0.0032591662669355067,59
2,0.004413271877295718,0.00048171220954596074,0.002346715066962036,0.002811193733669399,146
3,0.0,0.0,0.0,0.0,0
4,0.0,0.0,0.0,0.0,0
