,max,min,avg,median,count
0,0.006120519805761887,0.00043701426228213964,0.0030811523771016756,0.003126021118895887,40
1,0.006647528972412319,0.0005596323452023286,0.003925463252530693,0.005617415425828435,128
2,0.008853814519283555,0.0032006050446460347,0.006492014743741922,0.006909306364741626,66
3,0.0,0.0,0.0,0.0,0
4,0.0,0.0,0.0,0.0,0
