,max,min,avg,median,count
0,0.012392466653755404,0.006472139150145263,0.009425876935368241,0.010338779066293085,45
1,0.0030702098814338876,0.00021720183800821372,0.002171810504961529,0.0023231087958273154,114
2,0.005861154660981107,0.0020108277549311846,0.003785999539330988,0.004102709509846473,236
3,0.0,0.0,0.0,0.0,0
4,0.0,0.0,0.0,0.0,0
