,max,min,avg,median,count
0,0.04564273669341375,0.00852016794019888,0.031136457709181914,0.032510910120346126,6
1,0.006204273951967476,0.0021294855654317834,0.004370764474790601,0.004961878549520338,48
2,0.002836088443949787,0.00013752889697381943,0.0017249456210202507,0.002007190830314374,113
3,0.0,0.0,0.0,0.0,0
4,0.0,0.0,0.0,0.0,0
