,max,min,avg,median,count
0,0.01684681535879877,0.00238716407027664,0.007690270697029565,0.004259199569289794,20
1,0.0020907549733051567,1.7379878238546778e-05,0.0012855384918745566,0.0016873494518321226,96
2,0.001213660205132669,0.0002076868141558833,0.0005415049832924902,0.00037106167506410705,63
3,0.0,0.0,0.0,0.0,0
4,0.0,0.0,0.0,0.0,0
