,max,min,avg,median,count
0,0.029465327765268588,0.005494356514776743,0.01822434835461266,0.023377528366052575,16
1,0.0019460005698791801,0.0006811739410869708,0.0014890545973117895,0.0015602333749211088,104
2,0.004110944143767963,0.0004014147187983061,0.0027272533300782952,0.0032564296472398675,49
3,0.032128331277216274,0.012002685692579633,0.022065508484897953,0.022065508484897953,2
4,0.0,0.0,0.0,0.0,0
