,max,min,avg,median,count
0,0.014049322931088348,0.0006545737696790298,0.0074358482432857085,0.00915082595635877,55
1,0.004722537996993177,0.001348590571816485,0.0027034783502931322,0.0020328829304937027,246
2,0.0034637267265282125,0.0005794121634816832,0.0024724510397927226,0.0029984029075825194,97
3,0.0,0.0,0.0,0.0,0
4,0.0,0.0,0.0,0.0,0
