,max,min,avg,median,count
0,0.004089052491432586,0.002995272716096455,0.003490648705989311,0.003537731207147739,29
1,0.0008187106322347742,0.0002007552960531297,0.0005035829421087304,0.000441297187625795,182
2,0.0020606681146151454,0.0011064618973607755,0.0016031779544361795,0.0015595006597218578,189
3,0.0,0.0,0.0,0.0,0
4,0.0,0.0,0.0,0.0,0
