,max,min,avg,median,count
0,0.015381712863774174,0.0019387137175980091,0.010404640335433563,0.012126173595196238,16
1,0.018646537238671212,0.00043759436733366785,0.006983477188519662,0.0037180611536047053,28
2,0.0028570987693747663,7.66343663917912e-05,0.0015796611716836222,0.002065901526545349,111
3,0.018048690616110242,0.01533638706464722,0.01669253884037873,0.01669253884037873,2
4,0.0,0.0,0.0,0.0,0
