,max,min,avg,median,count
0,0.0010891568592986285,0.00029667362871915075,0.000737067652121893,0.0007020030944035439,41
1,0.004074604759422193,0.00038627512925440356,0.002748886632222269,0.003114490223683628,104
2,0.00704620137574087,0.0009124876281885107,0.003933507411066876,0.0038328752656214696,108
3,0.07361848440723309,0.03708309295086133,0.05535078867904721,0.05535078867904721,2
4,0.0,0.0,0.0,0.0,0
