,max,min,avg,median,count
0,0.006597284429091832,0.0001518294149125212,0.0043666516299141825,0.005674792186960382,38
1,0.0031351960469248284,0.0003547885718333709,0.0017316646726521113,0.002352740313280756,71
2,0.006187346207785347,0.0006624905391803894,0.003519552435498008,0.003379695445367818,121
3,0.06203531457219451,0.010939713044275705,0.045721408412777394,0.054955303017319684,4
4,0.0,0.0,0.0,0.0,0
