,max,min,avg,median,count
0,0.004465279152420923,0.002863676602926761,0.0035213564586418318,0.003168314881802179,51
1,0.004377342684027223,0.0001451380716393972,0.0019245787484064875,0.001073476604166945,141
2,0.003196125398449211,0.00011836758370872827,0.0013399831572537039,0.0006382486901165599,206
3,0.01209290249869144,0.002495321816351172,0.007294112157521306,0.007294112157521306,2
4,0.0,0.0,0.0,0.0,0
