,max,min,avg,median,count
0,0.016004795019195578,0.002810938383423652,0.009086576254791506,0.0071559546117130005,30
1,0.005530464212012833,0.002086109904355082,0.004444847681940098,0.00483851991808843,95
2,0.0034421698703994857,0.0005576418040435527,0.0019535594003532216,0.0021655304325677444,62
3,0.0,0.0,0.0,0.0,0
4,0.0,0.0,0.0,0.0,0
