,max,min,avg,median,count
0,0.021343722164246036,0.0026511783370794548,0.010663044909065621,0.004739920069421566,23
1,0.0034271857404293217,0.000341876567638606,0.0018732030243003624,0.0020125249545684715,63
2,0.0020973793240843855,2.043662879764337e-05,0.0008640389658357138,0.0007342614948186936,93
3,0.0,0.0,0.0,0.0,0
4,0.0,0.0,0.0,0.0,0
