,max,min,avg,median,count
0,0.011264948737439604,0.003606669754425552,0.0069392382277641464,0.00577952497313286,31
1,0.002557930388262386,1.9277583330587046e-05,0.0014417802706952892,0.0019913565618486376,98
2,0.0018254360648816664,0.0009880358010180776,0.0013604977936755073,0.001154315402747216,130
3,0.0,0.0,0.0,0.0,0
4,0.0,0.0,0.0,0.0,0
