,max,min,avg,median,count
0,0.0074612424251522735,0.0014540829986888022,0.004440184801597645,0.005050398727356473,28
1,0.0013835726797961113,0.00036415108987228193,0.0009301582791430505,0.0010153874307049433,108
2,0.0011705334737996933,0.00045355106733700995,0.0007555697798410102,0.0006891532068579923,263
3,0.0,0.0,0.0,0.0,0
4,0.0,0.0,0.0,0.0,0
