,max,min,avg,median,count
0,0.002881527790229881,0.0007642402449155474,0.002046774354557718,0.0022139266663305235,61
1,0.002776070685320101,0.000194846121949069,0.001899153430048236,0.002081876764284647,239
2,0.005568600554668755,0.00018566883561044377,0.0036047682669565783,0.0038646479032856513,101
3,0.0,0.0,0.0,0.0,0
4,0.0,0.0,0.0,0.0,0
