,max,min,avg,median,count
0,0.007190863598874013,0.0026475518620050495,0.00473176947606294,0.00523896105863993,74
1,0.0012975825295102495,6.72935258256819e-05,0.0006656792363901548,0.0006636068998561314,224
2,0.00567522968614419,0.0002210098468904245,0.0021421032890395703,0.0010192882593198138,104
3,0.0,0.0,0.0,0.0,0
4,0.0,0.0,0.0,0.0,0
