,max,min,avg,median,count
0,0.020792779982698805,0.0014540829986888022,0.012774147116185186,0.013232919882116233,27
1,0.005618724705314197,0.0005194231750574696,0.002990192673682608,0.0027646989124739496,65
2,0.003150566621236728,0.0005104891897553392,0.0022312499684880114,0.0024925643383263197,311
3,0.0,0.0,0.0,0.0,0
4,0.0,0.0,0.0,0.0,0
