,max,min,avg,median,count
0,0.05091484560639381,0.010786879885941151,0.03431685108827379,0.0380596682297748,11
1,0.023435892789695708,0.004682910972195317,0.010636006027714497,0.008725255746608781,19
2,0.0006574778900066484,0.00024176794025599992,0.0004593801971919372,0.0005403047549161631,370
3,0.0,0.0,0.0,0.0,0
4,0.0,0.0,0.0,0.0,0
