,max,min,avg,median,count
0,0.004212914416360778,0.0006201398693489782,0.0022081583921415454,0.0013504798066522352,50
1,0.001324910243940729,4.649616147098305e-05,0.00045446882235879095,0.0001762055227084258,200
2,0.003445773824782403,0.00039386010372165583,0.001621540163715259,0.0007027764192098952,153
3,0.0487737533400883,0.0487737533400883,0.0487737533400883,0.0487737533400883,1
4,0.0,0.0,0.0,0.0,0
