,max,min,avg,median,count
0,0.00336473116087075,2.384005762770501e-05,0.0024116515055681983,0.0027412596869837162,24
1,0.006808720209513029,0.0004850677327487561,0.003056431111092723,0.0025810027172497676,67
2,0.004130862314456366,0.001656458529928282,0.002359769938083717,0.0021115398798160078,59
3,0.0,0.0,0.0,0.0,0
4,0.0,0.0,0.0,0.0,0
