,max,min,avg,median,count
0,0.010090610007504257,0.007500939444349209,0.008877040827245952,0.008829945495654934,50
1,0.0021889742689579837,0.00035948517020532633,0.0015237726099441018,0.0017658847954908452,98
2,0.0007809569938265823,5.662684640111917e-05,0.0005752196572559008,0.0006979280979440522,250
3,0.07773790277679518,0.008324680511416048,0.029818228712876753,0.016605165781647887,4
4,0.0,0.0,0.0,0.0,0
