,max,min,avg,median,count
0,0.0062661129970540295,0.000156613238213098,0.004261576045686019,0.004513280446287888,54
1,0.001091571782383734,4.61291020670063e-05,0.0006914927971273839,0.0010582661057664882,152
2,0.01096970436246794,0.0009174676620951833,0.004424576397090351,0.0026865507851299977,192
3,0.09498341026637067,0.01765737518115746,0.05659755529052526,0.05715188042404763,3
4,0.0,0.0,0.0,0.0,0
