,max,min,avg,median,count
0,0.022240882038648394,0.005096104047325683,0.01620052564460482,0.015850424435503052,57
1,0.004003988203552757,0.0007451399518516933,0.002206044857006577,0.0020194668486570627,306
2,0.012574109652365632,0.003769011708351134,0.008648881448784545,0.010669053448873181,40
3,0.0,0.0,0.0,0.0,0
4,0.0,0.0,0.0,0.0,0
