,max,min,avg,median,count
0,0.016487770513951356,0.0009710000380266716,0.007493555159053858,0.005633071349846795,25
1,0.008919380064074363,0.0015667417018162366,0.0051431573024539184,0.006712161565497343,51
2,0.00509094639419577,0.0008380997961728106,0.002272024379757989,0.0009262023489496421,176
3,0.0,0.0,0.0,0.0,0
4,0.0,0.0,0.0,0.0,0
