,max,min,avg,median,count
0,0.004286231063668814,9.468908041628675e-06,0.0022912327727086425,0.0020927731571352194,50
1,0.002683203773639254,0.0014857339377128275,0.0020364263786132116,0.001999930038683928,100
2,0.001604273788533078,0.00013616414168447517,0.0008726758133209559,0.0008068529189156614,204
3,0.0,0.0,0.0,0.0,0
4,0.0,0.0,0.0,0.0,0
