,max,min,avg,median,count
0,0.0061059368803683435,0.0006548450235358024,0.004084341087022936,0.0043224871430569975,59
1,0.0012422021529254232,0.0004792654790049591,0.0009493274911749814,0.0010297878312904127,191
2,0.004122050548185402,0.00045784017361193293,0.002134530416868292,0.001796860192030194,152
3,0.0,0.0,0.0,0.0,0
4,0.0,0.0,0.0,0.0,0
