,max,min,avg,median,count
0,0.013734120292697985,0.006078744717180062,0.011545307708701196,0.012810599488555176,27
1,0.0018176967027246618,0.00012414486938354494,0.0010106749412875414,0.000896219147791542,66
2,0.0012347657585489139,0.00014317765648389115,0.0007089724295788922,0.000801107236155843,310
3,0.0,0.0,0.0,0.0,0
4,0.0,0.0,0.0,0.0,0
