,max,min,avg,median,count
0,0.013083715496553822,0.004548681144046222,0.008087068002333529,0.00751826345022274,48
1,0.001335664634859071,8.830759414026156e-05,0.0007547256097001221,0.0008187106322347742,248
2,0.004368240606335629,3.3434150516877223e-06,0.0023553991344804855,0.00262413612212936,106
3,0.0,0.0,0.0,0.0,0
4,0.0,0.0,0.0,0.0,0
