,max,min,avg,median,count
0,0.010522688933240449,0.0008756870938481756,0.007757327771170916,0.009626599097523563,51
1,0.0025281681731568273,0.0003579299399462611,0.0016042046002549132,0.002274114788561785,124
2,0.0023157846965883213,8.901563862949957e-05,0.0009008417234469372,0.0008304016629378845,221
3,0.06263954256939275,0.011396042306643596,0.041594306945846114,0.05074733596150201,3
4,0.0,0.0,0.0,0.0,0
