,max,min,avg,median,count
0,0.002364432803016454,0.0005126158734055861,0.0012944079542129125,0.0011543404842443128,29
1,0.006453223135202506,0.00017758379098267805,0.003970538391359161,0.0038692131958650675,54
2,0.00234290604478222,0.00022960190466649996,0.0012436449488439389,0.0012332397934088511,149
3,0.0,0.0,0.0,0.0,0
4,0.0,0.0,0.0,0.0,0
