,max,min,avg,median,count
0,0.007545421434698986,0.001309875123337497,0.005429100993274796,0.005888148780758147,73
1,0.0024429302380366584,0.0008489186875907502,0.0017288443822128172,0.0019288939621992121,146
2,0.001112724676789257,5.8869630170574734e-05,0.000634959267093743,0.0005933406073525784,190
3,0.0,0.0,0.0,0.0,0
4,0.0,0.0,0.0,0.0,0
