,max,min,avg,median,count
0,0.011318469425111246,0.0013351632338368315,0.007393829033871096,0.010669506117396015,17
1,0.005103500616420882,4.072443052888928e-05,0.0020516970217052976,0.0005735575018980239,72
2,0.003930115071833164,6.293199447091504e-05,0.001996429511163643,0.0021161404316206458,52
3,0.0,0.0,0.0,0.0,0
4,0.0,0.0,0.0,0.0,0
