,max,min,avg,median,count
0,0.0125353817287123,0.002669194856067906,0.0075348688013335136,0.008715593933531005,20
1,0.009378999581007304,0.0008441641003013566,0.005001133722937168,0.00514535285378982,35
2,0.0020592996540674765,2.6863529202777062e-05,0.0013203413438046987,0.001638313436253163,117
3,0.0,0.0,0.0,0.0,0
4,0.0,0.0,0.0,0.0,0
