,max,min,avg,median,count
0,0.007157602499564497,0.002214958446771146,0.005022422346358004,0.006479280577398641,20
1,0.008726930099998692,0.0027904235751563355,0.006409263873240288,0.006453620604099409,39
2,0.0029489893850066645,5.262782819717987e-06,0.0016618199950939848,0.0018822482173011434,82
3,0.06518617746025816,0.014839824437285036,0.0326491422591083,0.0179214248797817,3
4,0.0,0.0,0.0,0.0,0
