,max,min,avg,median,count
0,0.011054605296062297,0.004089052491432586,0.007883431780267004,0.008679460605709458,29
1,0.0015978396469965692,8.830759414026156e-05,0.0009167660878277039,0.000989517273477474,187
2,0.0010663033853726077,0.00012899394035390286,0.000540987604748556,0.0004901910834035466,175
3,0.0,0.0,0.0,0.0,0
4,0.0,0.0,0.0,0.0,0
