,max,min,avg,median,count
0,0.014425022692251606,0.002210874233564477,0.007827459004179462,0.008221885322170936,23
1,0.004806004212729932,0.0010395254636029966,0.002653101305953369,0.0018680076838208668,55
2,0.0047544201874104965,0.0002482859702111376,0.002722074454023237,0.003530810940403084,78
3,0.0,0.0,0.0,0.0,0
4,0.0,0.0,0.0,0.0,0
