,max,min,avg,median,count
0,0.008127959059280446,0.001003686565871227,0.004594503713569583,0.004658764690076049,58
1,0.0021088033053334467,0.00038550836813027123,0.0014051918458697858,0.001909634605271001,196
2,0.0013955063897173625,0.00010897691456051903,0.0008086617319615276,0.0008542892099809336,152
3,0.0,0.0,0.0,0.0,0
4,0.0,0.0,0.0,0.0,0
