,max,min,avg,median,count
0,0.048758366188919045,0.01562386869123736,0.03561935553155429,0.034439745965140274,20
1,0.023341652767267844,0.0014953509234171196,0.016200398289800487,0.01943639091619428,33
2,0.0024928560850607483,0.0019502687109662054,0.0022314282969832728,0.0022443235297612434,155
3,0.0,0.0,0.0,0.0,0
4,0.0,0.0,0.0,0.0,0
