,max,min,avg,median,count
0,0.022430814859379224,0.004352302436694018,0.013236937953867964,0.01095929996712968,23
1,0.003413929763340601,0.0015683362381896369,0.002409644561191291,0.0023088537133236055,46
2,0.0019912545216299853,7.073372799760801e-05,0.0009971225411713638,0.0007091112606525169,128
3,0.03778067416610493,0.027838840842744832,0.03280975750442488,0.03280975750442488,2
4,0.0,0.0,0.0,0.0,0
