,max,min,avg,median,count
0,0.004069588945482629,4.2197914071282264e-05,0.0015118442280983736,0.0007762267174765323,54
1,0.001098716769661337,0.0003199644739254128,0.0007430064622031814,0.0008001182955236578,162
2,0.0025269770462257456,0.00019424020342699984,0.0012977827465430497,0.0008074214495951924,193
3,0.08186110055246267,0.030701760605503035,0.05628143057898285,0.05628143057898285,2
4,0.0,0.0,0.0,0.0,0
