,max,min,avg,median,count
0,0.018226049829667884,0.003807400342273294,0.010259611394278254,0.011309213092379847,22
1,0.003845340391706551,0.00040631260453315784,0.0020107198071309417,0.002459849003924922,85
2,0.003916124171673386,0.0021639161690761794,0.0031143658909685906,0.003336400653601216,118
3,0.0,0.0,0.0,0.0,0
4,0.0,0.0,0.0,0.0,0
