,max,min,avg,median,count
0,0.035225876439974504,0.0009137489217823579,0.019748166033425205,0.024400445958643997,13
1,0.043969540120957336,0.01623326700313909,0.03056506300656813,0.029656707158004735,9
2,0.005519867967030304,0.0007821101944889414,0.0035229587432017108,0.00518029921670736,207
3,0.0,0.0,0.0,0.0,0
4,0.0,0.0,0.0,0.0,0
