,max,min,avg,median,count
0,0.02103566617552267,0.0028539015302467235,0.009244727123394903,0.007077133285746071,38
1,0.004378965347747762,0.00020064833997834237,0.002418480352345713,0.0032000468109989553,171
2,0.0022320817058649267,0.0003848958597399315,0.0015769052809532127,0.0015765533278581136,196
3,0.1145266177120672,0.04197894116724916,0.07825277943965818,0.07825277943965818,2
4,0.0,0.0,0.0,0.0,0
