,max,min,avg,median,count
0,0.006781473348785585,0.0020905508587563183,0.004186103155085779,0.003344014860750287,52
1,0.0036422190460323515,0.0006912049852201552,0.0022044215024581756,0.0018257816260988879,99
2,0.0028928254517696984,0.00010249050063506117,0.0014230462136614024,0.0015744389429198078,256
3,0.15155518366306903,0.0045972153207731025,0.058489454057577925,0.03890270862323479,4
4,0.0,0.0,0.0,0.0,0
