,max,min,avg,median,count
0,0.015213828088430642,0.000307361174400851,0.007803837262877304,0.005439853505842082,30
1,0.0038165751525618638,0.0012515219155451991,0.0025385283719450893,0.0024242015522778224,69
2,0.006359032410843518,0.00021418635046771577,0.003499906194847264,0.003734677773902879,124
3,0.0,0.0,0.0,0.0,0
4,0.0,0.0,0.0,0.0,0
