,max,min,avg,median,count
0,0.010310179582434147,4.0821329831811746e-05,0.006284631639294494,0.0070979368861137145,24
1,0.0023673358694994225,0.0001644286362412208,0.0010053431882988315,0.0003808871070186649,48
2,0.0012041760940616588,0.00021330412335611557,0.0007195151112265319,0.0009203894792889622,102
3,0.0,0.0,0.0,0.0,0
4,0.0,0.0,0.0,0.0,0
