,max,min,avg,median,count
0,0.012987553303407886,0.0058060650276989915,0.008962452943424952,0.007845037032533007,47
1,0.0021848988745488715,4.649616147098305e-05,0.0015856785987712584,0.001961416524956867,104
2,0.004657780825645842,7.194307410132303e-05,0.002522774539730321,0.0034842050948955534,258
3,0.0,0.0,0.0,0.0,0
4,0.0,0.0,0.0,0.0,0
