,max,min,avg,median,count
0,0.020197301365076945,0.0010349672650372481,0.007369303134815913,0.005254596055501245,19
1,0.006189620173555841,0.0008613418370160587,0.003583567345878699,0.003040026049349098,38
2,0.00268796705953414,0.0013075197799674542,0.0020497518591542207,0.00214697477219111,167
3,0.0,0.0,0.0,0.0,0
4,0.0,0.0,0.0,0.0,0
