,max,min,avg,median,count
0,0.016137269684336042,0.0013759643019655664,0.00908749495946628,0.009220429722169033,24
1,0.004469892250781248,0.00029391242722298194,0.0019755290374717854,0.0021259186057849652,65
2,0.002836088443949787,0.0008721462333462698,0.0017391614082462258,0.0016361586689001637,91
3,0.0,0.0,0.0,0.0,0
4,0.0,0.0,0.0,0.0,0
