,max,min,avg,median,count
0,0.042437231391722355,0.004962748265998732,0.015110329244694992,0.00851656344975712,8
1,0.01598020857891208,0.0035040887558820248,0.01214073287053825,0.012904665658102984,25
2,0.0026599801577613523,0.0011606630857886916,0.0019174822163481667,0.0017526992057897632,173
3,0.06244362453260037,0.003169027765469346,0.032970716542234144,0.02902680178470217,7
4,0.0,0.0,0.0,0.0,0
