,max,min,avg,median,count
0,0.05223395463670804,0.008341070181414185,0.03275446201227086,0.030011850286232496,8
1,0.0020945324547288428,0.0006534968103861112,0.0012984566206790823,0.0013422158046772152,64
2,0.00561382341672199,0.0005516472444715832,0.0028146926195663315,0.0023134930200372043,72
3,0.0,0.0,0.0,0.0,0
4,0.0,0.0,0.0,0.0,0
