,max,min,avg,median,count
0,0.014668415146499574,0.0022152856846177956,0.0070619152590145565,0.007028108894981888,25
1,0.0036581424219475356,0.0013053576656222583,0.0025244377230708645,0.0024128036064412777,93
2,0.004581496132669356,0.0006871348430293884,0.0022120645104440617,0.0018138196909171004,39
3,0.0,0.0,0.0,0.0,0
4,0.0,0.0,0.0,0.0,0
