,max,min,avg,median,count
0,0.021062548963293855,0.003848907825428607,0.01089354466381284,0.008663105320118445,18
1,0.0017683305040131316,0.0008043570296554552,0.0011417607798268295,0.0010887413483714737,49
2,0.004591474389727363,0.002334999075332071,0.0031820356396796328,0.0026360075638544923,69
3,0.0,0.0,0.0,0.0,0
4,0.0,0.0,0.0,0.0,0
