,max,min,avg,median,count
0,0.027164304077531676,0.006368292800315092,0.021718165194045222,0.026631103214456185,16
1,0.0038958208741979947,0.0006214354257328987,0.0022169563458395844,0.00216729234218923,48
2,0.010619290489339902,0.00013332960415520493,0.006691519037532165,0.009268639723638129,75
3,0.0,0.0,0.0,0.0,0
4,0.0,0.0,0.0,0.0,0
