,max,min,avg,median,count
0,0.012300961826803585,0.0007244360613504677,0.0058816078368537274,0.005784138283166979,18
1,0.0065864248631875445,2.1205328177182005e-05,0.0032634398870433428,0.0030827033671550048,37
2,0.0051490956443351835,0.00021939260475174207,0.002884063905807813,0.0032984287339913373,89
3,0.11966854872260228,0.004760667431059932,0.05054483072391348,0.027205276018078216,3
4,0.0,0.0,0.0,0.0,0
