,max,min,avg,median,count
0,0.019138063823496896,0.0050109615939292595,0.013411453670659493,0.015133414309676683,16
1,0.008592539290964115,0.0002797284252106598,0.003676362787277833,0.0011896987932686176,37
2,0.0021628806018852,0.00012909549617705444,0.0012483073764584963,0.0011927596105710985,92
3,0.0,0.0,0.0,0.0,0
4,0.0,0.0,0.0,0.0,0
