,max,min,avg,median,count
0,0.002624901539763209,0.0011335178341769698,0.002149187333790712,0.0023354410430264996,51
1,0.0034134115435503114,0.0007241501272688068,0.0019052607178336844,0.0015421329768676292,97
2,0.0037154528059110768,0.00018623902500600672,0.0018255610570397673,0.0015916982966994616,270
3,0.0,0.0,0.0,0.0,0
4,0.0,0.0,0.0,0.0,0
