,max,min,avg,median,count
0,0.011306310025558288,0.0021151278874345517,0.007417814700796504,0.009321863785231208,40
1,0.001614719220034143,8.466753599759737e-05,0.0006958084224909882,0.0007390233100601769,192
2,0.002419230975253293,2.445253253105339e-05,0.0013012069900853133,0.0016487475743968381,191
3,0.0,0.0,0.0,0.0,0
4,0.0,0.0,0.0,0.0,0
