,max,min,avg,median,count
0,0.009775716297870014,0.0010248572314113058,0.004530488633658391,0.004551377448483152,21
1,0.0024259909575573605,0.00048109070933282646,0.001258368319162902,0.001270307011222439,78
2,0.0019869075721765193,0.0003208412923395056,0.0009764671781413182,0.0009212644322140412,97
3,0.0,0.0,0.0,0.0,0
4,0.0,0.0,0.0,0.0,0
