,max,min,avg,median,count
0,0.01617368395225886,0.004352302436694018,0.012427180642047822,0.015381712863774174,39
1,0.010802412231934984,0.0011225408861503107,0.007323343259743148,0.007320302033080219,174
2,0.0020824610033616537,0.0004108460606057964,0.0013647972309326632,0.001283631154869147,201
3,0.18213993268010467,0.025430510181380917,0.1037852214307428,0.1037852214307428,2
4,0.0,0.0,0.0,0.0,0
