,max,min,avg,median,count
0,0.005588786016345552,0.00025022092472318117,0.0028479336446859084,0.0016985836897314922,16
1,0.002402167467249946,0.000612185330526382,0.001268698984951157,0.000934164992271109,62
2,0.0052306012819094945,0.00021444588184919627,0.003217252585668817,0.0044550129219901,65
3,0.0,0.0,0.0,0.0,0
4,0.0,0.0,0.0,0.0,0
