,max,min,avg,median,count
0,0.009014825182713888,0.00025632597104987393,0.005018695905119011,0.006267051636151289,28
1,0.0020539600672346246,0.00043688496055994085,0.001386669910152727,0.0014231899536814201,100
2,0.002692485179176381,0.0006226816363716936,0.0015518606952825609,0.0011581010515016846,289
3,0.0,0.0,0.0,0.0,0
4,0.0,0.0,0.0,0.0,0
