,max,min,avg,median,count
0,0.05571887804527551,0.0066849014743815835,0.030500684197008732,0.02512845841348804,11
1,0.028104257644705713,0.008021059518018243,0.018674447178915605,0.017613352295920755,19
2,0.0036146079072335397,0.0006090335529548687,0.00212239696695954,0.001634553392167955,388
3,0.0,0.0,0.0,0.0,0
4,0.0,0.0,0.0,0.0,0
