,max,min,avg,median,count
0,0.017817299383458725,0.005765842115266898,0.009958295380348817,0.0069639016776221535,32
1,0.0055848869186531985,0.0013173164250723291,0.002966267569730784,0.0020945324547288428,64
2,0.0018979584572148829,0.00019680561902120141,0.0009457878790288468,0.001120533907079673,303
3,0.02852477192161623,0.028323214707085657,0.028423993314350943,0.028423993314350943,2
4,0.0,0.0,0.0,0.0,0
