,max,min,avg,median,count
0,0.003943155824459342,0.00022731803324577252,0.002246302360192739,0.002113464763898797,32
1,0.009270282770732732,0.0005353372660909573,0.006727141396342157,0.008940842310983145,45
2,0.0038514782351931043,0.00021418635046771577,0.0021057356173778278,0.0017724408587622587,129
3,0.03133158880477932,0.00503895523003381,0.019253879375626913,0.015544619035256033,10
4,0.0,0.0,0.0,0.0,0
