,max,min,avg,median,count
0,0.01919516237789705,0.0007927145523147684,0.009698661595362597,0.008087822778729162,19
1,0.011366142942710291,0.0013000367851696353,0.006891540690281872,0.007602880452284978,48
2,0.014583711675586182,0.0006499900750657935,0.0052991563743254215,0.0040606868423510994,156
3,0.0,0.0,0.0,0.0,0
4,0.0,0.0,0.0,0.0,0
