,max,min,avg,median,count
0,0.0227329981272865,0.0014540665186533568,0.010616338195753968,0.004717462217115765,31
1,0.0037144059232927036,0.0002665758594339802,0.0026992868137739757,0.003309356439253712,204
2,0.0017689589600061977,0.00015205566155181987,0.0010174151513859776,0.0007304972814487736,183
3,0.0,0.0,0.0,0.0,0
4,0.0,0.0,0.0,0.0,0
