,max,min,avg,median,count
0,0.012073927644892606,0.0013798550934073885,0.00780191278900787,0.009517547358268886,28
1,0.0038713509915036504,0.000948796709477949,0.0027668223809737633,0.0035469646101900206,67
2,0.0010774705075536181,0.00020786063975991145,0.00042554309675636693,0.00021603304760859575,324
3,0.0,0.0,0.0,0.0,0
4,0.0,0.0,0.0,0.0,0
