,max,min,avg,median,count
0,0.01498207869217514,0.004386676949651627,0.00920638734589426,0.009189550638887472,12
1,0.004215228353801408,0.0019924848222782543,0.0032649384157947075,0.0033296418005750845,24
2,0.014074217588386803,0.0017223615904695857,0.007723604514106837,0.008926524510828494,88
3,0.02334903903590025,0.004844956263830872,0.01409699764986556,0.01409699764986556,2
4,0.0,0.0,0.0,0.0,0
