,max,min,avg,median,count
0,0.005690044632497889,1.6057402485731327e-05,0.0026523909330299,0.0027412596869837162,54
1,0.0007041098226386617,4.836892453778274e-05,0.0003902291895325874,0.00038579703612399383,209
2,0.0016122803327565847,0.00032655744782066895,0.0008890979672632113,0.0006211808513865466,159
3,0.14245187627020175,0.14245187627020175,0.14245187627020175,0.14245187627020175,1
4,0.0,0.0,0.0,0.0,0
