,max,min,avg,median,count
0,0.02882128062059619,0.0038814408572574906,0.019837051901820835,0.01920315998928158,18
1,0.006010792884027891,0.00013300241265758165,0.0029480192479994323,0.0028791716978698854,43
2,0.0016853264948569642,0.0002793193185168346,0.0009746538438973367,0.0008497737976448217,147
3,0.0,0.0,0.0,0.0,0
4,0.0,0.0,0.0,0.0,0
