,max,min,avg,median,count
0,0.018596128499063565,0.008793179018139174,0.013374227272839684,0.014216742906958934,33
1,0.00705067828808778,0.00018733924350636524,0.003801871959490155,0.0038338127904608815,116
2,0.0055727666583358405,0.0016484663192364156,0.003576517841781532,0.0033427347940821923,67
3,0.0,0.0,0.0,0.0,0
4,0.0,0.0,0.0,0.0,0
