,max,min,avg,median,count
0,0.07536654843035603,0.011036686354771038,0.03666050216085652,0.018424107579426807,5
1,0.006405936127935272,0.002307579632123358,0.004602841288941838,0.005038915524083073,40
2,0.0038378958423064976,0.0015891144733202404,0.0028697846588176873,0.0032106974049245355,87
3,0.0,0.0,0.0,0.0,0
4,0.0,0.0,0.0,0.0,0
