,max,min,avg,median,count
0,0.00895618813620928,0.001784546345454001,0.004963462746677293,0.004443772465219181,19
1,0.004061792355917564,0.0014789129760808804,0.0031871913924169616,0.003703429136909983,47
2,0.001148895493687532,0.00012763525996041224,0.0007102900037313356,0.0006714132863755555,67
3,0.0,0.0,0.0,0.0,0
4,0.0,0.0,0.0,0.0,0
