,max,min,avg,median,count
0,0.007708830476799295,0.003776107762062802,0.005847043782594138,0.006208705874047771,41
1,0.001996786509796746,0.0005423843005066635,0.0013751271076087586,0.0015513148215750313,157
2,0.004083316210392597,0.000589565748433091,0.0023369976137371075,0.002279050632894585,224
3,0.0,0.0,0.0,0.0,0
4,0.0,0.0,0.0,0.0,0
