,max,min,avg,median,count
0,0.005649370978824303,0.0002533145923162128,0.003523971042280226,0.004133794116241768,53
1,0.0014789129760808804,0.00044764110821071115,0.0008984604201281961,0.0008863869867128269,181
2,0.006493715629515065,0.000259023493391672,0.0035332879309099645,0.002344286675439339,188
3,0.0,0.0,0.0,0.0,0
4,0.0,0.0,0.0,0.0,0
