,max,min,avg,median,count
0,0.02677772318354339,0.0015113500386977374,0.018280593225779972,0.026552706455098787,3
1,0.006310036334602438,0.00024764560352147846,0.004346817820241836,0.005556416978580801,24
2,0.0012757851449650733,9.487888184081659e-05,0.0009214975947827283,0.0010645698574855793,88
3,0.009467597653147551,0.0027920095338497307,0.0055420894178734945,0.003610085308527104,26
4,0.0,0.0,0.0,0.0,0
