,max,min,avg,median,count
0,0.047382592386516466,0.00867789156308958,0.02824495728241458,0.030626186667257537,8
1,0.012397543304216123,0.004927292524959171,0.008107033479246864,0.008062058228441221,36
2,0.002894691154452071,0.0014846638211552718,0.0023926363975736724,0.0028586940952937236,131
3,0.15592524898030022,0.004218612473373683,0.05584481498429832,0.007390583499221066,3
4,0.0,0.0,0.0,0.0,0
