,max,min,avg,median,count
0,0.006855935131821559,0.00033387611947351906,0.0033578137298814945,0.004082013462293236,47
1,0.0026775938555416347,0.0009831199856044658,0.0019332169259789784,0.0019904508220323293,128
2,0.0053943661977380476,6.123205677225011e-05,0.0030570839372987277,0.003216810627831179,247
3,0.0,0.0,0.0,0.0,0
4,0.0,0.0,0.0,0.0,0
