,max,min,avg,median,count
0,0.024695260778210916,0.007046549088132671,0.019067636065417816,0.021297556488699382,13
1,0.0026613505431943036,0.0001414734287586067,0.0015272039301487096,0.0019875162562350843,160
2,0.0031849546679880865,0.0014051981739474381,0.0025923421733324145,0.0029783654543819875,250
3,0.0,0.0,0.0,0.0,0
4,0.0,0.0,0.0,0.0,0
