,max,min,avg,median,count
0,0.02179823492907785,0.005303518829905613,0.013588612104072967,0.012045613552353196,31
1,0.01550956186067813,0.0019797421220806946,0.00807358641364705,0.007091607156370454,58
2,0.007430603534776911,0.001192510403134515,0.005119855480877945,0.007271783960072177,148
3,0.0,0.0,0.0,0.0,0
4,0.0,0.0,0.0,0.0,0
