,max,min,avg,median,count
0,0.01568891061560749,0.004008697602512476,0.00815710499476759,0.00647469768133589,27
1,0.00394122833505773,0.002457221521534981,0.0033038089319231204,0.0034555167785235257,74
2,0.004669877805883999,0.0006378557192420131,0.0021350526447442937,0.0018058257864156666,105
3,0.016644382962892695,0.0023729009975210135,0.009166532681303656,0.008482314083497257,3
4,0.0,0.0,0.0,0.0,0
