,max,min,avg,median,count
0,0.0078976137524951,0.00253475171038399,0.005680528512151795,0.00530806201634285,32
1,0.003402121203702453,0.00014789236235459612,0.0014005784809858642,0.0013222903467600313,184
2,0.0029580287149174414,6.907314792464478e-05,0.0017005229396338847,0.002589896444248495,208
3,0.0,0.0,0.0,0.0,0
4,0.0,0.0,0.0,0.0,0
