,max,min,avg,median,count
0,0.08466537767666853,0.016306222894270066,0.03135166953848836,0.018506639278123203,6
1,0.006118064736394107,0.00014935969612913465,0.0023989315185250484,0.00046956283012908177,56
2,0.003944330624035541,0.00027921908123095494,0.0014583306607313003,0.0010367785947441297,77
3,0.0,0.0,0.0,0.0,0
4,0.0,0.0,0.0,0.0,0
