,max,min,avg,median,count
0,0.005466373095423876,0.0019361600647380339,0.004358476406633232,0.00458861412020235,48
1,0.0020612899481245736,0.00037032217459462345,0.000992407758988113,0.0005899691111813903,144
2,0.002322257182534141,0.0002482859702111376,0.0009513176199758687,0.0002925693666527915,238
3,0.0,0.0,0.0,0.0,0
4,0.0,0.0,0.0,0.0,0
