,max,min,avg,median,count
0,0.027948195849730597,0.003742971944953247,0.011945664322996166,0.005439058337585668,18
1,0.005756054424116381,0.00023077934498460753,0.0033668577192923926,0.00288247039667699,57
2,0.0056276793143490884,0.00017002843270013808,0.0037582430003643883,0.0047106759756163396,133
3,0.0,0.0,0.0,0.0,0
4,0.0,0.0,0.0,0.0,0
