,max,min,avg,median,count
0,0.022464412144290808,0.0028538155728559927,0.014392829284328126,0.015326917269933626,11
1,0.010818936831986365,0.0023795649382723112,0.008873860083425295,0.010319173217889098,44
2,0.001876360530142334,1.7251792502979848e-05,0.0007866299297632216,0.00038025938711852976,141
3,0.0,0.0,0.0,0.0,0
4,0.0,0.0,0.0,0.0,0
