,max,min,avg,median,count
0,0.014320679287967455,0.004134417927218523,0.008129761312780292,0.006913415085307209,25
1,0.008449597224823264,0.004612557251308234,0.006877092230276506,0.007189798256725033,48
2,0.001093512663402719,0.0006750176595221111,0.0008904427994692703,0.000840113929443345,123
3,0.0,0.0,0.0,0.0,0
4,0.0,0.0,0.0,0.0,0
