,max,min,avg,median,count
0,0.008383160377396004,0.001478842341497187,0.004661735563814203,0.004294184173699029,42
1,0.002433777986488788,0.0006481159101647417,0.0015505488840551846,0.0017820796717131747,145
2,0.0010656111127944523,9.817521585057766e-05,0.00048347963009017,0.00044279900361334873,121
3,0.0,0.0,0.0,0.0,0
4,0.0,0.0,0.0,0.0,0
