,max,min,avg,median,count
0,0.08515015254758425,0.005125047501360434,0.041691668376350834,0.05062694473594698,5
1,0.005585036585677362,0.000741441493870106,0.0032236536545456095,0.00293325715487104,39
2,0.0018638717674541781,0.0002048899729928741,0.0010255251637404325,0.0011695765295125762,94
3,0.0,0.0,0.0,0.0,0
4,0.0,0.0,0.0,0.0,0
