,max,min,avg,median,count
0,0.016630186444972283,0.0013504798066522352,0.010135744462408777,0.011731447955714748,70
1,0.0036997620674444082,0.00017601519629173492,0.002596172879235469,0.003617912432888001,290
2,0.006198154460815864,0.0010997603146637835,0.0034973750505202005,0.0034417684040275384,70
3,0.0,0.0,0.0,0.0,0
4,0.0,0.0,0.0,0.0,0
