,max,min,avg,median,count
0,0.003513495331557291,0.00018296897622340278,0.00140351262353161,0.0003930865678631888,73
1,0.0023088537133236055,0.00022925789614235565,0.001073634855001479,0.0008378497762430321,112
2,0.00239418994272234,9.792827466438138e-06,0.0013333388932483634,0.0016589451923817813,240
3,0.0,0.0,0.0,0.0,0
4,0.0,0.0,0.0,0.0,0
