,max,min,avg,median,count
0,0.026920216388301922,0.006491343726631924,0.01636884308246505,0.015943820622417757,15
1,0.020658972381848058,0.00936555716416904,0.015123092905405833,0.01595861608228013,36
2,0.004260436367724508,0.00031951771294097477,0.0017346799095089697,0.0011235367748834394,140
3,0.0,0.0,0.0,0.0,0
4,0.0,0.0,0.0,0.0,0
