,max,min,avg,median,count
0,0.0416813805263081,0.0025490796358962364,0.024785054755938573,0.027415338184748183,13
1,0.006311827970237483,0.0008048255190451495,0.0032348215024051276,0.0032515139140816517,26
2,0.0025796748425566535,1.1688019607554225e-18,0.0012219850502860979,0.0013934850836168893,96
3,0.18124742979796776,0.021167878627331767,0.09228437571409248,0.0744378187169779,3
4,0.0,0.0,0.0,0.0,0
