,max,min,avg,median,count
0,0.03462881652380837,0.007125490925399398,0.013896353106492666,0.00896566040340359,12
1,0.008643052370416253,0.00021197185069291477,0.005092302273428033,0.006667406756938583,42
2,0.0052183602526293515,0.0015315663903007802,0.002838568478300063,0.00290341397958501,77
3,0.0,0.0,0.0,0.0,0
4,0.0,0.0,0.0,0.0,0
