,max,min,avg,median,count
0,0.012579301691183029,0.0028913829008979817,0.008926105912710772,0.01090168604873787,17
1,0.009802907325412063,0.0036664794495965217,0.0066814980510650325,0.006034936429856301,24
2,0.0020887718532260208,0.00017721288954789804,0.0008864887489844957,0.0005602971675103888,89
3,0.04271275228306664,0.020760978906983685,0.034519612162732825,0.04008510529814815,3
4,0.0,0.0,0.0,0.0,0
