,max,min,avg,median,count
0,0.0254873708499655,0.001737742890053467,0.014794009098105073,0.018131206002543202,22
1,0.006803241820490349,0.004072601975734937,0.005720911222552494,0.005982614624180314,39
2,0.003954557348798765,8.729246953339413e-05,0.0025454250943628114,0.0027719580977588385,103
3,0.0,0.0,0.0,0.0,0
4,0.0,0.0,0.0,0.0,0
