,max,min,avg,median,count
0,0.031257642300677575,0.005779628800617333,0.019105507803295875,0.016944743139689723,17
1,0.008674366710267258,0.0003162670956101872,0.005446059303288182,0.006139391579200636,54
2,0.002606071022416985,0.000835201801637893,0.001651745118608704,0.001500767634600471,96
3,0.0,0.0,0.0,0.0,0
4,0.0,0.0,0.0,0.0,0
