,max,min,avg,median,count
0,0.0075524647953924915,0.0017327692736484538,0.0044690651455819895,0.004941784728326354,37
1,0.0027873583767668115,2.3816554003339433e-05,0.0017450175077056243,0.0025775968190156736,132
2,0.0011248172576519052,0.00023550820050181166,0.0008854494892471685,0.0010913652099901667,262
3,0.0,0.0,0.0,0.0,0
4,0.0,0.0,0.0,0.0,0
