,max,min,avg,median,count
0,0.11148016038931818,0.01172186901471192,0.05317551133940287,0.047762299234616404,5
1,0.007329235273510185,0.0006374557807432273,0.00515260406785293,0.006023718673769978,38
2,0.0049742126523768535,0.001710146387677005,0.0033499229993681342,0.0034068739517636656,78
3,0.0,0.0,0.0,0.0,0
4,0.0,0.0,0.0,0.0,0
