,max,min,avg,median,count
0,0.014780286344444341,0.004652514284921825,0.009716400314683083,0.009716400314683083,2
1,0.006403612322018037,0.0014120608604557758,0.003548086088357723,0.0029148309098475946,57
2,0.0014251921116046713,0.00020655755767421899,0.0004963916809312683,0.0002698828600572012,101
3,0.0025450015161073286,0.0007784161918571987,0.0019274960617262093,0.0023710852889307805,21
4,0.0,0.0,0.0,0.0,0
