,max,min,avg,median,count
0,0.0028963488820244495,0.00045231048063471956,0.0014465175490640178,0.0011898009329553685,19
1,0.008521253495614244,0.0049028952139799215,0.0059924390017998,0.005404066074882316,46
2,0.0020437245962709504,0.0007067547706087191,0.0012434641929581598,0.001075198836567687,65
3,0.0,0.0,0.0,0.0,0
4,0.0,0.0,0.0,0.0,0
