,max,min,avg,median,count
0,0.02029932921070199,0.010331688888764389,0.015607422268727253,0.016220661637974247,15
1,0.006765708375874862,0.001452424432320006,0.0033653727963825694,0.0031393410874526973,40
2,0.004855675515663063,0.0001343338618079979,0.0032377042666971445,0.003325191507430826,59
3,0.0431728340049592,0.03281320280584398,0.03799301840540159,0.03799301840540159,2
4,0.0,0.0,0.0,0.0,0
