,max,min,avg,median,count
0,0.0136280681602862,0.004471104448811009,0.009557513099371105,0.010783724688576172,42
1,0.003462822843331496,0.0011779371470847064,0.002148367136585739,0.0018619943882641097,144
2,0.0022593700090049354,0.00010511943962335082,0.0014050327342932292,0.001824314791615586,252
3,0.0,0.0,0.0,0.0,0
4,0.0,0.0,0.0,0.0,0
