,max,min,avg,median,count
0,0.010920044844955358,0.0006890642284215877,0.006275373735512589,0.006599206238185805,15
1,0.00862998979012428,0.0018692269937526976,0.004487252989857781,0.004387530896392551,37
2,0.0051239057209879,0.0009579290290493537,0.00308283334440368,0.0031966231289547666,60
3,0.0,0.0,0.0,0.0,0
4,0.0,0.0,0.0,0.0,0
