,max,min,avg,median,count
0,0.012833159072654098,0.002750267455239844,0.007824429636543912,0.007054641939240597,21
1,0.003369502269831287,0.002400526618495869,0.0029647627689990976,0.0030322619732240613,46
2,0.004512887191642175,1.1258336499522169e-05,0.0022493516281414314,0.0024870566292348162,58
3,0.0,0.0,0.0,0.0,0
4,0.0,0.0,0.0,0.0,0
