,max,min,avg,median,count
0,0.0090042590577074,0.002388809380558138,0.0070033499646669035,0.008605284673415396,48
1,0.005128535316389343,0.0004307109987030457,0.001899814114038456,0.0013436846404262263,240
2,0.004161523751600368,0.0010367785947441297,0.002746901065980332,0.0035268770133734004,152
3,0.0,0.0,0.0,0.0,0
4,0.0,0.0,0.0,0.0,0
