,max,min,avg,median,count
0,0.024561371209714702,0.00023373529033841227,0.014546439449294832,0.019299359564585734,11
1,0.005585550089670112,0.00012137526765334866,0.0027245699709045846,0.0029742578765807846,53
2,0.006526231760092424,2.0626845860583347e-05,0.003035561781514759,0.0037398993368267072,58
3,0.0,0.0,0.0,0.0,0
4,0.0,0.0,0.0,0.0,0
