,max,min,avg,median,count
0,0.0020927731571352194,0.0006031208962962841,0.0014965122659058483,0.001980357955649434,73
1,0.002180212123044674,0.0005663092921493977,0.001368321472034375,0.001427674828611266,358
2,0.027705301755755387,0.007157258810360713,0.018251166461843563,0.019605269804278305,11
3,0.0,0.0,0.0,0.0,0
4,0.0,0.0,0.0,0.0,0
