,max,min,avg,median,count
0,0.00243104091244283,0.0004825925755329143,0.0015306437216949236,0.0014869535348476144,79
1,0.0024128036064412777,0.0006811739410869708,0.0014353001668647052,0.0011589474711036205,200
2,0.0007846081653128853,3.3434150516877223e-06,0.0005097897979319786,0.0006119629990358058,167
3,0.0,0.0,0.0,0.0,0
4,0.0,0.0,0.0,0.0,0
