,max,min,avg,median,count
0,0.015459135783549842,0.007237214241866517,0.011291959451776124,0.010978340355970955,9
1,0.009766690048324492,0.0036363892573628926,0.008134754764215976,0.009191113145985622,44
2,0.00047226825603185227,2.0636072992880468e-05,0.0002206166958623253,0.0002444965705258021,347
3,0.13687194271887052,0.003610085308527104,0.042536432697069436,0.028713003625923408,5
4,0.0,0.0,0.0,0.0,0
