,max,min,avg,median,count
0,0.006602277866394697,0.0006677040959259043,0.003559131787414298,0.003719798420434209,56
1,0.004997366849323562,0.0018336279000036781,0.003360281708512794,0.0031702535010877,236
2,0.0012586040395779988,3.808095548289717e-18,0.0006668364564202881,0.0006272126072017738,147
3,0.0,0.0,0.0,0.0,0
4,0.0,0.0,0.0,0.0,0
