,max,min,avg,median,count
0,0.008072006498016466,0.000852661309928443,0.004775270897500886,0.005179698630135994,57
1,0.0029807127445464743,0.0009431435673162258,0.0018184789861318312,0.0018428468807858928,187
2,0.0016031927228788718,4.7896679469921486e-05,0.000993738433756288,0.0009105359562117579,196
3,0.018724375409780142,0.018724375409780142,0.018724375409780142,0.018724375409780142,1
4,0.0,0.0,0.0,0.0,0
