,max,min,avg,median,count
0,0.027294896502834908,0.007676955054289174,0.020063274112890103,0.020603415736370288,8
1,0.006522289483510411,0.0016320890201479317,0.0036860217565517065,0.003075922305831792,27
2,0.003069541508322865,0.000516893190002766,0.0017937136328724707,0.001900038505446144,123
3,0.010939713044275705,0.003169027765469346,0.007658027816365985,0.009275388258771134,29
4,0.0,0.0,0.0,0.0,0
