,max,min,avg,median,count
0,0.008936075564640126,0.0013757004234752409,0.006200659886947577,0.006988938563821161,22
1,0.0027732372583359863,0.00019530534034611186,0.0014632567257190261,0.0016917685650780657,45
2,0.0017747276904087172,0.000402192216578849,0.0010255482402565345,0.0007116730942396184,63
3,0.0,0.0,0.0,0.0,0
4,0.0,0.0,0.0,0.0,0
