,max,min,avg,median,count
0,0.011260650377882975,0.0027326476110925563,0.006661974966752389,0.006311723652514841,52
1,0.0022837328481425615,5.030052924472444e-05,0.0010129815033629167,0.001037496386910935,102
2,0.0012703618283298938,0.00027921908123095494,0.0007158266329264486,0.0006322263605974096,289
3,0.0,0.0,0.0,0.0,0
4,0.0,0.0,0.0,0.0,0
