,max,min,avg,median,count
0,0.0037200480490740162,0.001048747516858458,0.0020226119928330373,0.001940214402981263,52
1,0.0035107006298008953,0.0004596982402660977,0.0017948718939464873,0.0011677123944898874,126
2,0.0018058257864156666,0.0004166958754365695,0.0012133643510556745,0.0015276233050668536,178
3,0.0,0.0,0.0,0.0,0
4,0.0,0.0,0.0,0.0,0
