,max,min,avg,median,count
0,0.007735374682125258,0.0011543404842443128,0.004002406874373047,0.003785000894806628,30
1,0.0023686306558811797,0.0008283581125871231,0.0018264486691123333,0.0019993187791785224,76
2,0.013815361562276966,0.0015671050383930468,0.008123638640634184,0.01035346516728438,77
3,0.0,0.0,0.0,0.0,0
4,0.0,0.0,0.0,0.0,0
