,max,min,avg,median,count
0,0.01490384565752018,0.004054692126246949,0.009657817759237016,0.008634872594173712,18
1,0.00611911534845475,0.00022471281957972417,0.003249540031207144,0.0037193030235323924,29
2,0.0034279843923372302,0.00028179980183490333,0.0018980087616870867,0.002460526422345251,72
3,0.0,0.0,0.0,0.0,0
4,0.0,0.0,0.0,0.0,0
