,max,min,avg,median,count
0,0.007360079379531577,0.00045231048063471956,0.0038730103506288928,0.004132955338692034,67
1,0.004907225799684091,0.0002783066076346395,0.0021980922803978963,0.0017705050185725403,139
2,0.004335789702991378,0.0012989428883418022,0.002552580674619636,0.0022424933446724238,236
3,0.0,0.0,0.0,0.0,0
4,0.0,0.0,0.0,0.0,0
