,max,min,avg,median,count
0,0.009209665789562328,0.003785000894806628,0.005634658952824251,0.004385365631242908,30
1,0.005782321344484111,0.0008431301725693121,0.0038355782068745297,0.005386252479998445,67
2,0.0029297408301090463,0.00014869162391267896,0.0016967297753794099,0.0017435644303053714,103
3,0.0,0.0,0.0,0.0,0
4,0.0,0.0,0.0,0.0,0
