,max,min,avg,median,count
0,0.018506639278123203,0.0006353685637201656,0.008373141356937328,0.007002972361022069,10
1,0.005500947108760263,2.2029005278352183e-05,0.003512742677358031,0.004448817004068165,51
2,0.0019502687109662054,3.028399671936892e-05,0.0007282794161305795,0.0005820953720170691,142
3,0.0,0.0,0.0,0.0,0
4,0.0,0.0,0.0,0.0,0
