,max,min,avg,median,count
0,0.002266141767644033,0.0013585321098441426,0.0017459828985893534,0.0016985836897314922,68
1,0.00024764560352147846,5.217253905606757e-05,0.0001671165664043939,0.00018809340124877283,122
2,0.0004554289447651349,4.206608027383065e-06,0.0003410550724358177,0.0004541595725267281,256
3,0.0,0.0,0.0,0.0,0
4,0.0,0.0,0.0,0.0,0
