,max,min,avg,median,count
0,0.016406452582143388,0.0023616228980058813,0.007731030668299252,0.00394305507233275,14
1,0.0046374347088280815,0.002837650118896026,0.003731510829831108,0.0034680093711952934,28
2,0.0021212562567976584,0.0010536503207103569,0.0017248178256135658,0.001846838024886423,64
3,0.0,0.0,0.0,0.0,0
4,0.0,0.0,0.0,0.0,0
