,max,min,avg,median,count
0,0.011349446166514652,0.002669194856067906,0.008415356870941063,0.00967915035983396,23
1,0.007214121248954418,0.0023795649382723112,0.004558381683185735,0.0034384740219241972,60
2,0.0012479089249967997,5.154624786983191e-07,0.0006860063310827169,0.0006943063489677297,126
3,0.0,0.0,0.0,0.0,0
4,0.0,0.0,0.0,0.0,0
