,max,min,avg,median,count
0,0.012024603088943245,2.9850922506062026e-05,0.00569388076435345,0.006744730684724158,51
1,0.0023756074580073804,0.0002493801104439211,0.001751672009308531,0.002151835531313913,169
2,0.00215179890100457,0.0004358615624828125,0.001188926568885032,0.0009627920193113612,229
3,0.0,0.0,0.0,0.0,0
4,0.0,0.0,0.0,0.0,0
