,max,min,avg,median,count
0,0.0020022554008231547,5.3959554339622636e-05,0.0007475876989901458,0.00028282758954256893,54
1,0.0014120608604557758,0.00012991676804848573,0.0006907908477493899,0.000699426243042474,133
2,0.001705090990192006,0.0006090335529548687,0.0013131863539917357,0.001464779719366559,263
3,0.0,0.0,0.0,0.0,0
4,0.0,0.0,0.0,0.0,0
