,max,min,avg,median,count
0,0.2208896262594491,0.0015113500386977374,0.0768961774048563,0.07089048637335589,5
1,0.02056030160101722,0.004783353400656416,0.011762525288087088,0.01372205028597421,90
2,0.007644814893081348,0.0017200772802428018,0.003963159132188027,0.003578018819235297,62
3,0.036494542795588815,0.0013915055609741674,0.01545218013486133,0.015739863539507033,15
4,0.0,0.0,0.0,0.0,0
