,max,min,avg,median,count
0,0.008139359985307758,0.0014080746967057387,0.004310736554716828,0.0034525760801842518,81
1,0.0013053576656222583,2.6813409888148595e-05,0.0004587780943133684,0.00017561985083433632,331
2,0.011242474178879162,0.0009992611562846725,0.007044733893509882,0.006295442405367197,39
3,0.0,0.0,0.0,0.0,0
4,0.0,0.0,0.0,0.0,0
