,max,min,avg,median,count
0,0.0066275759664282405,0.0010622708778974547,0.0037855114957662814,0.0036938630537157085,20
1,0.0077847559304338,0.00215522953419948,0.006030606561646979,0.006678361614008197,28
2,0.0036460607829590735,0.0006167621419226675,0.0021439634213472813,0.00207167683581883,70
3,0.0,0.0,0.0,0.0,0
4,0.0,0.0,0.0,0.0,0
