,max,min,avg,median,count
0,0.011165441034979686,0.0031491312853074395,0.007642726373932027,0.007784014071988975,64
1,0.0012155572228410693,0.0002633374402589291,0.0005685927727529974,0.00043759436733366785,303
2,0.0021161404316206458,0.0005433473923517136,0.0015887245556491045,0.0018931717265509812,82
3,0.0,0.0,0.0,0.0,0
4,0.0,0.0,0.0,0.0,0
