,max,min,avg,median,count
0,0.009568573370044908,0.0037181932852937273,0.005436409754444736,0.004159125182985835,21
1,0.005677865747361374,0.0019313097324973262,0.003745926896542316,0.00403781472276484,60
2,0.00732635359046635,0.0008005076105852019,0.00315299040094328,0.002066648391548066,92
3,0.14861268054964502,0.04073411431721751,0.09805850357327184,0.10144360971311239,4
4,0.0,0.0,0.0,0.0,0
