,max,min,avg,median,count
0,0.0063390608768757436,0.0013806326298744722,0.005041900544590401,0.005690044632497889,41
1,0.0006214354257328987,0.00011903188979600002,0.0004035441917256971,0.0004565151897707009,191
2,0.0008408156659457595,3.1902115070311976e-05,0.000548817514422072,0.0007312050493172284,166
3,0.0,0.0,0.0,0.0,0
4,0.0,0.0,0.0,0.0,0
