,max,min,avg,median,count
0,0.043521093438899164,0.0026207376096261978,0.028257632139755625,0.03344434875524857,4
1,0.027799688391791984,0.00972292001770088,0.018132279051917555,0.016650564135723536,23
2,0.005869821962611705,0.0016304180034748257,0.004083834718836841,0.005158760307827858,91
3,0.0,0.0,0.0,0.0,0
4,0.0,0.0,0.0,0.0,0
