,max,min,avg,median,count
0,0.0071953802325694545,4.0821329831811746e-05,0.004684041043290864,0.0051845135131106754,50
1,0.006440060680775525,0.002115275582378049,0.0036970067277519738,0.0032694238716483386,143
2,0.0046298606775844854,0.00014317765648389115,0.002622612935889699,0.003219666746361303,259
3,0.0,0.0,0.0,0.0,0
4,0.0,0.0,0.0,0.0,0
