,max,min,avg,median,count
0,0.007911555794633223,2.6870836750398593e-05,0.0034228369185838325,0.0032609503959371957,12
1,0.005605114927524131,0.0009728957916909568,0.00391888325585624,0.0045427647924431375,28
2,0.004831120589702046,0.0006574654482247945,0.0028670147500566975,0.0025938488230738146,59
3,0.0,0.0,0.0,0.0,0
4,0.0,0.0,0.0,0.0,0
