,max,min,avg,median,count
0,0.028182491718383038,0.003558884125363994,0.016299362160305662,0.01799453279013323,11
1,0.016351394924832188,0.009595518032164456,0.012863955631770368,0.011628212797742328,19
2,0.0009284167979560283,0.0004364032070625686,0.0006434230675678101,0.0006173116675542296,380
3,0.0,0.0,0.0,0.0,0
4,0.0,0.0,0.0,0.0,0
