,max,min,avg,median,count
0,0.0035333888930503938,0.0007035004086428538,0.0021511262677987412,0.002435927455775158,42
1,0.0006746690693572935,1.7379878238546778e-05,0.00033605867135857363,0.00026284131086291173,266
2,0.0007762190528803603,0.00020872992688649502,0.0004901525399163975,0.0005120886591703359,147
3,0.0,0.0,0.0,0.0,0
4,0.0,0.0,0.0,0.0,0
