,max,min,avg,median,count
0,0.003302843632130269,1.9507146384433775e-05,0.0018219181246430394,0.002056926997066752,75
1,0.0011512901774986145,2.2455801147389683e-06,0.0006751607220066736,0.0008174152231886729,110
2,0.00046007088736693794,2.0366614677473456e-05,0.00022500295974731832,0.0002017607473957969,268
3,0.0,0.0,0.0,0.0,0
4,0.0,0.0,0.0,0.0,0
