,max,min,avg,median,count
0,0.024952525095902716,0.000974638748380571,0.01082656914116984,0.0020869731026977945,8
1,0.001914964919421514,0.00012343632224625414,0.0009158823542122614,0.00038529974003716027,37
2,0.005543544039405895,5.554111704837491e-05,0.0035530666389745357,0.004364565025535372,49
3,0.0,0.0,0.0,0.0,0
4,0.0,0.0,0.0,0.0,0
