,max,min,avg,median,count
0,0.02158870720039277,0.001249727784562816,0.012069573045810123,0.017416879003731567,14
1,0.005010005317427103,0.0006474828864780504,0.003014658134637453,0.0031481391111227116,38
2,0.0038939201305034487,0.000684712905033425,0.002389147917478767,0.001828144619634237,55
3,0.0,0.0,0.0,0.0,0
4,0.0,0.0,0.0,0.0,0
