,max,min,avg,median,count
0,0.02546630733910877,0.0005256769566955824,0.012708383896603965,0.015055754759018857,23
1,0.0029296001673953854,0.0008521921603288303,0.0019032408679146306,0.002370715234296614,59
2,0.001840436309051897,0.00040135353377331365,0.001327118654278925,0.0014422120938351619,91
3,0.0,0.0,0.0,0.0,0
4,0.0,0.0,0.0,0.0,0
