,max,min,avg,median,count
0,0.0053164564249814465,0.0013757004234752409,0.0035766573312026235,0.004054634246653989,42
1,0.0031610548753435055,0.0003700333717490849,0.0015499822543785385,0.0009496840951460829,75
2,0.004825007268370788,0.0010059096109749472,0.002724739239940763,0.0029403240571402615,108
3,0.0,0.0,0.0,0.0,0
4,0.0,0.0,0.0,0.0,0
