,max,min,avg,median,count
0,0.022166050139791914,0.006904741544341069,0.017267637404280882,0.018273599336927546,15
1,0.0185062603537374,0.0002902113165426652,0.009745610329761536,0.012469469000390206,24
2,0.007518246720266568,0.00030002529341726053,0.0043044655893577045,0.004727284523851809,53
3,0.0,0.0,0.0,0.0,0
4,0.0,0.0,0.0,0.0,0
