,max,min,avg,median,count
0,0.0380596682297748,0.003558884125363994,0.018511617914862354,0.009139882421846856,12
1,0.006288244753775492,0.0003041940818943541,0.004485400383432517,0.005803239634144489,68
2,0.0013158615516431426,0.00012277468380830975,0.0006910041782605626,0.0005545885689949969,379
3,0.0,0.0,0.0,0.0,0
4,0.0,0.0,0.0,0.0,0
