,max,min,avg,median,count
0,0.022807151198932424,0.0027325196036643933,0.010385587934176783,0.0051078669517035215,15
1,0.014067841391808148,0.002506229344706411,0.007384581369748568,0.006744445543557361,32
2,0.0018853095444984645,0.0002830806540357908,0.0010495603972415465,0.0009425650283878054,54
3,0.0,0.0,0.0,0.0,0
4,0.0,0.0,0.0,0.0,0
