,max,min,avg,median,count
0,0.1432247461207652,0.01411811778389655,0.07660869729929168,0.04539156057472425,5
1,0.05232755076658302,0.031028911315084243,0.03884415221375935,0.03519542311470777,11
2,0.002036737627393928,0.0005265235588332445,0.00117255801388589,0.0010091228261576391,88
3,0.026510732932220487,0.0013587553291020337,0.01393474413066126,0.01393474413066126,2
4,0.0,0.0,0.0,0.0,0
