,max,min,avg,median,count
0,0.020190798455854985,0.0008088267371079052,0.010386747518272645,0.01154827590796241,14
1,0.0053355107691614575,0.0009559304233942213,0.004227962435448631,0.0050186600074182824,30
2,0.0033614477427712512,0.0008334283795909672,0.002269925722287155,0.0024618381424262757,60
3,0.0,0.0,0.0,0.0,0
4,0.0,0.0,0.0,0.0,0
