,max,min,avg,median,count
0,0.008851915081405875,0.0012224264939960292,0.00566040800471999,0.005502239213665907,21
1,0.0035414871695782263,2.1205328177182005e-05,0.0017149087402527643,0.0017888792319534197,55
2,0.0054728355696441475,0.0004461796168910526,0.00240018172681014,0.000877181085317853,52
3,0.0,0.0,0.0,0.0,0
4,0.0,0.0,0.0,0.0,0
