,max,min,avg,median,count
0,0.058342560047067095,0.007268187488637345,0.031266101686292236,0.02429293551441889,9
1,0.009340490302808556,0.004211895768374586,0.006637966651837494,0.006579622678432997,40
2,0.009336883281004052,0.0006848490676582375,0.004404073107164015,0.0023702443196133324,53
3,0.0,0.0,0.0,0.0,0
4,0.0,0.0,0.0,0.0,0
