,max,min,avg,median,count
0,0.009993419543444826,0.0010145744886700205,0.006746151652347982,0.007915806443696247,59
1,0.0041580399867813585,0.00020809312275390642,0.002033512280946787,0.001773640583555971,273
2,0.0032614894179252797,0.00037684213904492017,0.0020249072219224854,0.003002839335583912,132
3,0.0,0.0,0.0,0.0,0
4,0.0,0.0,0.0,0.0,0
