,max,min,avg,median,count
0,0.05994034884001976,0.013920107577744499,0.03496464914806756,0.03261380375475911,9
1,0.00269126584857067,0.0002971683684275342,0.0013801803088945679,0.00140880271305409,89
2,0.04509684723570748,0.0005928904701993831,0.009955458262077615,0.0015136041574881603,74
3,0.0,0.0,0.0,0.0,0
4,0.0,0.0,0.0,0.0,0
