,max,min,avg,median,count
0,0.017266953442793907,0.0009165777398810697,0.011538977052400038,0.014763109927400993,45
1,0.0007127943046424865,0.0004346937976269309,0.0005502308416381281,0.0005013029294599496,274
2,0.0021085515013081987,5.5661013536205476e-05,0.001232534765469467,0.001513844902123864,146
3,0.0,0.0,0.0,0.0,0
4,0.0,0.0,0.0,0.0,0
