,max,min,avg,median,count
0,0.05809388134558877,0.005000608329040044,0.03012325405811998,0.027275272499731114,3
1,0.005625480241286967,0.0002593334289760481,0.0019507385445953103,0.0004807480869208395,29
2,0.003274132298748102,0.0005594832960578113,0.002073876700958869,0.0023905267604168805,60
3,0.0,0.0,0.0,0.0,0
4,0.0,0.0,0.0,0.0,0
