,max,min,avg,median,count
0,0.022600680307291482,0.0007643332765918504,0.011891225967332992,0.014069689172673473,9
1,0.009062185291814477,0.003038830806242684,0.005710447003240533,0.00575306192971335,68
2,0.0032759356715407434,0.00020891243737439734,0.0016166454403633266,0.0015886712087177797,77
3,0.0,0.0,0.0,0.0,0
4,0.0,0.0,0.0,0.0,0
