,max,min,avg,median,count
0,0.003162405616775132,1.9994982781371148e-05,0.00180305461496573,0.0018806115783124692,74
1,0.0029518809050352443,2.2029005278352183e-05,0.001364447685554642,0.0007675167715823114,148
2,0.0027004715045000818,0.0010045504431601582,0.0020516381426265913,0.0025910936180065032,240
3,0.0,0.0,0.0,0.0,0
4,0.0,0.0,0.0,0.0,0
