,max,min,avg,median,count
0,0.013156487334015903,0.0004873090872004284,0.0061710285899180635,0.005546783094670243,20
1,0.0027631291312099943,0.0007313886054939871,0.0017726245130813053,0.0018137140795769174,61
2,0.007572594478694432,0.0025347269987054727,0.00567800874197894,0.006053489911961608,32
3,0.0,0.0,0.0,0.0,0
4,0.0,0.0,0.0,0.0,0
