,max,min,avg,median,count
0,0.00777583236602739,0.0015029889065535703,0.003982166967522396,0.003304014580885972,79
1,0.0019953609526962767,2.1887351896569422e-05,0.0011270710670822494,0.001528236940487744,320
2,0.003639704726416132,1.7251792502979848e-05,0.0016789514916771809,0.0014279066061550726,67
3,0.0,0.0,0.0,0.0,0
4,0.0,0.0,0.0,0.0,0
