,max,min,avg,median,count
0,0.00522689429237262,0.0006841840295098822,0.0035923758121729154,0.004531175976337348,18
1,0.00754307202459479,0.002830002250036839,0.005449511696268707,0.006700979188099232,27
2,0.008618955160675339,0.002803704722413635,0.005004464981541607,0.004023352878497136,123
3,0.02506529446748108,0.0013915055609741674,0.014879618970190203,0.016530837926152783,4
4,0.0,0.0,0.0,0.0,0
