,max,min,avg,median,count
0,0.00628718760011305,0.001808688826347448,0.004720719376125643,0.005808058650344016,62
1,0.002923355452268498,0.00029584036262043234,0.00114699168691547,0.0009147497847689623,293
2,0.004487165363055446,0.00021330412335611557,0.0025963938251389986,0.0025910950913751504,114
3,0.0,0.0,0.0,0.0,0
4,0.0,0.0,0.0,0.0,0
