,max,min,avg,median,count
0,0.05399867429051042,0.01260040052839976,0.02889313427260688,0.030954029415758495,8
1,0.0057244444358605226,0.00025898211199693456,0.0028356435578159207,0.0024168568530726804,38
2,0.0036263615618241487,3.467020447141167e-05,0.0018696519096884315,0.0014424815799697413,67
3,0.0,0.0,0.0,0.0,0
4,0.0,0.0,0.0,0.0,0
