,max,min,avg,median,count
0,0.015258680910062548,0.0008803942331857327,0.007620839485209084,0.006618886201880852,21
1,0.009124822166348566,0.001935624030547534,0.005568825008845089,0.0052640010192225245,42
2,0.0057921374190882,2.043662879764337e-05,0.0023538353098555855,0.0008431823980528419,122
3,0.0,0.0,0.0,0.0,0
4,0.0,0.0,0.0,0.0,0
