,max,min,avg,median,count
0,0.045697081168503156,0.013210765184398055,0.03299036545736669,0.035826968994714915,11
1,0.0030757873116725003,0.0004908450907226853,0.0018157389337205975,0.0017107977709374886,33
2,0.0063575226070532375,0.0020191336693407553,0.004432459899162554,0.004358060923696424,48
3,0.0,0.0,0.0,0.0,0
4,0.0,0.0,0.0,0.0,0
