,max,min,avg,median,count
0,0.012009012637700626,0.001843272299557297,0.007192153867034125,0.008917447854368203,24
1,0.0035923562346431488,0.0016115766554842944,0.002675074169817846,0.0027631291312099943,50
2,0.009821840855650004,0.0035015569691879403,0.006893397726957809,0.007300707988246052,90
3,0.0,0.0,0.0,0.0,0
4,0.0,0.0,0.0,0.0,0
