,max,min,avg,median,count
0,0.007272268671029132,0.00022990960064898008,0.003894047630436659,0.0036303681713225804,23
1,0.008759769383952579,0.0007276657728488135,0.00427050440397138,0.004564968326266093,32
2,0.0017095853362515488,0.0004722063886622515,0.0010633757547822153,0.0011169262609536667,92
3,0.0,0.0,0.0,0.0,0
4,0.0,0.0,0.0,0.0,0
