,max,min,avg,median,count
0,0.0286954153577681,0.004652514284921825,0.016936409903430934,0.01978080509032592,11
1,0.005084663901811503,0.0012131783205208502,0.0027420223684344255,0.002432053703411062,181
2,0.00209423035197654,0.0004014147187983061,0.001218983398017386,0.0008856304716968569,230
3,0.008535475092708206,0.0006259408257311472,0.005262762790821314,0.007089032462202916,49
4,0.0,0.0,0.0,0.0,0
