,max,min,avg,median,count
0,0.029434555632577897,0.00863847968722808,0.01883417512770685,0.020702815401853338,12
1,0.018691322608653187,0.0013652928111591775,0.011751476080033072,0.013158467841287434,14
2,0.002385309265928357,0.0010431540239124108,0.0016758571463128564,0.0015106331006878686,75
3,0.0,0.0,0.0,0.0,0
4,0.0,0.0,0.0,0.0,0
