,max,min,avg,median,count
0,0.04019327656718557,0.013543574288815382,0.02749393065040756,0.028687077446758115,8
1,0.012037510323394857,0.001050860610977467,0.00588616223773941,0.007259704415418486,25
2,0.005257993441385621,0.00043013271461818305,0.0032755610209112595,0.003835718819499556,63
3,0.0,0.0,0.0,0.0,0
4,0.0,0.0,0.0,0.0,0
