,max,min,avg,median,count
0,0.03548059661284701,0.005059404908309043,0.024037781155862838,0.028836527593522104,16
1,0.008823509103059445,0.00021924702928885527,0.00523576346459353,0.007570567972673278,41
2,0.0036309859678228243,0.00129839226217318,0.0024818809418986295,0.00268471786291224,104
3,0.0,0.0,0.0,0.0,0
4,0.0,0.0,0.0,0.0,0
