,max,min,avg,median,count
0,0.04825716895232886,0.00836631268036302,0.022944360561377643,0.020920062330585826,12
1,0.013316402140971675,0.0006884955850846831,0.0070639369331428085,0.008111354127511749,30
2,0.004957290684387829,6.552210762711194e-05,0.0025624119124089215,0.0025613452488090255,63
3,0.009890081101740757,0.009890081101740757,0.009890081101740757,0.009890081101740757,1
4,0.0,0.0,0.0,0.0,0
