,max,min,avg,median,count
0,0.07375963179604221,0.0027625456256338467,0.03512054312086914,0.03129020053541976,6
1,0.012339831687525045,0.0008736020431882924,0.006678587057795941,0.006421284153671391,20
2,0.006579543495556233,0.0015968071306347762,0.004153218918389224,0.005405878275640043,60
3,0.0,0.0,0.0,0.0,0
4,0.0,0.0,0.0,0.0,0
