,max,min,avg,median,count
0,0.006131222240829721,0.0007174598315090089,0.0038644470037362487,0.0045081287522297335,19
1,0.001567573632307483,0.00023728764058857893,0.0008242830762774736,0.000606790628118888,42
2,0.002743874260083522,0.0009759111231518364,0.002068792656126893,0.0023007323500581437,102
3,0.0,0.0,0.0,0.0,0
4,0.0,0.0,0.0,0.0,0
