,max,min,avg,median,count
0,0.004728342466776897,5.909352527873474e-05,0.0025646683550124287,0.0027660577006786966,52
1,0.0024429302380366584,0.00015338452582831216,0.0010157842675387922,0.0002797284252106598,163
2,0.0014320287122606635,5.554111704837491e-05,0.000726159514003028,0.0010036048767686863,265
3,0.0,0.0,0.0,0.0,0
4,0.0,0.0,0.0,0.0,0
