,max,min,avg,median,count
0,0.00997018514372302,0.0010145744886700205,0.004275307227069447,0.0028396663323518945,55
1,0.00612264167890811,0.0004807480869208395,0.002991611012053019,0.0017686260584580877,110
2,0.002334999075332071,1.3642692918688103e-05,0.0009946585092007441,0.000764750531983671,314
3,0.0,0.0,0.0,0.0,0
4,0.0,0.0,0.0,0.0,0
