,max,min,avg,median,count
0,0.019745654991892434,0.0008706682491930917,0.013078617826504343,0.017092258739743935,17
1,0.003772382555210456,0.00045233592428972066,0.0021699516041408266,0.002243995750986939,60
2,0.006895306912990283,0.0008173584101945342,0.003545231654964545,0.004309965263653328,48
3,0.0,0.0,0.0,0.0,0
4,0.0,0.0,0.0,0.0,0
