,max,min,avg,median,count
0,0.010575178897206874,0.0007840738001964613,0.004944598951238921,0.003603211958989694,50
1,0.002402954906652719,0.0011530054953234222,0.0018377464894135677,0.0018698247638556592,97
2,0.0007804286486142364,5.3359365688398056e-05,0.0004790333700996118,0.0005576236300475766,139
3,0.0,0.0,0.0,0.0,0
4,0.0,0.0,0.0,0.0,0
