,max,min,avg,median,count
0,0.009730302203468037,0.0021197584407622733,0.005337102365042762,0.0053463584743443605,11
1,0.015493097949766162,0.0030046597295531868,0.011466098971469482,0.01271893099754362,20
2,0.00641372075624212,0.002284438628584754,0.004815449102673389,0.006272899542661327,60
3,0.0,0.0,0.0,0.0,0
4,0.0,0.0,0.0,0.0,0
