,max,min,avg,median,count
0,0.01894747705375543,0.0006755306442762877,0.011642052585046993,0.012044201418384288,20
1,0.013451329653961747,0.0026197565413959537,0.008135519874276496,0.0074338117448708545,38
2,0.0017983378694482598,0.00023816439433597394,0.0008505232864399363,0.0008746945636122087,99
3,0.0,0.0,0.0,0.0,0
4,0.0,0.0,0.0,0.0,0
