,max,min,avg,median,count
0,0.02023986200613926,0.006255817960016327,0.012343009518255534,0.012088159110968555,13
1,0.0011561460008814852,0.00018439178953040717,0.0006792542333702586,0.0008020059308819368,209
2,0.0006647747939855015,0.0001928711328480918,0.0003525583562739831,0.00026448313274454174,225
3,0.026281521103898017,0.026281521103898017,0.026281521103898017,0.026281521103898017,1
4,0.0,0.0,0.0,0.0,0
