,max,min,avg,median,count
0,0.08779340820193456,0.027294896502834908,0.04872452966586395,0.045374623854521685,6
1,0.010269962211876434,0.0016979996671835965,0.006279599101844513,0.008088050428059995,53
2,0.002865577832457251,0.0004285686953519647,0.0013633602504238339,0.0010902371505159493,76
3,0.01363266911395772,0.005236337373783203,0.009541299632454644,0.009796487955088383,23
4,0.0,0.0,0.0,0.0,0
