,max,min,avg,median,count
0,0.02713970595434911,0.006703003852934365,0.016898600433622225,0.01589627988994582,11
1,0.013861652865043608,0.0012225008073588545,0.006145707735879165,0.004966632486330383,28
2,0.010084366991760891,0.00019315877686683643,0.004080839067168366,0.0009810909332568535,60
3,0.0,0.0,0.0,0.0,0
4,0.0,0.0,0.0,0.0,0
