,max,min,avg,median,count
0,0.005179698630135994,1.6057402485731327e-05,0.003116383737573825,0.004497210861415829,60
1,0.0021712745255278417,0.00021357231712782978,0.0008910222462137774,0.0007173829529218356,258
2,0.0038188101378912533,0.0016826424459570884,0.002638897639050724,0.002468234076399865,162
3,0.039281434883595145,0.039281434883595145,0.039281434883595145,0.039281434883595145,1
4,0.0,0.0,0.0,0.0,0
