,max,min,avg,median,count
0,0.005594307366767846,0.00023373529033841227,0.0023356118525391613,0.0007643332765918504,41
1,0.0014250210002500464,0.00035612746821668924,0.0009704934889943985,0.0010396953898492692,157
2,0.0026534638222879725,0.00016047318900705556,0.0014843074536744238,0.001710146387677005,190
3,0.0,0.0,0.0,0.0,0
4,0.0,0.0,0.0,0.0,0
