,max,min,avg,median,count
0,0.005350227571734158,4.22394217907442e-05,0.0016908058564685858,0.0009279516642439577,33
1,0.005894993660286857,0.0013907649181212078,0.004370896140434122,0.004920346705045637,71
2,0.0016586805662438002,2.6863529202777062e-05,0.0012177928457980957,0.0014746710969260914,122
3,0.0,0.0,0.0,0.0,0
4,0.0,0.0,0.0,0.0,0
