,max,min,avg,median,count
0,0.01992787033517917,0.004139409955285674,0.011224665513631967,0.010587250381175346,12
1,0.009092463922374205,0.0029951229278904414,0.006970953062778752,0.007677034505448427,40
2,0.006758749466256774,0.0015662662333911482,0.003616119390750987,0.0037006207313054606,34
3,0.0,0.0,0.0,0.0,0
4,0.0,0.0,0.0,0.0,0
