,max,min,avg,median,count
0,0.02217452028033127,0.0023311015767306545,0.01235739007348668,0.012911003116414969,40
1,0.005489793946484697,0.001452424432320006,0.0037867162317511234,0.004397836288013529,189
2,0.004210108129268255,0.00030278452725485057,0.001724000427496146,0.0013923075471138475,254
3,0.0,0.0,0.0,0.0,0
4,0.0,0.0,0.0,0.0,0
