,max,min,avg,median,count
0,0.020166559507729585,0.0001247205347380198,0.009547382122573616,0.006418741658410617,14
1,0.005501342336561565,0.0019440179870596711,0.00341025945323297,0.003033466633138665,50
2,0.004733927925419775,0.0005352703210547228,0.002494701422713112,0.0022139317693776776,39
3,0.0,0.0,0.0,0.0,0
4,0.0,0.0,0.0,0.0,0
