,max,min,avg,median,count
0,0.026842553745841918,0.013744640739358896,0.02094389142953016,0.022077894174651752,15
1,0.018308266248403104,0.0007230610045564323,0.009962910891779465,0.00848547339707647,28
2,0.0013441672096754958,0.0004588444057341662,0.0011105348449252559,0.001301211161942286,103
3,0.0,0.0,0.0,0.0,0
4,0.0,0.0,0.0,0.0,0
