,max,min,avg,median,count
0,0.029166714920282565,0.004187144083940244,0.017606167162461373,0.021121280073794126,10
1,0.004913761851796291,0.00014292161760887204,0.0018829620646512689,0.0019471140947997124,27
2,0.005596545528805987,0.0017750654615076493,0.003920438191874929,0.004180780494144904,51
3,0.04943678188556082,0.04943678188556082,0.04943678188556082,0.04943678188556082,1
4,0.0,0.0,0.0,0.0,0
