,max,min,avg,median,count
0,0.020749917999311026,0.004187396380258379,0.00994106161772133,0.007081106371693622,10
1,0.004559388228179313,0.001071301624949426,0.0035041062895286566,0.004236084834726897,23
2,0.0048102435746752185,0.000510808881792057,0.002822958767481767,0.0032663526596579816,72
3,0.0,0.0,0.0,0.0,0
4,0.0,0.0,0.0,0.0,0
