,max,min,avg,median,count
0,0.004069588945482629,0.000156613238213098,0.00248084602136018,0.002807690169379141,57
1,0.0030574875490374663,2.376138465496406e-05,0.001497671192508319,0.0009441628084957669,107
2,0.0010663033853726077,4.049470529127256e-05,0.0006909862028636612,0.0008267104140717019,313
3,0.021039716074580713,0.0025450015161073286,0.013939027086198177,0.016168112408332283,9
4,0.0,0.0,0.0,0.0,0
