,max,min,avg,median,count
0,0.13597145147373504,0.006641954850432989,0.06792851630402827,0.07175420037127148,5
1,0.01113830290932265,0.0039557793183938195,0.006890943576722772,0.005952908401295645,27
2,0.004024401147466881,0.0007324526521409445,0.002046976777751957,0.001809256380934593,50
3,0.0,0.0,0.0,0.0,0
4,0.0,0.0,0.0,0.0,0
