,max,min,avg,median,count
0,0.011259260237671776,0.0020018935282370173,0.005796337722372739,0.004154955864092693,26
1,0.0033899280792840307,0.0006471724859636535,0.002024471641146359,0.0016182527617356881,47
2,0.003855176218573102,0.0009055768089244674,0.0023543328061243303,0.002485439671498816,69
3,0.07823886659252062,0.01498529693579765,0.04731843573728419,0.04873114368353429,3
4,0.0,0.0,0.0,0.0,0
