,max,min,avg,median,count
0,0.014074311832057275,0.001458869422796869,0.00726688818837071,0.006146282231413519,15
1,0.003841043195433177,0.0003347990734909566,0.0022987266759214977,0.0025572301321048142,58
2,0.004225006427210943,0.0003454061152929105,0.002094768334739529,0.002136765325256941,48
3,0.0,0.0,0.0,0.0,0
4,0.0,0.0,0.0,0.0,0
