,max,min,avg,median,count
0,0.005095691914096898,0.0006028118217427527,0.003178433718165703,0.004029676983951547,38
1,0.002473703857540542,0.0006397793786930253,0.0016863282442826054,0.002067144876797618,207
2,0.0028529326421690036,0.0017568025474933606,0.0024612956020610135,0.002479391142657575,76
3,0.0,0.0,0.0,0.0,0
4,0.0,0.0,0.0,0.0,0
