,max,min,avg,median,count
0,0.019918571517041392,4.310014521662692e-05,0.007245263402585219,0.005633071349846795,15
1,0.004144927908040338,0.000155122312086779,0.0020390916672978253,0.0012285093183051594,28
2,0.0018314150041272223,0.00036528633359274147,0.001173988184782632,0.001540000610388895,111
3,0.0,0.0,0.0,0.0,0
4,0.0,0.0,0.0,0.0,0
