,max,min,avg,median,count
0,0.0054430251427634,0.0008784809347744095,0.0033837394900250554,0.004154955864092693,22
1,0.005057906430041281,0.002281577691629687,0.003914201445559,0.004051651577595333,41
2,0.00843056662834167,0.0028197110141745243,0.005002531303355542,0.004681978677196482,84
3,0.12138463517163328,0.006547828213718523,0.05037305658011985,0.036779881467563794,4
4,0.0,0.0,0.0,0.0,0
