,max,min,avg,median,count
0,0.002652105900570947,0.0015029889065535703,0.002167636050806776,0.002301336357204599,80
1,0.001896578425370509,0.00011186593255046132,0.0010144722581095019,0.0008667346894041872,237
2,0.006183506739934532,0.0003823838196914963,0.004186674117197276,0.004626114898464306,172
3,0.0,0.0,0.0,0.0,0
4,0.0,0.0,0.0,0.0,0
