,max,min,avg,median,count
0,0.00943730331668896,0.0060179967156882945,0.007871932412400875,0.008100847296148928,83
1,0.005747592799362526,0.0014470405707763024,0.0037426783338468826,0.00434599294227047,118
2,0.0011392948093272893,0.00028179980183490333,0.0006160115810858065,0.0003792430882935521,292
3,0.0,0.0,0.0,0.0,0
4,0.0,0.0,0.0,0.0,0
