,max,min,avg,median,count
0,0.006626520673541484,0.0014151350170446136,0.004412633225524341,0.005546783094670243,18
1,0.007023213077010786,0.001260389362077269,0.003550703305221481,0.003406849345322538,34
2,0.002681834033274842,0.001713950985559689,0.0022320790492845284,0.002152907071764974,97
3,0.08293514326007755,0.015905496205558207,0.05394172079706686,0.07088386687388501,6
4,0.0,0.0,0.0,0.0,0
