,max,min,avg,median,count
0,0.003915590574125113,0.0018217324262112477,0.0027394309762398253,0.0026511783370794548,79
1,0.00046135698505812085,6.855457240958903e-05,0.00019297849784498332,0.00010208337604309886,236
2,0.008628226272882037,0.0006024114975696279,0.004062166712154644,0.0034629718035765725,176
3,0.0,0.0,0.0,0.0,0
4,0.0,0.0,0.0,0.0,0
