,max,min,avg,median,count
0,0.030707621107431724,0.006250584912942043,0.0157299631726679,0.010487749814105074,12
1,0.010418103537948477,0.0024987493723409716,0.005104791562501912,0.003729802443461859,26
2,0.07801198386299608,0.00015389499037994712,0.01931438065627728,0.0021713180010324235,44
3,0.007918319722268112,0.007918319722268112,0.007918319722268112,0.007918319722268112,1
4,0.0,0.0,0.0,0.0,0
