,max,min,avg,median,count
0,0.029270702700338408,0.0106345875584436,0.02210826719894133,0.022807435747043935,11
1,0.003541937361364203,0.0007978266704562173,0.0021278655184160254,0.0024275048291071384,59
2,0.010773226110464485,0.0034859581745066387,0.007419835020693303,0.00895795355069493,21
3,0.0,0.0,0.0,0.0,0
4,0.0,0.0,0.0,0.0,0
