,max,min,avg,median,count
0,0.04164952085802379,0.0005033767847345832,0.02610918369784216,0.02898934242433734,7
1,0.025974083138084508,0.0018403273500643186,0.012824252644363413,0.00866235715851482,16
2,0.0027232433434743472,0.0011817657680999781,0.0020478426198077713,0.0021923330207500057,50
3,0.0,0.0,0.0,0.0,0
4,0.0,0.0,0.0,0.0,0
