,max,min,avg,median,count
0,0.032606370972461565,0.004921992795772899,0.015453594176122737,0.006935683258371499,9
1,0.013842512577218377,0.0021833893101853115,0.008199613536894069,0.008585877040694774,20
2,0.004362297224661707,0.0008536876084120921,0.0026107948884636174,0.0020847657742318905,53
3,0.0,0.0,0.0,0.0,0
4,0.0,0.0,0.0,0.0,0
