,max,min,avg,median,count
0,0.07984756164903094,0.0045898172242321384,0.034869727556594954,0.034115051046661876,8
1,0.07883344218030248,0.0248147266536758,0.05387012463054867,0.06275340178846758,6
2,0.002402535314845049,0.0002118830050750118,0.0012959400147714317,0.0011117317195100918,136
3,0.0,0.0,0.0,0.0,0
4,0.0,0.0,0.0,0.0,0
