,max,min,avg,median,count
0,0.012820293035031162,0.0007341376995770471,0.00929282135983418,0.011702028974679366,51
1,0.004029714429679118,0.0006779777478839936,0.002272740182654364,0.001743711612170094,99
2,0.0034985560643041747,5.3359365688398056e-05,0.001715260153574118,0.0017972376084891752,348
3,0.0,0.0,0.0,0.0,0
4,0.0,0.0,0.0,0.0,0
