,max,min,avg,median,count
0,0.2158207451223344,0.03120993313208444,0.09882457709263713,0.08709594388339835,5
1,0.0047067333989997415,0.0010395521983220923,0.003440798267063889,0.00382179613300286,62
2,0.008027818740489768,0.002207162208861807,0.0053008803645278185,0.006538904489811155,58
3,0.009645636551172183,0.0003201232839022081,0.0037319557299257343,0.0015191776835731736,14
4,0.0,0.0,0.0,0.0,0
