,max,min,avg,median,count
0,0.012534885653354822,0.003733340285442081,0.008118163059872835,0.006711562618451591,8
1,0.02063940762407501,0.007780946264627885,0.015524640888172275,0.016045146426649497,15
2,0.003039142448312468,0.0007347038959613153,0.001991447837034751,0.0019189214880848907,60
3,0.0,0.0,0.0,0.0,0
4,0.0,0.0,0.0,0.0,0
