,max,min,avg,median,count
0,0.050722914877786775,0.021978869919055777,0.040448641643493106,0.0421884926893617,18
1,0.017812188362531824,0.006404330129806108,0.011410137399741895,0.01021130273249878,37
2,0.004653849344244776,0.0010102704892346877,0.002305429022434942,0.0018396380005347164,86
3,0.0,0.0,0.0,0.0,0
4,0.0,0.0,0.0,0.0,0
