,max,min,avg,median,count
0,0.02278688646654844,0.0040945086614341385,0.01562606276074624,0.017939560379059628,11
1,0.008998123946633749,0.0002736998875647974,0.004498653932676818,0.004363902196454205,24
2,0.0025161765503582097,0.0007416025845965839,0.0018747323444196853,0.0018926310103423503,47
3,0.0045226088906202165,0.0045226088906202165,0.0045226088906202165,0.0045226088906202165,1
4,0.0,0.0,0.0,0.0,0
