,max,min,avg,median,count
0,0.056198331921988434,0.011850431223483686,0.0404467000452705,0.043329313400487623,9
1,0.0058928854725422124,0.003232651859415712,0.0041453059682999335,0.0036191252162492216,30
2,0.00339137187381669,0.000268054830939521,0.0010859139970937578,0.0005361115549070162,43
3,0.0,0.0,0.0,0.0,0
4,0.0,0.0,0.0,0.0,0
