,max,min,avg,median,count
0,0.00967915035983396,0.0006166714452460783,0.00451945980507133,0.0051845135131106754,43
1,0.0023813585497407625,0.0006884955850846831,0.0014625062255950966,0.0012491098810508158,89
2,0.0028858432088217354,2.6906172449135504e-05,0.0009488128938947157,0.0006269321970295423,273
3,0.0,0.0,0.0,0.0,0
4,0.0,0.0,0.0,0.0,0
