,max,min,avg,median,count
0,0.020880605658111957,0.009669793415639462,0.014825824736014409,0.015814460216179483,22
1,0.035869905953839716,0.0009026033238989569,0.01929064917701563,0.01877949217611886,31
2,0.002705986623393122,0.0005367824239096746,0.0015491523304030654,0.00140881019669214,97
3,0.0,0.0,0.0,0.0,0
4,0.0,0.0,0.0,0.0,0
