,max,min,avg,median,count
0,0.0212742767110505,0.0031715688287091834,0.010242212625250042,0.011598255344281888,12
1,0.012906363065122831,0.00042719739103070097,0.007607518051303323,0.00847776001570742,22
2,0.005870037110732319,0.0016721250853439869,0.003681053639151349,0.003412501314291531,56
3,0.0,0.0,0.0,0.0,0
4,0.0,0.0,0.0,0.0,0
