,max,min,avg,median,count
0,0.028838511380902557,0.0002207252176532636,0.012618594155552637,0.0030888373116568276,5
1,0.002719753967417664,6.592702641387004e-06,0.001159543273341539,0.0005474104548855652,42
2,0.004458651365815437,0.0011160831583777837,0.0028912578760300705,0.0028624704739756163,30
3,0.0,0.0,0.0,0.0,0
4,0.0,0.0,0.0,0.0,0
