,max,min,avg,median,count
0,0.03256454432519555,0.004554359586243996,0.02102381530093827,0.02593374716137655,16
1,0.00947846445636398,0.00037648574437084336,0.003909940933656391,0.0018417425825150982,42
2,0.001798107447683445,0.0013130579886287868,0.001536743293013784,0.0015036680323438705,79
3,0.0,0.0,0.0,0.0,0
4,0.0,0.0,0.0,0.0,0
