,max,min,avg,median,count
0,0.1329714969440789,0.04653211887198877,0.1087272027171697,0.11912853679429651,22
1,0.10163681658847878,0.05310133668097353,0.07427305857510608,0.07018833326609616,36
2,0.018893297839489016,0.005742315687351714,0.011606216393903605,0.009543426289953897,105
3,0.0,0.0,0.0,0.0,0
4,0.0,0.0,0.0,0.0,0
