,max,min,avg,median,count
0,0.013854944235977853,0.0014291610948497712,0.008581581438713431,0.011907946474669273,85
1,0.00369686060254401,0.00025603964268638144,0.002347897285877637,0.0026740743194086504,119
2,0.002188319725689223,0.00047042041849861476,0.0011808885147725039,0.0007702819993105828,300
3,0.0,0.0,0.0,0.0,0
4,0.0,0.0,0.0,0.0,0
