,max,min,avg,median,count
0,0.014297929505152556,0.0048081071757842654,0.008128793282245795,0.007423369368232848,84
1,0.004199524824641017,0.00032507790849893077,0.0017417945789274096,0.0007162338746111975,118
2,0.0008202832588702179,0.00015268425817320614,0.0004117007465638204,0.0003602202156113613,299
3,0.0,0.0,0.0,0.0,0
4,0.0,0.0,0.0,0.0,0
