,max,min,avg,median,count
0,0.020005878935283678,0.005468841893149422,0.013087072587468282,0.011574769085016917,19
1,0.02039250806841031,0.00617940475130611,0.01232658685921748,0.010269299065994907,40
2,0.005706639765320677,0.0024170292330963107,0.004445172605898202,0.0047547446580354135,84
3,0.25686281802236377,0.07632242772957731,0.16659262287597054,0.16659262287597054,2
4,0.0,0.0,0.0,0.0,0
