,max,min,avg,median,count
0,0.0023616228980058813,0.00023025896695137244,0.0014900252715649596,0.001458869422796869,87
1,0.0028145760980699827,0.0006530344581352781,0.0016592641309478317,0.0017683305040131316,213
2,0.001096072645101512,0.0001928711328480918,0.0005974739275436571,0.0005188547025745242,204
3,0.0,0.0,0.0,0.0,0
4,0.0,0.0,0.0,0.0,0
