,max,min,avg,median,count
0,0.0017020035011877175,0.00047422599375997085,0.0010877238562267588,0.001112653498657314,85
1,0.0025810027172497676,0.0013767835736230149,0.0019677505209642213,0.002091739045037397,119
2,0.0012757851449650733,0.0008334283795909672,0.0010150547301279855,0.0009082652088948751,300
3,0.0,0.0,0.0,0.0,0
4,0.0,0.0,0.0,0.0,0
