,max,min,avg,median,count
0,0.048265452070856044,0.0047013316721205125,0.01912587464026578,0.011353933740221495,8
1,0.011278388908429148,0.0007944640555434043,0.004452308794579374,0.003937523351832753,22
2,0.01512383071677302,0.00579287587939896,0.011166650939795995,0.011951829744247813,48
3,0.0,0.0,0.0,0.0,0
4,0.0,0.0,0.0,0.0,0
