,max,min,avg,median,count
0,0.06089419712381103,0.002594954401413928,0.031806967460978705,0.029690340525514888,8
1,0.0024803816877995645,0.0005701488717237828,0.0018224334762623837,0.0020852608247827905,38
2,0.002970010514855737,0.00035441500869200666,0.0018378029397578394,0.0022046466604919187,93
3,0.0,0.0,0.0,0.0,0
4,0.0,0.0,0.0,0.0,0
