,max,min,avg,median,count
0,0.013744640739358896,0.0022048865231644958,0.007059740685617763,0.004690956189917816,13
1,0.0026313589413729287,4.604634057399142e-05,0.001261441243190603,0.0008012504739441279,88
2,0.009106824993615249,0.0010010156074956756,0.0044313045620348645,0.0024014072208004373,41
3,0.0,0.0,0.0,0.0,0
4,0.0,0.0,0.0,0.0,0
