,max,min,avg,median,count
0,0.018226049829667884,0.0012743835856712181,0.009425397032996255,0.007383790427304055,14
1,0.005144644729376434,0.0020473830417754063,0.004052009685143713,0.00449602365412289,81
2,0.014740014552392924,0.0029969707471366415,0.007669498037466614,0.0078021580755761695,36
3,0.0,0.0,0.0,0.0,0
4,0.0,0.0,0.0,0.0,0
