,max,min,avg,median,count
0,0.03261194970578806,0.005455844147668953,0.02241146914590706,0.02463914757879005,12
1,0.013812425361107099,0.0010261497682103869,0.006873249224606621,0.007852482323535416,26
2,0.0029405968060254987,8.056144801192497e-05,0.0017545561782986402,0.0022604291535360337,64
3,0.0,0.0,0.0,0.0,0
4,0.0,0.0,0.0,0.0,0
