,max,min,avg,median,count
0,0.004534301801234318,0.0007718740359817833,0.00279260554086757,0.002652105900570947,71
1,0.0015725486397072741,0.0006078524286826487,0.0010604455891457744,0.001016797535385623,181
2,0.0022195837991163406,2.0626845860583347e-05,0.0013548031528910075,0.0013359638704437437,203
3,0.0,0.0,0.0,0.0,0
4,0.0,0.0,0.0,0.0,0
