,max,min,avg,median,count
0,0.015614164447221668,0.006146282231413519,0.011183533825966253,0.01114840364050149,11
1,0.016090768968170372,0.0008023726713309524,0.0065290582326552994,0.005637527982821814,29
2,0.003544927533274491,0.0014766511376215197,0.002467836549290354,0.0022139317693776776,70
3,0.0,0.0,0.0,0.0,0
4,0.0,0.0,0.0,0.0,0
