,max,min,avg,median,count
0,0.01951244336479772,0.004711138070007457,0.010431727549290665,0.0071247435138961,11
1,0.010103692205013932,0.0011394977368192971,0.0062900594654782625,0.007178929167868882,23
2,0.008941153817461626,0.004480992240204435,0.007523654415863642,0.008139818576245043,40
3,0.026898239079291255,0.026898239079291255,0.026898239079291255,0.026898239079291255,1
4,0.0,0.0,0.0,0.0,0
