,max,min,avg,median,count
0,0.16222071813237074,0.03344439927799165,0.06147803472423896,0.037765607291085725,5
1,0.024826214504260598,0.012343877483109441,0.01974118563723195,0.02362828537167935,19
2,0.0026111557834648104,0.000920466924953617,0.001480108438453811,0.001395697925107239,70
3,0.0,0.0,0.0,0.0,0
4,0.0,0.0,0.0,0.0,0
