,max,min,avg,median,count
0,0.006921232650642172,0.001228913051278577,0.004344379601439286,0.004562627332342087,44
1,0.0019692708953484525,0.0007969661864051105,0.0014894231142894248,0.001651313233184225,220
2,0.003983972568553061,0.0011147346783869504,0.0025096602186078258,0.0022946589569830082,240
3,0.0050966594559761725,0.0050966594559761725,0.0050966594559761725,0.0050966594559761725,1
4,0.0,0.0,0.0,0.0,0
