,max,min,avg,median,count
0,0.1198348072134854,0.000939130272332725,0.045611322567265154,0.035749900355974994,8
1,0.031023797491627845,0.013200476469550108,0.023236503263132556,0.02127048486925537,21
2,0.0053768452220848304,0.0005971782644784103,0.0029323173080468535,0.002919138980324617,103
3,0.002897746842967687,0.002897746842967687,0.002897746842967687,0.002897746842967687,1
4,0.0,0.0,0.0,0.0,0
