,max,min,avg,median,count
0,0.036744563897458046,0.0070847883806958245,0.023006190396720885,0.023419813943688243,20
1,0.024299807049648226,0.005942304481088176,0.015007811813061248,0.011604352382369048,36
2,0.006665471130009597,0.0030597031472144784,0.0051381334724316255,0.005832675732423412,92
3,0.04761096781641586,0.019181021925409082,0.02924713819725792,0.020949424849948814,3
4,0.0,0.0,0.0,0.0,0
