,max,min,avg,median,count
0,0.006641954850432989,0.0030888373116568276,0.005627920367026524,0.006050636485278289,52
1,0.005750653059527253,0.0008048255190451495,0.0033792480859508424,0.0024839632851909638,115
2,0.002236948259650612,0.00010988648582482106,0.001564028525479801,0.0019032583152789656,342
3,0.0,0.0,0.0,0.0,0
4,0.0,0.0,0.0,0.0,0
