,max,min,avg,median,count
0,0.006771438640948419,0.0003778329053202252,0.0034322573823746495,0.0029465909126039184,9
1,0.01465099367204372,0.0026201737028719602,0.008510129626039437,0.008206901538458766,25
2,0.007223089520194124,5.295716730045169e-05,0.003646383347531354,0.004596438741693081,45
3,0.0,0.0,0.0,0.0,0
4,0.0,0.0,0.0,0.0,0
