,max,min,avg,median,count
0,0.01799453279013323,0.0010898213040207263,0.008614270290045165,0.008232586004731583,13
1,0.0026325566093807757,0.0002670983453042027,0.0009870086740940928,0.0005305983691655876,69
2,0.002591468234958195,7.051998836421086e-05,0.0013400535376211873,0.0015916208130754709,429
3,0.0,0.0,0.0,0.0,0
4,0.0,0.0,0.0,0.0,0
