,max,min,avg,median,count
0,0.06773729935507267,0.001758045657771642,0.02380686438901514,0.0045898172242321384,6
1,0.01213395299399714,0.003978212174395159,0.006864761802447722,0.005946029589832163,17
2,0.005952811644616279,0.00011658619739291213,0.0020883604255241576,0.0005275567975013488,123
3,0.0,0.0,0.0,0.0,0
4,0.0,0.0,0.0,0.0,0
