,max,min,avg,median,count
0,0.007147592932814341,0.00021078215477944183,0.0030700993595707358,0.0033139836845539395,60
1,0.00583034941321652,0.00045298041924809947,0.0033137510257642403,0.0023490388236786113,109
2,0.0009609618986972884,8.813737689114621e-05,0.0005737616676577786,0.0006908845882372413,330
3,0.06440684579866403,0.006700379311990998,0.029768120328882895,0.022888533765212462,9
4,0.0,0.0,0.0,0.0,0
