,max,min,avg,median,count
0,0.011369594938109774,0.002108592850991814,0.00634641642846744,0.006619551824162147,13
1,0.014751367102523961,0.008625556266481036,0.01110462123550216,0.010189105267721208,18
2,0.0012682542111270788,0.00011907833715898709,0.0008893460622729447,0.0010287403409757567,54
3,0.0,0.0,0.0,0.0,0
4,0.0,0.0,0.0,0.0,0
