,max,min,avg,median,count
0,0.009867662839270265,0.001514297436970691,0.006500470111212453,0.007250249401718019,22
1,0.005659437526062741,0.000950360552646323,0.0031408993611573297,0.0021997616989584217,70
2,0.013240690302843,0.002382397623177112,0.008445023185452222,0.008882285084251578,32
3,0.0,0.0,0.0,0.0,0
4,0.0,0.0,0.0,0.0,0
