,max,min,avg,median,count
0,0.01609973106237026,0.002386927829866437,0.007417256583854148,0.007368699397281936,11
1,0.014268708808881652,0.006606016033110158,0.009817202215378153,0.010395485953121833,23
2,0.004615300098763999,0.000726545157579017,0.002875528564166576,0.0030791043801841004,46
3,0.0,0.0,0.0,0.0,0
4,0.0,0.0,0.0,0.0,0
