,max,min,avg,median,count
0,0.043660384307652185,0.004649945930472796,0.02661615485328859,0.03554309373791587,15
1,0.010164486624974984,4.6632636677725044e-05,0.00465281119801476,0.004369101129517696,48
2,0.00396693242183557,7.073372799760801e-05,0.0018922906922021723,0.0012711877341322123,91
3,0.0,0.0,0.0,0.0,0
4,0.0,0.0,0.0,0.0,0
