,max,min,avg,median,count
0,0.009151623337366284,0.0006939169008310355,0.004315117927854369,0.00448013635372312,56
1,0.003795126415403671,0.0020125249545684715,0.002767955240563189,0.0024275048291071384,184
2,0.011935256910736047,2.445253253105339e-05,0.004659511500145812,0.0025331972578814268,274
3,0.0,0.0,0.0,0.0,0
4,0.0,0.0,0.0,0.0,0
