,max,min,avg,median,count
0,0.18845040990478948,0.020815223828752883,0.10416728064327271,0.0642373497457295,14
1,0.040517373649567895,0.006686095622098148,0.02539777513433956,0.028351583708874924,26
2,0.011956302703021985,0.0016060432183449646,0.009063141514770369,0.010290244401640145,108
3,0.0,0.0,0.0,0.0,0
4,0.0,0.0,0.0,0.0,0
