,max,min,avg,median,count
0,0.049389574230961096,0.00436923422277286,0.017749105941258274,0.01439969405896593,9
1,0.01916692002088916,0.0003325486622529404,0.007168691249466758,0.0038155352656319636,20
2,0.009848170789743428,0.0012350339295349622,0.004847357876412382,0.004717526485912466,40
3,0.0,0.0,0.0,0.0,0
4,0.0,0.0,0.0,0.0,0
