,max,min,avg,median,count
0,0.0368790228731405,0.0006841840295098822,0.017819209759338844,0.015278048979629368,48
1,0.004334217236410736,0.0010860623280240735,0.003558247720011421,0.004065487905166661,206
2,0.0011060095512836548,0.0006714132863755555,0.0009752357917540467,0.0010287403409757567,256
3,0.06181284854120224,0.02622623931925565,0.04679998048121995,0.05236085358320195,3
4,0.0,0.0,0.0,0.0,0
