,max,min,avg,median,count
0,0.033416966481153706,0.0007970666295771928,0.014337233826287576,0.012754337347056086,10
1,0.024673131871520006,0.0012936623563059443,0.012199499357442259,0.00990167534377119,22
2,0.004005319259736573,0.0007354074488981074,0.0026956940870789137,0.003172043301712464,87
3,0.0,0.0,0.0,0.0,0
4,0.0,0.0,0.0,0.0,0
