,max,min,avg,median,count
0,0.014650624303312395,0.002866212516307563,0.010142167468104136,0.011980122420522044,57
1,0.002331963465987551,3.484719168403334e-06,0.0010883260547394744,0.0014095336599358721,297
2,0.003842262806508952,0.00024176794025599992,0.0015371315639937945,0.0005233413819175927,161
3,0.0,0.0,0.0,0.0,0
4,0.0,0.0,0.0,0.0,0
