,max,min,avg,median,count
0,0.027275272499731114,0.010114006484773331,0.02078151733862448,0.02496029818063022,10
1,0.002400526618495869,0.0005619340061259013,0.0016189653225965862,0.0017888792319534197,96
2,0.06620459699850494,0.0002036949389288372,0.013568675065315023,0.00032967749467034674,325
3,0.0044000454176291405,0.0005978654978588999,0.0020939803319917757,0.0013587553291020337,76
4,0.0,0.0,0.0,0.0,0
