,max,min,avg,median,count
0,0.11033886895868439,0.024875037852934642,0.058614231044751844,0.05204510693194057,7
1,0.013488236539716064,0.0021100619878412935,0.009278533541882308,0.01113306648824826,24
2,0.008081078881555874,0.004629190154308243,0.006383481964682948,0.0063595153888042774,40
3,0.0,0.0,0.0,0.0,0
4,0.0,0.0,0.0,0.0,0
