,max,min,avg,median,count
0,0.04404685867713663,0.014924900341662991,0.02765817754520204,0.025830475581004264,4
1,0.008270839634097573,0.0026016079268973294,0.005171198799615679,0.004174793915001081,20
2,0.003288783675364346,4.3472709224202194e-05,0.001234403241570189,0.0006538533680280635,38
3,0.0,0.0,0.0,0.0,0
4,0.0,0.0,0.0,0.0,0
