,max,min,avg,median,count
0,0.056497931022559233,0.009575131329005608,0.035549125431194435,0.038956336571309993,6
1,0.020936698439413936,0.004109003088313642,0.01206201383050732,0.008042579606979293,25
2,0.0084297782617513,0.00037992239688318906,0.005348607306814674,0.005963945661771184,87
3,0.04702172891668281,0.04702172891668281,0.04702172891668281,0.04702172891668281,1
4,0.0,0.0,0.0,0.0,0
