,max,min,avg,median,count
0,0.024684280583885783,0.0074119538343106325,0.015156948540418219,0.01475670038174724,21
1,0.0035680954151702843,0.0006049725599785835,0.0014507381264852726,0.0010036106624241718,68
2,0.018705164202697272,0.0023635341674176657,0.010232897621817094,0.008027818740489768,33
3,0.0,0.0,0.0,0.0,0
4,0.0,0.0,0.0,0.0,0
