,max,min,avg,median,count
0,0.12848163737805066,0.0035102320871527896,0.06535001783068047,0.07234743350623493,8
1,0.015618027224962527,0.0011713635803157027,0.005364173562991668,0.003640425851640494,26
2,0.011636399931219042,0.0022046664883731914,0.006353416616542306,0.006111313691788161,91
3,0.0,0.0,0.0,0.0,0
4,0.0,0.0,0.0,0.0,0
