,max,min,avg,median,count
0,0.004726957495705527,0.0010565972727823256,0.00296339167357942,0.003061114934598933,52
1,0.0026749355031845156,0.0006229479894955214,0.0019269682521392175,0.0020201252753587386,82
2,0.0017750654615076493,0.0008068529189156614,0.001370753813943799,0.0015343060708372038,383
3,0.0,0.0,0.0,0.0,0
4,0.0,0.0,0.0,0.0,0
