,max,min,avg,median,count
0,0.17408507089621678,0.019778751924690394,0.08534067810475518,0.07374944479905676,4
1,0.03157384932709159,0.011631077304508956,0.019853905310982668,0.020291746687189385,8
2,0.010781983919345617,0.0002951082605342921,0.00330015921382914,0.0013017495062736823,61
3,0.0,0.0,0.0,0.0,0
4,0.0,0.0,0.0,0.0,0
