,max,min,avg,median,count
0,0.011917364270789125,0.001843272299557297,0.006046644011395747,0.005734916509535438,26
1,0.006600550009560819,0.0013303206967512828,0.004044794385206242,0.0045108984454292735,42
2,0.0025441154800989185,0.0009810909332568535,0.0018637797372245267,0.001990704718412253,79
3,0.0,0.0,0.0,0.0,0
4,0.0,0.0,0.0,0.0,0
