,max,min,avg,median,count
0,0.004341039465566894,0.0007597264908185395,0.002516122124311922,0.002711878070325136,54
1,0.001659520311401353,0.00014292161760887204,0.0008343392989112102,0.0008507701186085843,205
2,0.005622814115678357,0.00010069969502945789,0.0021705971126528617,0.0011369221167416518,257
3,0.0,0.0,0.0,0.0,0
4,0.0,0.0,0.0,0.0,0
