,max,min,avg,median,count
0,0.003939776666378869,0.0005033767847345832,0.001926136001066859,0.0013927360726589933,84
1,0.00224188740508565,0.0014862471148899543,0.0019142916815018188,0.0018996711466699975,137
2,0.0038626513893130843,0.00015729481218134138,0.0018735647925048498,0.0014312945360211535,295
3,0.0,0.0,0.0,0.0,0
4,0.0,0.0,0.0,0.0,0
