,max,min,avg,median,count
0,0.012486868822233838,0.00035057314349160295,0.006692474592872835,0.006904741544341069,17
1,0.0031010125864143413,0.00033376693827602083,0.001718990201838993,0.0015887277800982853,103
2,0.009501361453626202,0.0008136962782385293,0.003839834715224385,0.003339391155569487,13
3,0.0,0.0,0.0,0.0,0
4,0.0,0.0,0.0,0.0,0
