,max,min,avg,median,count
0,0.006529961492079342,0.001088075133495077,0.003421883435689805,0.0027625456256338467,45
1,0.0015887277800982853,0.0004264723094922441,0.0012343485622028972,0.0013642263474996478,72
2,0.0011135759657766346,0.0004554289447651349,0.0007935523320310422,0.0007698619220693334,306
3,0.0,0.0,0.0,0.0,0
4,0.0,0.0,0.0,0.0,0
