,max,min,avg,median,count
0,0.04533857093310792,0.020445371800494275,0.032787579399833414,0.03257879546589805,3
1,0.010151041153162534,0.001254747748080419,0.005839684753569585,0.005230125217202205,15
2,0.007400940227606876,0.0042787696532608985,0.005660665567047365,0.0049615778408079875,41
3,0.0,0.0,0.0,0.0,0
4,0.0,0.0,0.0,0.0,0
