,max,min,avg,median,count
0,0.06803236504549831,0.0006084811808123258,0.03212052512182443,0.03195069777059264,11
1,0.013761888750593296,0.003705716718683381,0.007874804291466956,0.007025173096926498,20
2,0.006001139695046665,0.0005946693867135142,0.0033210205675642352,0.003434078052176573,82
3,0.0,0.0,0.0,0.0,0
4,0.0,0.0,0.0,0.0,0
