,max,min,avg,median,count
0,0.06919748718155944,0.012278463704468726,0.03273128350257308,0.025154344240496243,5
1,0.00560816977933411,0.0003958055596585235,0.0023877624019553443,0.0021672633239638627,38
2,0.01211006787230217,0.0043358520193512535,0.007278046232926475,0.005807844973570553,18
3,0.0,0.0,0.0,0.0,0
4,0.0,0.0,0.0,0.0,0
