,max,min,avg,median,count
0,0.001992793449055221,3.223102126169794e-05,0.0012756728951866182,0.0013927360726589933,82
1,0.0024107159413513375,0.00027936078147515643,0.0012064443493249115,0.001174257014904292,136
2,0.0008777739917968677,6.293199447091504e-05,0.0005370944660748164,0.0006512903374532421,281
3,0.0,0.0,0.0,0.0,0
4,0.0,0.0,0.0,0.0,0
