,max,min,avg,median,count
0,0.003966971190718533,0.0007174010607825999,0.001965136075157967,0.0013953184535185174,56
1,0.0022785825581826593,0.0003919945104375821,0.0015659633706315468,0.0018530228141626496,148
2,0.0007510609291988007,7.66343663917912e-05,0.0005308428018963637,0.000684712905033425,318
3,0.0,0.0,0.0,0.0,0
4,0.0,0.0,0.0,0.0,0
