,max,min,avg,median,count
0,0.023421006325009208,0.0001247205347380198,0.010370026041134647,0.007343383719236845,11
1,0.004379347383250529,0.0006277688846526254,0.0021109895034415087,0.0013007166890120602,41
2,0.008576162870520557,0.0019795764559782086,0.0051691716760672145,0.004988946632539199,28
3,0.0,0.0,0.0,0.0,0
4,0.0,0.0,0.0,0.0,0
