,max,min,avg,median,count
0,0.011917364270789125,0.002756912916599678,0.007731737583255817,0.009116017465717195,23
1,0.006459601335264864,0.0002193746167462744,0.002020672333525714,0.0011785865621333517,60
2,0.004041818490715331,0.002319882062577,0.0032190344733860044,0.003459206969751403,61
3,0.0,0.0,0.0,0.0,0
4,0.0,0.0,0.0,0.0,0
