,max,min,avg,median,count
0,0.0030662033562347344,5.719284918689356e-05,0.0016972578508808699,0.002381534868859478,16
1,0.0038155352656319636,0.0006571222048263576,0.002217750988954291,0.0020473830417754063,48
2,0.004313785939064461,0.00031951771294097477,0.002356584601287061,0.0029937766690301825,51
3,0.0,0.0,0.0,0.0,0
4,0.0,0.0,0.0,0.0,0
