,max,min,avg,median,count
0,0.11545328909286495,0.018965148548384846,0.0600904477424888,0.0442001064875743,6
1,0.0180884345436023,0.002131215263115342,0.0096982100340601,0.005513076643140708,37
2,0.013990545599511225,0.0012906011696477832,0.008896752731461162,0.01049438524518744,71
3,0.0,0.0,0.0,0.0,0
4,0.0,0.0,0.0,0.0,0
