,max,min,avg,median,count
0,0.004726957495705527,0.0002207252176532636,0.002360499124573401,0.0024849390126094697,53
1,0.003198806291457024,0.0005453729334701673,0.0014214352382351345,0.0012055603742141777,82
2,0.0021463545770970954,0.0001313654972926752,0.0007973248737017747,0.0006660331448039733,378
3,0.0,0.0,0.0,0.0,0
4,0.0,0.0,0.0,0.0,0
