,max,min,avg,median,count
0,0.052182483575203546,0.010286377044029037,0.039677542022426425,0.05070549535032395,10
1,0.025388493007621984,0.0013040408892585277,0.009703935445889923,0.005539893026159042,27
2,0.004928337321135492,0.00030514521993637444,0.0031042148776380314,0.003937615676966236,63
3,0.0,0.0,0.0,0.0,0
4,0.0,0.0,0.0,0.0,0
