,max,min,avg,median,count
0,0.008195770877135978,0.0022543595025139277,0.005177855526809598,0.005506209249020715,63
1,0.0010059904879894763,0.00012638978335790364,0.0005030600146259378,0.00045298041924809947,258
2,0.006025822724281925,4.3472709224202194e-05,0.003137853768918713,0.0038378958423064976,205
3,0.0,0.0,0.0,0.0,0
4,0.0,0.0,0.0,0.0,0
