,max,min,avg,median,count
0,0.046476751711044456,0.0028252875088305867,0.02765488155668852,0.025510905026425734,5
1,0.010102148064798935,0.0023891069497322852,0.006370516667914769,0.007685049015419368,31
2,0.012007359283528755,0.0005128942895219262,0.006145653883777884,0.005066140360687682,18
3,0.0,0.0,0.0,0.0,0
4,0.0,0.0,0.0,0.0,0
