,max,min,avg,median,count
0,0.019333919858614056,0.0036478865187125524,0.013248468632383426,0.015006034076103549,4
1,0.011096034026954431,0.00028804852494117,0.006661504479898753,0.007150052493198105,11
2,0.006487274311965425,5.654620153608709e-05,0.003158938256117609,0.003331271950341633,52
3,0.0,0.0,0.0,0.0,0
4,0.0,0.0,0.0,0.0,0
