,max,min,avg,median,count
0,0.025836411835627304,0.019778751924690394,0.023375693067511076,0.023635597699425925,14
1,0.005344113823336892,0.0004005508874655037,0.002373411354257922,0.002164676520990759,65
2,0.0007353450513036519,5.262782819717987e-06,0.00031757518406536815,0.00017766390334075002,449
3,0.0,0.0,0.0,0.0,0
4,0.0,0.0,0.0,0.0,0
