,max,min,avg,median,count
0,0.03928117235994369,0.005637609804776515,0.025984881429141793,0.027874265729245232,17
1,0.019627486230979978,0.004357396611602892,0.014191553533591117,0.014688781376014749,22
2,0.005944248094356867,0.004185442590856605,0.005265283360880463,0.005318431414948405,57
3,0.0,0.0,0.0,0.0,0
4,0.0,0.0,0.0,0.0,0
