,max,min,avg,median,count
0,0.05377187182276157,0.004105402675656946,0.023435900259246682,0.01793316326928411,4
1,0.04125634669601403,0.006366546231518783,0.021396574600751,0.0201229835750551,13
2,0.013351804704854418,0.0009329585972356157,0.007359973838471099,0.008134654739669686,48
3,0.0,0.0,0.0,0.0,0
4,0.0,0.0,0.0,0.0,0
