,max,min,avg,median,count
0,0.082754594153128,0.031699873128509484,0.04946092085628676,0.033928295287222826,3
1,0.01942525538387212,0.0005309260142371677,0.0141142694482012,0.018214115670135235,16
2,0.00576052727910807,0.0004011742899492778,0.004008546672336626,0.004590550586991642,49
3,0.0,0.0,0.0,0.0,0
4,0.0,0.0,0.0,0.0,0
