,max,min,avg,median,count
0,0.04177787696803658,0.024010663068349803,0.0316041602378405,0.029567119774444154,11
1,0.02396154121991522,0.0053277322310441005,0.010009059966843556,0.007204262581725307,20
2,0.011803775442813304,0.00474345221924895,0.008373404562312949,0.007297393575298763,65
3,0.0,0.0,0.0,0.0,0
4,0.0,0.0,0.0,0.0,0
