,max,min,avg,median,count
0,0.07555109275419244,0.0005974778387311416,0.033964821187671,0.029855357078880207,4
1,0.01379929259045964,0.0006658164193955024,0.009063557941197545,0.010804747376929892,23
2,0.0030476631430335437,0.0013934850836168893,0.0019941744548732736,0.0015106331006878686,47
3,0.0,0.0,0.0,0.0,0
4,0.0,0.0,0.0,0.0,0
