,max,min,avg,median,count
0,0.001784546345454001,9.468908041628675e-06,0.0005945941216942149,0.0003778329053202252,86
1,0.0025652679086027976,0.000539772734786935,0.0014542439017599877,0.0015029193737768995,161
2,0.0035850107900336154,0.0007682597473811582,0.0025386938689870324,0.0030948415078354756,279
3,0.0,0.0,0.0,0.0,0
4,0.0,0.0,0.0,0.0,0
