,max,min,avg,median,count
0,0.0777699441033246,0.017593290710071135,0.05088210395282815,0.05287163167098391,14
1,0.016992317840795003,0.00045270432514804337,0.01063732448235493,0.009679567408195205,41
2,0.011924339555681292,8.021105710298595e-05,0.007354341443283198,0.007534677300494765,49
3,0.0,0.0,0.0,0.0,0
4,0.0,0.0,0.0,0.0,0
