,max,min,avg,median,count
0,0.14090919063793675,0.012992362579110742,0.07146349838267824,0.06597622015683273,4
1,0.03221733664809679,0.0010453782713841734,0.019672275820739236,0.020033706883068072,10
2,0.0048942899267233305,0.0002968910672855021,0.0033519312226389106,0.003952268401129266,100
3,0.0,0.0,0.0,0.0,0
4,0.0,0.0,0.0,0.0,0
