,max,min,avg,median,count
0,0.002796981715910562,5.719284918689356e-05,0.0014182457971190516,0.0013713859244487265,54
1,0.0013758797670743576,0.00035948517020532633,0.0010295158201901224,0.0011141716353308276,141
2,0.0017616811237955766,0.0004541595725267281,0.001023280062105379,0.000726545157579017,244
3,0.0,0.0,0.0,0.0,0
4,0.0,0.0,0.0,0.0,0
