,max,min,avg,median,count
0,0.04243349243484063,0.011290292945248321,0.02347343912337827,0.016094719912987953,6
1,0.025631439843098073,0.004416247473101247,0.013498505390981666,0.015110266025171562,18
2,0.009021309545950668,0.005928416566519451,0.007433009975662691,0.007350268273961539,29
3,0.0,0.0,0.0,0.0,0
4,0.0,0.0,0.0,0.0,0
