,max,min,avg,median,count
0,0.02358532760757476,0.008281101785022777,0.018032936297935134,0.02208229749530394,10
1,0.011930125032526792,0.0002550253947169622,0.007101643006203145,0.009489670272148797,26
2,0.002349461068544542,0.00048797826869817555,0.001605849165418393,0.0015049903768071863,81
3,0.0,0.0,0.0,0.0,0
4,0.0,0.0,0.0,0.0,0
