,max,min,avg,median,count
0,0.054400621048498486,0.022418649215938908,0.038327676571164745,0.03423058276579854,9
1,0.014482410362047457,0.003618189384993104,0.007894112585442196,0.005282264337849454,33
2,0.010807795721474651,0.003221591578980831,0.006031216028316506,0.004307547111635785,56
3,0.0,0.0,0.0,0.0,0
4,0.0,0.0,0.0,0.0,0
