,max,min,avg,median,count
0,0.004634034597888427,0.00336698208277545,0.0039017433810316767,0.003701888944921839,62
1,0.0007182246520324675,8.538802369968301e-05,0.00046349310406185087,0.000577994961766126,195
2,0.0019213763462238966,0.0002048899729928741,0.0007598649972944131,0.0006685608746606832,274
3,0.0,0.0,0.0,0.0,0
4,0.0,0.0,0.0,0.0,0
