,max,min,avg,median,count
0,0.03472368958291757,0.01971660159206641,0.02701061521228492,0.026801084837077854,4
1,0.036834708503842746,0.011633815534393799,0.024162542720602816,0.028311888284732484,12
2,0.006455924475211762,0.00208392945231937,0.004521474809916312,0.005059597166563655,36
3,0.0,0.0,0.0,0.0,0
4,0.0,0.0,0.0,0.0,0
