,max,min,avg,median,count
0,0.003638279580017085,0.0006296037771665881,0.002027887873442289,0.0018668924507024762,60
1,0.0006536484985893802,0.00021899827472054973,0.0004802344512273649,0.0005509125806680194,332
2,0.0031592064509627224,2.421771492207854e-05,0.0012864158977616152,0.0012767766675379323,141
3,0.0,0.0,0.0,0.0,0
4,0.0,0.0,0.0,0.0,0
