,max,min,avg,median,count
0,0.05687020136944255,0.0010898213040207263,0.03050814878382439,0.022499245464323723,21
1,0.001295381024404242,0.00028804852494117,0.000995294157356389,0.001077569208735664,276
2,0.0019795764559782086,0.00015346363768503656,0.0012372538126161213,0.00158000162775855,237
3,0.0,0.0,0.0,0.0,0
4,0.0,0.0,0.0,0.0,0
