,max,min,avg,median,count
0,0.03376977710777982,0.0017327692736484538,0.02087815599531869,0.024695260778210916,22
1,0.000669650310213748,4.072443052888928e-05,0.0004507460077825986,0.0006287243643292874,351
2,0.002010782653149392,6.513996359588867e-05,0.001177171417820163,0.0014760428088182818,161
3,0.0,0.0,0.0,0.0,0
4,0.0,0.0,0.0,0.0,0
