,max,min,avg,median,count
0,0.0225714313816286,0.004118308776647417,0.01198518881037449,0.011351926418765751,12
1,0.01101946172262867,0.00019530534034611186,0.0030569954740645913,0.0009138644165493219,23
2,0.009505952528732558,0.0001202604163226902,0.004961625289422714,0.005907210539407645,23
3,0.0,0.0,0.0,0.0,0
4,0.0,0.0,0.0,0.0,0
