,max,min,avg,median,count
0,0.00493568825233811,0.00014913882071945184,0.0022824922540118945,0.002448153184431245,62
1,0.0036070587026683066,0.001400289653495983,0.0030152143606854915,0.0034528326767191745,167
2,0.0014263275300981685,6.025144156675976e-05,0.0008497862123618066,0.0009154393095377784,306
3,0.0,0.0,0.0,0.0,0
4,0.0,0.0,0.0,0.0,0
