,max,min,avg,median,count
0,0.041765374686493474,0.011445548095220873,0.02648264733711732,0.026786642843194906,6
1,0.018734539928258458,0.0019017652068487791,0.011677092849946726,0.014457925392203272,27
2,0.007693179767783559,5.690276372297476e-06,0.003980364291050501,0.004535319557081685,58
3,0.0,0.0,0.0,0.0,0
4,0.0,0.0,0.0,0.0,0
