,max,min,avg,median,count
0,0.03146676371744972,0.0003269317968824556,0.012915198974142011,0.005458603686673772,9
1,0.009699062622460763,0.006465292237628941,0.008135865873739951,0.008579461106757539,37
2,0.027138290752158265,0.0005901714354631615,0.010923693845388039,0.009169681837361868,7
3,0.0,0.0,0.0,0.0,0
4,0.0,0.0,0.0,0.0,0
