,max,min,avg,median,count
0,0.025007517796472103,0.006695042696822649,0.013869132951285626,0.011323510950781275,7
1,0.011518045077182912,0.0002582409424651188,0.006126766038526703,0.0050026135576665,17
2,0.01063259675266311,0.006771062947368305,0.009134792274901401,0.009237634124129129,22
3,0.0,0.0,0.0,0.0,0
4,0.0,0.0,0.0,0.0,0
