,max,min,avg,median,count
0,0.07201810210170577,0.01565325354716086,0.04417264336140251,0.049664458882327685,7
1,0.07071451229760871,0.0010179757292528946,0.026597414390171527,0.027502782428408496,12
2,0.020662526447345394,0.006282819023680588,0.01575283755362197,0.020108071214867906,28
3,0.0,0.0,0.0,0.0,0
4,0.0,0.0,0.0,0.0,0
