,max,min,avg,median,count
0,0.02467938967853342,0.0065457548964679615,0.013160255045361965,0.010160731401335964,10
1,0.03540521573574406,0.00814024439333903,0.022353707841373867,0.018917769594735262,12
2,0.004284062581661255,0.0011289935069083836,0.0021973720324546574,0.00142435734354815,102
3,0.0,0.0,0.0,0.0,0
4,0.0,0.0,0.0,0.0,0
