,max,min,avg,median,count
0,0.07735872697825401,0.07735872697825401,0.07735872697825401,0.07735872697825401,1
1,0.012685318732138772,0.00047251482315202543,0.004832394439983287,0.0022060572866674146,17
2,0.0028818595940473682,0.000633885336319127,0.002151221470076252,0.0024407156831041006,31
3,0.022964641087744476,5.5475295519040465e-05,0.01615957646549322,0.018450168844579028,12
4,0.0,0.0,0.0,0.0,0
