,max,min,avg,median,count
0,0.02639443128929019,0.003641732644451665,0.011718008996791299,0.007975507730249739,11
1,0.01711016145559802,0.009931905584531648,0.012891317205901637,0.012958806153396396,26
2,0.005282154024181297,0.0008420299400182054,0.0031106938529353785,0.002732830955926924,68
3,0.0,0.0,0.0,0.0,0
4,0.0,0.0,0.0,0.0,0
