,max,min,avg,median,count
0,0.06945774027037556,0.002763276088143635,0.03365526395965873,0.031025195732494324,6
1,0.010908757347137121,0.004483993373892775,0.007878151850845259,0.0067302444450454985,21
2,0.020176016994183053,0.002766011122824349,0.011888562260023465,0.013175813654672467,20
3,0.0,0.0,0.0,0.0,0
4,0.0,0.0,0.0,0.0,0
