,max,min,avg,median,count
0,0.005686017806694431,0.0005133479791162836,0.0025552891200136666,0.0021988596255791168,62
1,0.0019456955910034002,0.0005428301038226125,0.00129016345082989,0.001356234173793661,153
2,0.0025141487684661777,0.00041374846693534317,0.0013310453929190206,0.0011817657680999781,315
3,0.03382508507040575,0.017506466087597282,0.025380885493414673,0.025690042562103995,7
4,0.0,0.0,0.0,0.0,0
