,max,min,avg,median,count
0,0.006934048845203663,0.002214958446771146,0.003989193184918441,0.0040945086614341385,63
1,0.003472248530869847,0.00026304858419571155,0.002098979562823156,0.0023393120721800814,238
2,0.0005516472444715832,4.9663625683086215e-05,0.00034644448860861305,0.0004901910834035466,233
3,0.053740541689560675,0.0392397287147605,0.04413909167906784,0.039437004632882335,3
4,0.0,0.0,0.0,0.0,0
