,max,min,avg,median,count
0,0.005459593100305078,0.0008756870938481756,0.002980805355972122,0.003407266436324134,56
1,0.003991829764535826,0.0004850677327487561,0.0018908199919301116,0.0006535648481644691,137
2,0.0016470337825027959,0.0001489312627552252,0.0009014315836973118,0.0010913652099901667,344
3,0.0,0.0,0.0,0.0,0
4,0.0,0.0,0.0,0.0,0
