,max,min,avg,median,count
0,0.019595784988781822,0.007822180590374104,0.015040676760086113,0.015459135783549842,19
1,0.006376901895855062,0.0003312291852028463,0.0032348581684706022,0.0027576636571513048,256
2,0.0007324526521409445,4.554851888531663e-06,0.0003938906506285774,0.0005928904701993831,264
3,0.05468038378892177,0.05468038378892177,0.05468038378892177,0.05468038378892177,1
4,0.0,0.0,0.0,0.0,0
