,max,min,avg,median,count
0,0.011792239074701371,0.007026889187686202,0.00944937785892583,0.009241680815227917,61
1,0.008435266924167,0.0003958055596585235,0.003725292736215531,0.0023680726943195057,118
2,0.004896680642862718,1.5528290131087426e-06,0.0010553667133097002,2.5587416229108984e-05,348
3,0.041467834484166494,0.00435016191590434,0.01989044482905185,0.009796487955088383,10
4,0.0,0.0,0.0,0.0,0
