,max,min,avg,median,count
0,0.018390153399599287,0.0014303225159643914,0.01060170780864578,0.011666425133817786,20
1,0.022724593692366773,0.00503413475202747,0.013025337451643262,0.012667246077892285,19
2,0.005519867967030304,0.0027124811230589342,0.0037357036579757814,0.0037926683676463577,67
3,0.11989167487762564,0.0003201232839022081,0.06467018863255294,0.07102365992850883,5
4,0.0,0.0,0.0,0.0,0
