,max,min,avg,median,count
0,0.0632193291072479,0.0005085196065835693,0.032698067411278356,0.04374995460336055,6
1,0.014514709673638777,0.00011024487397140399,0.00654929886368108,0.00670461972610721,17
2,0.010737246916274845,0.0023108590882416078,0.005547033567991413,0.005520977917889898,17
3,0.0,0.0,0.0,0.0,0
4,0.0,0.0,0.0,0.0,0
