,max,min,avg,median,count
0,0.0070979368861137145,0.0007597264908185395,0.004693555578347044,0.006309045585203686,55
1,0.0011031439117372452,0.00022471281957972417,0.0006269950102908843,0.0005232205318390458,226
2,0.0012713768723697201,0.0005955224229233122,0.0009189932693208314,0.0008533201400376761,261
3,0.0,0.0,0.0,0.0,0
4,0.0,0.0,0.0,0.0,0
