,max,min,avg,median,count
0,0.014924900341662991,0.005380017374594748,0.010958576996587819,0.01334988984881228,55
1,0.008383422042625087,0.0007944640555434043,0.004357380915453273,0.003794059550698752,91
2,0.006092315045322129,0.0005584384355638383,0.002279846549193893,0.001195956284228352,395
3,0.0,0.0,0.0,0.0,0
4,0.0,0.0,0.0,0.0,0
