,max,min,avg,median,count
0,0.03779317617315827,0.0022118456078330747,0.017273304607434082,0.009818042862137399,9
1,0.006809979820399868,0.003706400981213878,0.005292155357677955,0.005228591503891572,45
2,0.009906539804415412,2.4432399146205314e-05,0.006315632909017227,0.00862744471824896,24
3,0.0,0.0,0.0,0.0,0
4,0.0,0.0,0.0,0.0,0
