,max,min,avg,median,count
0,0.004054692126246949,0.00043006784873332647,0.0021342829735583884,0.002036194147047904,88
1,0.0014211111670146483,4.465444228508492e-05,0.0007498259062382343,0.0008955865154967046,244
2,0.0036551568071401157,0.0023108590882416078,0.0031364163020956536,0.0034964642483432777,203
3,0.0,0.0,0.0,0.0,0
4,0.0,0.0,0.0,0.0,0
