,max,min,avg,median,count
0,0.004551377448483152,0.00038602249645422297,0.0027030482600860885,0.00292033338787664,57
1,0.0017959764332576196,0.00043952285446893416,0.000866236171031541,0.0006746690693572935,155
2,0.0013155554321697795,1.1258336499522169e-05,0.0008823649631109631,0.0010536503207103569,324
3,0.0,0.0,0.0,0.0,0
4,0.0,0.0,0.0,0.0,0
