,max,min,avg,median,count
0,0.08928261066718218,0.015118590113687908,0.05839279030565098,0.06152811417118726,9
1,0.027665371928518832,0.0037940263457664027,0.012857191939633538,0.007481033854925624,17
2,0.010607665160183894,0.004477925291891634,0.007592337459915127,0.008444143231906108,52
3,0.0,0.0,0.0,0.0,0
4,0.0,0.0,0.0,0.0,0
