,max,min,avg,median,count
0,0.09399986531113956,0.07139514096678878,0.08269750313896418,0.08269750313896418,2
1,0.010411361846821102,0.003174842377912881,0.007246966489577548,0.006541033332817791,34
2,0.01847972621858509,0.010403652170182836,0.015001076314148787,0.014432206653611012,43
3,0.0,0.0,0.0,0.0,0
4,0.0,0.0,0.0,0.0,0
