,max,min,avg,median,count
0,0.030658375763144185,0.0025269131633752903,0.013367601091729254,0.006917514348668287,3
1,0.04234651033254561,0.005398084217311116,0.020312248334711586,0.016117437010438322,10
2,0.01934201761330985,0.0013609678503297118,0.010176277292720776,0.00635827591519677,25
3,0.0,0.0,0.0,0.0,0
4,0.0,0.0,0.0,0.0,0
