,max,min,avg,median,count
0,0.06800515794056726,0.0017888565238387713,0.020334851833246563,0.008635634708368372,9
1,0.006820154615884935,0.0004185107105928368,0.002656294413654562,0.0007914018267221932,12
2,0.0026936709144695283,0.0012709725367430174,0.0018087828470018073,0.0015728887081594368,72
3,0.0,0.0,0.0,0.0,0
4,0.0,0.0,0.0,0.0,0
