,max,min,avg,median,count
0,0.09469051621582762,0.023990310044662375,0.06218069165998498,0.06502097018972494,4
1,0.01611820437005581,0.0010615696649434756,0.009655696098056487,0.010989995295062964,16
2,0.010621411653970618,0.0017015991543236273,0.006341217965424259,0.008259643549338225,29
3,0.0,0.0,0.0,0.0,0
4,0.0,0.0,0.0,0.0,0
