,max,min,avg,median,count
0,0.005844370845313346,0.0007762267174765323,0.0030752414117857173,0.0032386424839795933,61
1,0.003028251939020441,0.001844010820787979,0.0025787570700662615,0.0026720593908869748,119
2,0.0006222678968940688,0.00020995735430834615,0.00033746366438754387,0.0002699880236001465,353
3,0.018503784874215532,0.007089032462202916,0.013054967813230456,0.011294545379388241,10
4,0.0,0.0,0.0,0.0,0
