,max,min,avg,median,count
0,0.06296501221864483,0.0017888565238387713,0.02698273678329105,0.0065457548964679615,10
1,0.012289280675576162,0.0008488125144204356,0.006354880625064398,0.005416534675444876,13
2,0.004084979248442464,0.0012641377171644236,0.003102019805790617,0.0033830583210737648,104
3,0.0,0.0,0.0,0.0,0
4,0.0,0.0,0.0,0.0,0
