,max,min,avg,median,count
0,0.04409598667799454,0.0032534518352004015,0.027063238218520285,0.03263535237427693,11
1,0.00479448004846256,0.0016736533557241606,0.0031191843741982484,0.0027067057787083545,34
2,0.005460313015394954,0.0005078548062535541,0.00261896646078443,0.001517087354319833,35
3,0.0,0.0,0.0,0.0,0
4,0.0,0.0,0.0,0.0,0
