,max,min,avg,median,count
0,0.066355450181399,0.014147282977661218,0.047594988358312,0.06228223191587579,3
1,0.01993492371436318,0.0004185107105928368,0.011075555943702563,0.01113830290932265,18
2,0.0035886529690465695,0.00018681700118108893,0.002332097130475105,0.0029905603979642394,59
3,0.0,0.0,0.0,0.0,0
4,0.0,0.0,0.0,0.0,0
