,max,min,avg,median,count
0,0.0025269131633752903,0.00022990960064898008,0.0014977428811268753,0.0012621744433418173,91
1,0.002834822774883398,0.0002729504099832906,0.0012423841150037735,0.0004508714602747329,261
2,0.0021017344185889353,0.0004440835617018701,0.0010189852396673728,0.0006802149267555286,195
3,0.0,0.0,0.0,0.0,0
4,0.0,0.0,0.0,0.0,0
