,max,min,avg,median,count
0,0.03394983664259427,0.006629595977982102,0.0159672648643023,0.01074572809791439,12
1,0.022579155273457788,0.008848316136948878,0.01720275646377544,0.018783748064450743,18
2,0.014164678569148164,0.002493984644420275,0.007836321286351653,0.00712385673488299,65
3,0.038584317585275675,0.01363266911395772,0.025580279707388853,0.025052066065161003,4
4,0.0,0.0,0.0,0.0,0
