,max,min,avg,median,count
0,0.0037695750371528726,0.0009701212410821834,0.0025164739522585355,0.002619262096749675,102
1,0.0003325486622529404,0.00012750979902540478,0.00023846875599363025,0.0002193746167462744,391
2,0.0039591691600181144,0.0005632887042521815,0.0024395776294902057,0.003347396443299887,58
3,0.0,0.0,0.0,0.0,0
4,0.0,0.0,0.0,0.0,0
