,max,min,avg,median,count
0,0.011362746903903136,0.0006204873433792729,0.006823903156132735,0.006842356970104264,46
1,0.002290142595137154,0.00043734796261988884,0.001275801719346379,0.0010226442428881456,313
2,0.0008417110722531628,0.00020655755767421899,0.0005542417290135127,0.0005594832960578113,188
3,0.0,0.0,0.0,0.0,0
4,0.0,0.0,0.0,0.0,0
