,max,min,avg,median,count
0,0.003595587050802746,0.0008803942331857327,0.0025574310274059093,0.00292773367310701,66
1,0.0005534437377019513,6.592702641387004e-06,0.00036974205006113395,0.0004562940067776112,226
2,0.002046889785202786,0.0009589644179837024,0.0016405769230788982,0.0018926310103423503,258
3,0.0,0.0,0.0,0.0,0
4,0.0,0.0,0.0,0.0,0
