,max,min,avg,median,count
0,0.0804115208689194,0.015691276095262715,0.04805139848209106,0.04805139848209106,2
1,0.06663274976399898,0.005655306929265344,0.037526962191561056,0.03382815741822919,6
2,0.0115241952843996,0.00012380741196658674,0.0056824621725224,0.004713150046855112,24
3,0.0,0.0,0.0,0.0,0
4,0.0,0.0,0.0,0.0,0
