,max,min,avg,median,count
0,0.0062066652140850675,0.00044137477997582364,0.004015051951416269,0.0039026185763830486,91
1,0.0018015003887856286,0.00012000988945818806,0.0013214482665345171,0.0016031687303875513,128
2,0.0007944556082353843,0.0004726813302327724,0.0006335358680407785,0.0005928697546311728,333
3,0.0,0.0,0.0,0.0,0
4,0.0,0.0,0.0,0.0,0
