,max,min,avg,median,count
0,0.06334400065983033,0.009036830861890855,0.020345240774029674,0.009623144501962442,5
1,0.014126932460255917,0.003651180515143439,0.007850220928669677,0.006973279569338533,9
2,0.0371500456071957,0.0022402540021552488,0.023406107531391544,0.030610553428227258,18
3,0.0,0.0,0.0,0.0,0
4,0.0,0.0,0.0,0.0,0
