,max,min,avg,median,count
0,0.08238599619262374,0.0077034731874534345,0.04467446771538694,0.040566581658974456,5
1,0.030897569704912798,0.01073555770264235,0.016089869347730528,0.012002076924333053,12
2,0.007829990734986378,0.002409066199162273,0.004997177689450091,0.005761570393029076,27
3,0.0,0.0,0.0,0.0,0
4,0.0,0.0,0.0,0.0,0
