,max,min,avg,median,count
0,0.05096329358022458,0.004118308776647417,0.022106241476374723,0.007256469116704623,9
1,0.014079968990641133,0.0010357365855015088,0.0053717604264313015,0.004295824562667659,31
2,0.004273339040995066,0.0013265897437169509,0.0031841199000167625,0.003544927533274491,55
3,0.05052438753519173,0.05052438753519173,0.05052438753519173,0.05052438753519173,1
4,0.0,0.0,0.0,0.0,0
