,max,min,avg,median,count
0,0.1456524335889637,0.02493079210369132,0.06894509936419715,0.07091819338417209,7
1,0.10106399357849802,0.0203579780167101,0.05932046632598324,0.05247589872965222,9
2,0.021905723057095827,0.011058180302023421,0.016856538943577186,0.017970265981070314,17
3,0.0,0.0,0.0,0.0,0
4,0.0,0.0,0.0,0.0,0
