,max,min,avg,median,count
0,0.1107666568767774,0.009109188008850114,0.04926298195460382,0.027913100978183916,3
1,0.016947602077722414,0.002363810876917679,0.010289165303799561,0.010195849731232816,12
2,0.013053025923360056,0.0032507017231065386,0.007494684410325544,0.0069673842144114175,26
3,0.0,0.0,0.0,0.0,0
4,0.0,0.0,0.0,0.0,0
