,max,min,avg,median,count
0,0.012534222941464519,0.0031297708157747533,0.007577467054437787,0.005363980790164716,14
1,0.005106483750381429,0.0008676891438089848,0.0027847294644464506,0.0018176264011339372,21
2,0.0020696431564485598,6.835175083187052e-05,0.0012436103871497546,0.001672519175199724,83
3,0.10243975442549032,0.01967095413356092,0.06052937852525873,0.06093192802236485,6
4,0.0,0.0,0.0,0.0,0
