,max,min,avg,median,count
0,0.061344902747692706,0.0031682117324245158,0.02388344932768187,0.019014732135295028,6
1,0.019788366646608643,0.002635217001761255,0.012134086307887568,0.012216489546237627,20
2,0.035078843016038204,0.010363471954442476,0.02072830946438483,0.012821433086997075,8
3,0.0,0.0,0.0,0.0,0
4,0.0,0.0,0.0,0.0,0
