,max,min,avg,median,count
0,0.016020915141990815,0.000939130272332725,0.0070328364622883445,0.007106183329689759,11
1,0.024449252630953263,0.004726212503675079,0.016760821244728587,0.017643430760809438,15
2,0.006797938424334701,0.0019336781599976233,0.0031338990459452284,0.00215079474380162,44
3,0.0,0.0,0.0,0.0,0
4,0.0,0.0,0.0,0.0,0
