,max,min,avg,median,count
0,0.0197925075325809,0.004649945930472796,0.011483455430396361,0.009109188008850114,15
1,0.009398066351834123,0.0062425833458741595,0.00747760503758816,0.007525977254475221,40
2,0.010414685782375388,6.262820481600388e-05,0.004549594551056994,0.004161176404631533,148
3,0.0,0.0,0.0,0.0,0
4,0.0,0.0,0.0,0.0,0
