,max,min,avg,median,count
0,0.030516961125216954,0.0007005059496151111,0.016722728479097122,0.014390889022390961,13
1,0.017417110847615668,0.002624499418153575,0.013593178111165486,0.015859795302901006,23
2,0.005017679603276718,0.0005005803076602824,0.002582644998140296,0.0018523507697416472,72
3,0.0,0.0,0.0,0.0,0
4,0.0,0.0,0.0,0.0,0
