,max,min,avg,median,count
0,0.008518364800689593,0.008518364800689593,0.008518364800689593,0.008518364800689593,1
1,0.002455788662785445,0.0016459795273740146,0.0020824293674659576,0.0022482777280926967,26
2,0.046926447954242854,0.006205568232711147,0.025007177285141523,0.026439034878527536,9
3,0.0,0.0,0.0,0.0,0
4,0.0,0.0,0.0,0.0,0
