,max,min,avg,median,count
0,0.008726176546725257,0.002788799598779804,0.004406826312012729,0.0028913829008979817,51
1,0.002390653321895655,0.0005735575018980239,0.0012628313405815411,0.0007442563999559654,403
2,0.0028528771376714304,4.385663569273982e-05,0.0015090673009561645,0.001664936107221095,106
3,0.0,0.0,0.0,0.0,0
4,0.0,0.0,0.0,0.0,0
