,max,min,avg,median,count
0,0.00597056738318717,0.00035057314349160295,0.004279186982468185,0.005050020679113075,66
1,0.0007360560046641566,0.0002462940269058692,0.0004898149652320186,0.0004596982402660977,190
2,0.0024467058874516217,0.0003487578144777914,0.0012637003292980341,0.0010662241210802482,304
3,0.0,0.0,0.0,0.0,0
4,0.0,0.0,0.0,0.0,0
