,max,min,avg,median,count
0,0.06546616936243037,0.002451761723172027,0.025383545338792845,0.022836543858840513,5
1,0.03154105171464255,0.007705732513433136,0.016306559871516503,0.009672385774508557,12
2,0.026917177506711253,0.004012513806834133,0.014202792121785582,0.010586300420648108,14
3,0.0,0.0,0.0,0.0,0
4,0.0,0.0,0.0,0.0,0
