,max,min,avg,median,count
0,0.11584607287392017,0.01633430840474458,0.055033487666983676,0.04397678469463498,4
1,0.019897044078054475,0.0017179033742593804,0.010115856766818402,0.009039598522667901,7
2,0.019580077798992384,0.005073224043648221,0.011780790500324998,0.012598409760985653,17
3,0.0,0.0,0.0,0.0,0
4,0.0,0.0,0.0,0.0,0
