,max,min,avg,median,count
0,0.11599060202610427,0.015639397851795096,0.05632343863407179,0.037340316024316006,3
1,0.03511323050420845,0.0019812277299308275,0.025647647936341854,0.032868937420991264,16
2,0.0181732943906694,0.003565854301345235,0.011571202319630939,0.013934364519042577,54
3,0.0,0.0,0.0,0.0,0
4,0.0,0.0,0.0,0.0,0
