,max,min,avg,median,count
0,0.02174826449778147,0.0031297708157747533,0.013996368818961876,0.015007302876279018,14
1,0.007201579500363259,0.0009860261344257126,0.003977510525282978,0.004463148993138966,54
2,0.00699156653259285,0.0010162453137132403,0.0037925994639123697,0.003161476936968238,53
3,0.03395601652752698,0.03395601652752698,0.03395601652752698,0.03395601652752698,1
4,0.0,0.0,0.0,0.0,0
