,max,min,avg,median,count
0,0.030083883271427744,0.028366578170444395,0.02922523072093607,0.02922523072093607,2
1,0.05499635303556068,0.005184597803675509,0.027410686676365613,0.017092521399188335,7
2,0.019056565228014886,0.0011709509777389946,0.012075292473032032,0.01687796222202068,30
3,0.0,0.0,0.0,0.0,0
4,0.0,0.0,0.0,0.0,0
