,max,min,avg,median,count
0,0.0,0.0,0.0,0.0,0
1,0.15095875653550522,0.01500536417610707,0.0841187442609209,0.08639211207115041,3
2,0.007326293860769412,0.0010840430843439615,0.004169954604182678,0.003237454031341699,43
3,0.04292058832483004,0.002897746842967687,0.018712079160177652,0.01605728616618508,12
4,0.0,0.0,0.0,0.0,0
