,max,min,avg,median,count
0,0.010377303561125003,0.0009921075410311714,0.005471195520369891,0.0052417177403445295,11
1,0.006379968689069657,0.00013958193356810523,0.002259119239319049,0.0018032097591776082,30
2,0.014581092870788136,0.0007561106258494856,0.006581909900064908,0.004327848549942541,28
3,0.0,0.0,0.0,0.0,0
4,0.0,0.0,0.0,0.0,0
