,max,min,avg,median,count
0,0.1415174698354504,0.026786642843194906,0.08342846663288243,0.07592861202551857,5
1,0.03260703015804134,0.003277360200649666,0.020618248973226394,0.0231156506249394,11
2,0.008197014407756059,0.00030514521993637444,0.0026945446341043325,0.0016484663192364156,65
3,0.0,0.0,0.0,0.0,0
4,0.0,0.0,0.0,0.0,0
