,max,min,avg,median,count
0,0.04575931295646269,0.002061541999536043,0.031170620816940303,0.04569100749482218,3
1,0.05427947059622423,0.00566026796296737,0.03332637406230836,0.036682878845020916,4
2,0.01049400168986579,0.0003046523481369779,0.0064446373620048476,0.007558329154699875,23
3,0.0,0.0,0.0,0.0,0
4,0.0,0.0,0.0,0.0,0
