,max,min,avg,median,count
0,0.06403210616632204,0.00614560386326684,0.03992099718010792,0.05890086393331618,5
1,0.022311101380771862,0.0034143120927473867,0.011387896798355612,0.010132010811867759,10
2,0.013343393496066306,0.0017851789014686436,0.0053550996034727166,0.0035188500729553336,15
3,0.0,0.0,0.0,0.0,0
4,0.0,0.0,0.0,0.0,0
