,max,min,avg,median,count
0,0.011856566169505676,0.0019387137175980091,0.006616139389233233,0.005388325028608135,20
1,0.0017062100130724558,0.0004909170820850796,0.0012034332635030072,0.0011785865621333517,84
2,0.0017851789014686436,0.0004400555028146413,0.0009794761971484744,0.0007016570108399709,125
3,0.0,0.0,0.0,0.0,0
4,0.0,0.0,0.0,0.0,0
