,max,min,avg,median,count
0,0.0022410416013837857,2.6870836750398593e-05,0.0010994185081655001,0.0008612279679334634,91
1,0.0009868630574903971,0.0005262441016616425,0.0007524971881496631,0.0008043570296554552,187
2,0.0008214050889691874,0.00011907833715898709,0.00046611314394557035,0.0005507034970908209,291
3,0.0,0.0,0.0,0.0,0
4,0.0,0.0,0.0,0.0,0
