,max,min,avg,median,count
0,0.007796367575731291,0.0004873090872004284,0.004357466566164241,0.004328770744595978,71
1,0.002265017649833737,0.0006830483750163121,0.0015207943302597078,0.0013785891285207099,208
2,0.0012347657585489139,0.0002958611424330339,0.0006589300198547483,0.0005974585793249508,279
3,0.040080696680685035,0.013252199899873661,0.026666448290279348,0.026666448290279348,2
4,0.0,0.0,0.0,0.0,0
