,max,min,avg,median,count
0,0.06558765704673508,0.029630302518374424,0.05241095059116061,0.062014892208372335,3
1,0.011972987273922412,0.0018065575574697868,0.007095975095660086,0.006160580080166626,16
2,0.029037641800060545,0.0022067009173632707,0.01480047294178077,0.013372877247545715,8
3,0.0,0.0,0.0,0.0,0
4,0.0,0.0,0.0,0.0,0
