,max,min,avg,median,count
0,0.004779870811424767,0.0021378437898037462,0.0033540379543619257,0.003292139844726688,56
1,0.0013962237958844185,0.0006277688846526254,0.001159353593365847,0.0013238520121014866,109
2,0.0007461011130530847,2.6906172449135504e-05,0.0004707885234045259,0.0007342614948186936,291
3,0.030161985517220845,0.0006259408257311472,0.012841252594730502,0.015723391448738716,5
4,0.0,0.0,0.0,0.0,0
