,max,min,avg,median,count
0,0.0049754788931199705,0.0004118581606013793,0.0025719461117981205,0.002210874233564477,69
1,0.0026016079268973294,0.0013188760742583441,0.001977583022965866,0.0018834141134021294,160
2,0.0012682542111270788,0.0001300353983635371,0.0006163887341332139,0.0005739532404449477,324
3,0.01712963720013045,0.0023710852889307805,0.010497671396639412,0.011047884257274982,8
4,0.0,0.0,0.0,0.0,0
