,max,min,avg,median,count
0,0.007784046085172418,0.0005678240665080329,0.0042337725867576505,0.004711138070007457,54
1,0.005633969699043603,0.0012031705245631576,0.003859062211425525,0.003908377997896137,317
2,0.0025441154800989185,9.487888184081659e-05,0.0008449023990913735,0.0004722063886622515,198
3,0.0,0.0,0.0,0.0,0
4,0.0,0.0,0.0,0.0,0
