,max,min,avg,median,count
0,0.0429093401364213,0.008451819102092509,0.029827031879444917,0.03397348413963293,4
1,0.003571631665243014,0.000658502002192844,0.0018606938268715945,0.0018403273500643186,30
2,0.005666969474280366,0.001842906682377162,0.0036920875551830984,0.0038948765072278073,55
3,0.012856417008202843,0.012856417008202843,0.012856417008202843,0.012856417008202843,1
4,0.0,0.0,0.0,0.0,0
