,max,min,avg,median,count
0,0.07055171347716169,0.004569792182926385,0.03309757204562321,0.02169262683275606,7
1,0.012593398490310838,0.002455788662785445,0.008239751287692908,0.0101733456721611,10
2,0.006398110123872592,0.0018262809106333018,0.00457694701904021,0.0048002113619932665,34
3,0.0,0.0,0.0,0.0,0
4,0.0,0.0,0.0,0.0,0
