,max,min,avg,median,count
0,0.051810280835454386,0.0009955171186036564,0.019828305463489578,0.016263629717794412,9
1,0.008484001870524185,0.0010615696649434756,0.0062449177098448235,0.007650151402410227,22
2,0.008514604842436222,0.00042500803684767513,0.004843530046487732,0.004733927925419775,78
3,0.06996940627546264,0.06996940627546264,0.06996940627546264,0.06996940627546264,1
4,0.0,0.0,0.0,0.0,0
