,max,min,avg,median,count
0,0.0025492348390048435,9.392653321183804e-05,0.0014279817441756638,0.0015909848399975276,65
1,0.0005706370718535494,0.00012343632224625414,0.0003629987383325465,0.0003312291852028463,293
2,0.001205533388941828,5.8869630170574734e-05,0.0006709377819787267,0.0008592397152599484,210
3,0.0,0.0,0.0,0.0,0
4,0.0,0.0,0.0,0.0,0
