,max,min,avg,median,count
0,0.0070847883806958245,0.0014363558898187615,0.004938719063474553,0.005354207005848617,14
1,0.004171792653674581,0.0007840085729239703,0.0018137699532096451,0.0008644251911925005,50
2,0.006202351029881902,0.0013032937674620003,0.0037102051761736692,0.0038217976450685485,67
3,0.009467597653147551,0.009467597653147551,0.009467597653147551,0.009467597653147551,1
4,0.0,0.0,0.0,0.0,0
