,max,min,avg,median,count
0,0.008404305326094277,0.0022385744793385716,0.004882979394825711,0.004196548056147326,48
1,0.002463739932597675,0.00038529974003716027,0.0016565491313919587,0.0020146845710488524,260
2,0.0012350339295349622,0.00013616414168447517,0.0007536261335702,0.0007651216489444401,263
3,0.006451792755606214,0.006451792755606214,0.006451792755606214,0.006451792755606214,1
4,0.0,0.0,0.0,0.0,0
