,max,min,avg,median,count
0,0.004717462217115765,8.089505146093647e-07,0.0023870688366193988,0.0026207376096261978,46
1,0.001114290694398736,0.0004307109987030457,0.0008325015128593172,0.0008840695794550677,235
2,0.00047226825603185227,0.00010778828268490389,0.00024121696734865275,0.0001745795406332849,290
3,0.0,0.0,0.0,0.0,0
4,0.0,0.0,0.0,0.0,0
