,max,min,avg,median,count
0,0.009654964374352676,0.0020869731026977945,0.007112143617832819,0.007873210842121227,50
1,0.0011527549161615019,0.00012137526765334866,0.0007353442303701039,0.0007320042616791471,239
2,0.0020475697050234744,0.00022974126856251543,0.0012999619287386945,0.0017015991543236273,280
3,0.049384877317088315,0.010432990252890557,0.029908933784989437,0.029908933784989437,2
4,0.0,0.0,0.0,0.0,0
