,max,min,avg,median,count
0,0.13450499375407313,0.023346018866518905,0.07462916246897898,0.07045710687006626,7
1,0.060296504329483094,0.0026266919286452688,0.031468465635094034,0.026052904255557913,13
2,0.07278781183508172,0.007281449474159102,0.03916600556183073,0.03787202392750348,22
3,0.0,0.0,0.0,0.0,0
4,0.0,0.0,0.0,0.0,0
