,max,min,avg,median,count
0,0.0037181932852937273,0.0021378437898037462,0.002817744711555936,0.0027887095356709346,70
1,0.0008730847920270656,0.00013958193356810523,0.0005122812464049109,0.0005814574056942577,201
2,0.0010295527381882306,0.0005193451494660778,0.0008537235564133264,0.0008885755549053324,294
3,0.039811482220170655,5.5475295519040465e-05,0.01684803353907634,0.010677143101539329,3
4,0.0,0.0,0.0,0.0,0
