,max,min,avg,median,count
0,0.08126880635335555,0.07702048197831529,0.07914464416583541,0.07914464416583541,2
1,0.052709885979309694,0.004409509864588014,0.02358590800567813,0.013445943464574622,5
2,0.017299492304754912,0.0018932640373901296,0.009860138103648493,0.007277233314969692,16
3,0.0,0.0,0.0,0.0,0
4,0.0,0.0,0.0,0.0,0
