,max,min,avg,median,count
0,0.05914031618613367,0.01569580555956779,0.035061286530577766,0.031104135300356023,10
1,0.018340385884998388,0.0015742044353941984,0.00779643275993167,0.006205558737080182,31
2,0.00917799434479213,0.0001202604163226902,0.004245548770524804,0.0028098797089034073,30
3,0.0,0.0,0.0,0.0,0
4,0.0,0.0,0.0,0.0,0
