,max,min,avg,median,count
0,0.0017535019364736477,0.00012531478899970104,0.0009708333129682924,0.001186697604786739,38
1,0.0017426049988117185,3.850637226496815e-05,0.001087113810174602,0.0012301847401582223,138
2,0.008926524510828494,0.003588111636989569,0.006079671954902034,0.006481241803444976,37
3,0.0,0.0,0.0,0.0,0
4,0.0,0.0,0.0,0.0,0
