,max,min,avg,median,count
0,0.07806563763873099,0.0006084811808123258,0.03466448284105668,0.042792686291981304,8
1,0.11840494259503301,0.02291806031645798,0.08102001688632066,0.09765292208368075,5
2,0.017772366847383002,0.0020955733008723894,0.012249011967883288,0.014245770288853682,47
3,0.0,0.0,0.0,0.0,0
4,0.0,0.0,0.0,0.0,0
