,max,min,avg,median,count
0,0.002061541999536043,0.00043701426228213964,0.0015439395349279884,0.0018865830536685822,85
1,0.001914964919421514,0.00023818774084026137,0.0009626207816308423,0.0009411140276337339,181
2,0.000662604819549786,3.9937318625263896e-05,0.0003846190637717468,0.0004733096505195728,273
3,0.0,0.0,0.0,0.0,0
4,0.0,0.0,0.0,0.0,0
