,max,min,avg,median,count
0,0.04451104486646118,0.04445045924183963,0.044480752054150405,0.044480752054150405,2
1,0.2586804369951351,0.02590473041657093,0.16308418336870772,0.17577872203813896,5
2,0.05114956874063504,0.015969880342318984,0.034500868153724815,0.04215191387723114,31
3,0.0,0.0,0.0,0.0,0
4,0.0,0.0,0.0,0.0,0
