,max,min,avg,median,count
0,0.10216652624703271,0.06876339474558124,0.08546496049630697,0.08546496049630697,2
1,0.08973327604400343,0.012381717682657764,0.057414170171785836,0.07523319950496792,5
2,0.029804352609807065,0.013850860179379762,0.022485749532881995,0.025147324197236955,10
3,0.0,0.0,0.0,0.0,0
4,0.0,0.0,0.0,0.0,0
