,max,min,avg,median,count
0,0.02023335732695233,0.004105402675656946,0.013675773725116178,0.016263629717794412,9
1,0.029559517485361213,0.0019812277299308275,0.021170176686662382,0.02474155933074861,11
2,0.0023635052562144326,0.00014480706295645014,0.0017200323939516413,0.002004024423746238,86
3,0.11787065635534397,0.014514593202825029,0.041145929798673514,0.02141822931671093,5
4,0.0,0.0,0.0,0.0,0
