,max,min,avg,median,count
0,0.07305690002943155,0.038238423790569014,0.05351209648415977,0.04924096563247875,3
1,0.027350954079881376,0.008428627154770541,0.01791790076515485,0.016622698876267057,6
2,0.011030653197147723,0.0019438841206951196,0.006272264696590546,0.005297746335583121,12
3,0.0,0.0,0.0,0.0,0
4,0.0,0.0,0.0,0.0,0
