,max,min,avg,median,count
0,0.04461852737871617,0.002000881314862718,0.020302710526843355,0.009139882421846856,15
1,0.016117437010438322,0.00047251482315202543,0.01025732773716118,0.013723601424052037,25
2,0.0007499264341519247,0.00018643547594866466,0.0004605806946535059,0.0003693830773582325,540
3,0.0,0.0,0.0,0.0,0
4,0.0,0.0,0.0,0.0,0
