,max,min,avg,median,count
0,0.04629723623818153,0.009255040276861215,0.026488191302217145,0.02391229739160869,3
1,0.01174581519055428,0.004777700566933363,0.007428643264576073,0.006000157003450379,14
2,0.05451622129506169,0.04277879849231264,0.048647509893687164,0.048647509893687164,2
3,0.0,0.0,0.0,0.0,0
4,0.0,0.0,0.0,0.0,0
