,max,min,avg,median,count
0,0.07485393682792996,0.0031690271768796806,0.024825091404722634,0.010638700807040451,4
1,0.06467122547206325,0.0024296794862934223,0.02545173635991228,0.021615129952770394,6
2,0.023318573883612626,0.0034508387993081504,0.014210359747931781,0.012739157667079667,20
3,0.0,0.0,0.0,0.0,0
4,0.0,0.0,0.0,0.0,0
