,max,min,avg,median,count
0,0.13488318049486153,0.015814460216179483,0.07431454249086158,0.0777699441033246,7
1,0.03657755750553795,0.004528681961713915,0.024801469427812778,0.029912591372081198,23
2,0.047951459787962246,0.002039235552254198,0.020120170737559152,0.019059393569804593,10
3,0.0,0.0,0.0,0.0,0
4,0.0,0.0,0.0,0.0,0
