,max,min,avg,median,count
0,0.10029432440688575,0.040232261492231775,0.07218114697545178,0.06925040149136023,10
1,0.035311116589006146,0.015187914505122198,0.026721551344043547,0.02671524988593277,14
2,0.009513425901669885,0.002704801538272808,0.005348355733861348,0.004543889669380084,34
3,0.0,0.0,0.0,0.0,0
4,0.0,0.0,0.0,0.0,0
