,max,min,avg,median,count
0,0.0052213971338144404,0.0005332049956919979,0.0024864788758842933,0.002108592850991814,67
1,0.0019993187791785224,0.0004427457164586425,0.0012522359774394132,0.0012291416415898938,125
2,0.0015840323814944272,5.058444151986514e-05,0.0006924885529864775,0.0008366047486135891,389
3,0.0,0.0,0.0,0.0,0
4,0.0,0.0,0.0,0.0,0
