,max,min,avg,median,count
0,0.059816806147607024,0.006443028356027115,0.027530769919372533,0.016332475254483468,3
1,0.017582631348820807,0.0018028986516772625,0.009852177680021636,0.008677975834926348,10
2,0.050177443703880185,0.005272152062450572,0.0288585611089881,0.029992324334810826,4
3,0.0,0.0,0.0,0.0,0
4,0.0,0.0,0.0,0.0,0
