,max,min,avg,median,count
0,0.03903121286771012,0.018428508879632828,0.028729860873671475,0.028729860873671475,2
1,0.023083794529633467,0.0024464793758772483,0.009614528539495732,0.0033133117129764797,3
2,0.01944430183175132,0.0036109494510951135,0.010691769700665436,0.009186368603530233,11
3,0.0,0.0,0.0,0.0,0
4,0.0,0.0,0.0,0.0,0
