,max,min,avg,median,count
0,0.0055902439286651265,0.00033219328691942186,0.0030900788535264496,0.002763276088143635,69
1,0.0005542910851393676,0.0002593334289760481,0.00040898203351429264,0.0004411271517729495,224
2,0.0005265235588332445,1.5262000335908748e-05,0.0001926878048052636,0.00012763525996041224,291
3,0.0,0.0,0.0,0.0,0
4,0.0,0.0,0.0,0.0,0
