,max,min,avg,median,count
0,0.02200634012600523,0.000974638748380571,0.013753339148843007,0.01573363555769489,46
1,0.0012645308972399803,0.0002582409424651188,0.0006673775578723333,0.0002902113165426652,256
2,0.0020443902348077875,0.00033498798223314884,0.0013222507197046714,0.0015662662333911482,279
3,0.0,0.0,0.0,0.0,0
4,0.0,0.0,0.0,0.0,0
