,max,min,avg,median,count
0,0.002942914057127781,0.0013759643019655664,0.0021343925444781077,0.0020295699438187963,71
1,0.0024097390588251133,9.498788836989855e-05,0.001449842333430693,0.0021971393625230696,242
2,0.00235615286339865,0.00012875819921927503,0.0011681704127651873,0.0006257521057342375,270
3,0.0,0.0,0.0,0.0,0
4,0.0,0.0,0.0,0.0,0
