,max,min,avg,median,count
0,0.015894138796704496,4.310014521662692e-05,0.011061934595544536,0.013976832292495642,10
1,0.02059448954270963,0.0038338127904608815,0.013943168695755775,0.015021373080107921,15
2,0.010270455807083951,0.00022960190466649996,0.006398641224375319,0.00897790533302859,52
3,0.0,0.0,0.0,0.0,0
4,0.0,0.0,0.0,0.0,0
