,max,min,avg,median,count
0,0.07305690002943155,0.0108506668655232,0.03372072591764268,0.02391229739160869,7
1,0.01675461733286939,0.0010427923264646696,0.01044642020026945,0.013431685529225457,11
2,0.015531755361628773,0.007493163546413452,0.01122573390632495,0.011409981740238237,11
3,0.0,0.0,0.0,0.0,0
4,0.0,0.0,0.0,0.0,0
