,max,min,avg,median,count
0,0.004134029800242387,0.0004835355977532735,0.002164706483774537,0.0015855336133088305,94
1,0.0016474376381627861,0.0003848603029297193,0.0012848412694183647,0.0014429924033532834,133
2,0.000402192216578849,0.00015415607754205187,0.000283447335623545,0.0002934843974339883,359
3,0.0,0.0,0.0,0.0,0
4,0.0,0.0,0.0,0.0,0
