,max,min,avg,median,count
0,0.005876030268882842,0.0013585321098441426,0.0032904201082049112,0.0029465909126039184,84
1,0.0005664588703472092,0.00020064833997834237,0.00035296128922758784,0.0002971683684275342,196
2,0.0009565607269663266,2.21490848457744e-05,0.000541051679733193,0.0004640198063791062,250
3,0.0,0.0,0.0,0.0,0
4,0.0,0.0,0.0,0.0,0
