,max,min,avg,median,count
0,0.005023876617958623,0.0006353685637201656,0.0025667129795444894,0.002874023605648821,42
1,0.002165850012671287,0.0002971613360795453,0.0014723198040836245,0.001630250824431892,164
2,0.0006278958115101092,3.1902115070311976e-05,0.00040977875420971667,0.0004461796168910526,349
3,0.0,0.0,0.0,0.0,0
4,0.0,0.0,0.0,0.0,0
