,max,min,avg,median,count
0,0.08271301149105859,0.0038500902527886537,0.054077576499795846,0.06487360212766807,4
1,0.017879271158449953,0.004865720267522421,0.0125744538617616,0.016283740602483412,8
2,0.013773289691273357,0.0023583033571437082,0.008956329996731623,0.008453781130960143,14
3,0.0,0.0,0.0,0.0,0
4,0.0,0.0,0.0,0.0,0
