,max,min,avg,median,count
0,0.005053447742386594,0.0009296835524498227,0.0033915409522523284,0.003699593252550889,59
1,0.0021197295755758525,0.0003967700920716992,0.0013280752770410233,0.0013243870157131957,220
2,0.00035559475309470995,1.1688019607554225e-18,0.0002241747747361214,0.00021444588184919627,226
3,0.0,0.0,0.0,0.0,0
4,0.0,0.0,0.0,0.0,0
