,max,min,avg,median,count
0,0.07334071139131114,0.003775242256309207,0.028201311637724113,0.00595696977381968,12
1,0.01794052568102019,0.0007978266704562173,0.007915693186884365,0.006227495086359523,22
2,0.009018684050466406,0.0008385023090010836,0.004350794848829361,0.003183346215325043,78
3,0.05528043792010098,0.04568837504437071,0.050484406482235844,0.050484406482235844,2
4,0.0,0.0,0.0,0.0,0
