,max,min,avg,median,count
0,0.010978340355970955,0.0025546826054206264,0.007903259518886133,0.008518364800689593,22
1,0.001999930038683928,0.00039289747691283514,0.0011727347291988059,0.0010887413483714737,143
2,0.0014161622305089723,0.00013797850711889923,0.0008054021647163082,0.0009205179975563014,418
3,0.16708993155429358,0.02398189506213118,0.09553591330821237,0.09553591330821237,2
4,0.0,0.0,0.0,0.0,0
