,max,min,avg,median,count
0,0.006618886201880852,0.0003269317968824556,0.0040300247659620335,0.005095691914096898,71
1,0.0031908320510999734,0.0012415384532306918,0.0023879107242355396,0.002947972504170284,258
2,0.001366931338187052,2.0636072992880468e-05,0.0006531289076098029,0.0005913915960646047,259
3,0.0,0.0,0.0,0.0,0
4,0.0,0.0,0.0,0.0,0
