,max,min,avg,median,count
0,0.0070695076248102695,0.0029954059817164785,0.005136359169255556,0.005494356514776743,53
1,0.004707814640074046,0.0001762055227084258,0.001889790049164515,0.0008023726713309524,236
2,0.0017385678923952054,2.4432399146205314e-05,0.0008837701027261085,0.0011169262609536667,294
3,0.17560499082744907,0.00541672557148326,0.07606076897351459,0.047160590521611444,3
4,0.0,0.0,0.0,0.0,0
