,max,min,avg,median,count
0,0.006123801472245907,4.652016077491893e-05,0.0038506039160235463,0.0045511634963384465,63
1,0.002220630450708137,0.0006048895392190928,0.0013872522021359972,0.0013319131814123585,245
2,0.0025161765503582097,0.00010897691456051903,0.001199090682287678,0.0006704038021750698,280
3,0.0,0.0,0.0,0.0,0
4,0.0,0.0,0.0,0.0,0
