,max,min,avg,median,count
0,0.002774789475248297,0.0012312833806991067,0.001850474716083564,0.0017827331220981945,104
1,0.0015501142209988852,0.0002593423591441943,0.0007696027309769462,0.0005423843005066635,329
2,0.0013464437585397364,0.000840113929443345,0.0011422917023537977,0.0011729929333375,156
3,0.0,0.0,0.0,0.0,0
4,0.0,0.0,0.0,0.0,0
