,max,min,avg,median,count
0,0.005588786016345552,0.0005700284180389285,0.0034704559544341896,0.002936883357319554,38
1,0.0066829857420399935,0.0030515755341518846,0.004261459485171225,0.003651180515143439,66
2,0.009178862993247648,0.003168371490277519,0.006911199580676125,0.008543374033457679,67
3,0.0,0.0,0.0,0.0,0
4,0.0,0.0,0.0,0.0,0
