,max,min,avg,median,count
0,0.06397378752642391,0.030083883271427744,0.04702883539892583,0.04702883539892583,2
1,0.1510452583398971,0.0006049725599785835,0.0573896619403043,0.052316239824754224,6
2,0.007128071426244823,0.0037415174838578,0.0058402498999634705,0.006787051764090057,42
3,0.0,0.0,0.0,0.0,0
4,0.0,0.0,0.0,0.0,0
