,max,min,avg,median,count
0,0.007271041306904903,0.0006201398693489782,0.0044876325844035985,0.005363980790164716,71
1,0.004426446562386104,0.0009925923640136515,0.0026294090204425835,0.002870277463335871,157
2,0.0018262809106333018,0.0003046523481369779,0.00111124525399028,0.0010431540239124108,349
3,0.02687673868475851,0.0014321463849717277,0.01764216317753964,0.022941938341500386,10
4,0.0,0.0,0.0,0.0,0
