,max,min,avg,median,count
0,0.007893815695624466,0.0007035004086428538,0.004945899366826635,0.0061027450824909,54
1,0.004013178340971559,0.0013091578623700769,0.0027103102450706904,0.002832734398793602,235
2,0.001742380096283956,0.00028776057334050346,0.0007821822917132487,0.0004285686953519647,295
3,0.09077111332473492,0.012889426105827528,0.044553807046134264,0.030000881707840342,3
4,0.0,0.0,0.0,0.0,0
