,max,min,avg,median,count
0,0.00336473116087075,0.0007244360613504677,0.002388504339637459,0.002451761723172027,71
1,0.0019440179870596711,3.850637226496815e-05,0.0008800025649441975,0.0006658164193955024,156
2,0.0010779182531437856,0.0004622818149039241,0.0008346234198179827,0.0009051553753685579,350
3,0.03360063309484648,0.0047244222192066474,0.024869732245865885,0.027264619757868213,10
4,0.0,0.0,0.0,0.0,0
