,max,min,avg,median,count
0,0.05113249870946268,0.0006755306442762877,0.03144650852759973,0.031773711070976735,8
1,0.18020796163310096,0.003818861700044822,0.06328280857898311,0.034560147110295494,5
2,0.009507954226809893,0.003379541440200846,0.006377844238808656,0.005588852633481427,28
3,0.0,0.0,0.0,0.0,0
4,0.0,0.0,0.0,0.0,0
