,max,min,avg,median,count
0,0.02415899737664458,0.02415899737664458,0.02415899737664458,0.02415899737664458,1
1,0.0,0.0,0.0,0.0,0
2,0.0,0.0,0.0,0.0,0
3,0.0,0.0,0.0,0.0,0
4,0.0,0.0,0.0,0.0,0
