,max,min,avg,median,count
0,0.01166231679894523,0.0008784809347744095,0.008416726396089858,0.011430299048863673,14
1,0.005987804755817253,0.001835091860359317,0.0037883250607429232,0.003033466633138665,23
2,0.00571523627597448,7.769934720559884e-05,0.003406810893561803,0.0034859581745066387,75
3,0.06645941789682597,0.0028740098712529446,0.020558491468645322,0.011650420220222849,6
4,0.0,0.0,0.0,0.0,0
