,max,min,avg,median,count
0,0.034716128067124895,0.00038206352216152125,0.022015497747139977,0.02988990310766078,14
1,0.011606547256057436,0.00593317082360696,0.007830703237579098,0.0069448710757151685,20
2,0.003855147766769394,0.0004011742899492778,0.0021138643996264435,0.0017908751962770115,40
3,0.0,0.0,0.0,0.0,0
4,0.0,0.0,0.0,0.0,0
